@caatfeesh рддреБрдЭреНрдпрд╛ рдЖрдИрдЪреА рдЧрд╛ рдЬрдпрдЬрдпрдХрд╛рд░,mr
"RT @uzernamezzzz: @harinarke рдорд▓рд╛ рд╡рд╛рдЯрддрдВ рдЖрдИрдЪреА рдорд░реНрдЬреА рдЖрдгрд┐ рд╕рдорд╛рдЬрд╛рд▓рд╛ рджрд╛рдЦрд╡рдгреНрдпрд╛рд╕рд╛рдареА рдкрдг рд▓реЛрдХрдВ рдЕрд╕рдВ рдХрд╛рд╣реА рдХрд░рддрд╛рдд...

рдЬрд╕рдВ рдХреА рдкреБрд░реЛрдЧрд╛рдореА рдорд╣рд╛рд░рд╛рд╖реНрдЯреНрд░рд╛рдд рдкреНрд░реЗрдорд╡рд┐тАж",mr
"@harinarke рдорд▓рд╛ рд╡рд╛рдЯрддрдВ рдЖрдИрдЪреА рдорд░реНрдЬреА рдЖрдгрд┐ рд╕рдорд╛рдЬрд╛рд▓рд╛ рджрд╛рдЦрд╡рдгреНрдпрд╛рд╕рд╛рдареА рдкрдг рд▓реЛрдХрдВ рдЕрд╕рдВ рдХрд╛рд╣реА рдХрд░рддрд╛рдд...

рдЬрд╕рдВ рдХреА рдкреБрд░реЛрдЧрд╛рдореА рдорд╣рд╛рд░рд╛рд╖реНрдЯреНрд░рд╛рддтАж https://t.co/uQVlmzK70g",mr
"рдордиреНрдирдд рд╕рдореЛрд░ рдпреЗрд╡рдвреНрдпрд╛ рддрд░реБрдгрд╛рдВрдЪреА рдЧрд░реНрджреА рдмрдШреВрди рд╕рдордЬрдд рдХреА рднрд╛рд░рддрд╛рдд #рдмреЗрд░реЛрдЬрдЧрд╛рд░реА рднрдпрд╛рдирдХ рдЖрд╣реЗ.

9 рддреЗ 6 рдСрдлрд┐рд╕ рдХрд░реВрди рдХреЛрдг рдЬрд╛рдИрд▓ рдХрд╛ рджреБрд╕рд░реНтАНрдпрд╛тАж https://t.co/MCEYC9mKDf",mr
@9318Shirish рдХрд╛рд│рдЬреА рдШреНрдпрд╛ рддреБрдореНрд╣реА рдЖрдгрд┐ рдЖрдИрдЪреА рд╣реА,mr
"рдЪрд╛рд░рд┐рддреНрд░реНрдпрд╛рдЪреНрдпрд╛ рд╕рдВрд╢рдпрд╛рд╡рд░реВрди рдкрддреАрдиреЗрдЪ рдХреЗрд▓рд╛ рдкрддреНрдиреАрдЪрд╛ рдЦреВрди

#рдпрд╡рддрдорд╛рд│: рд╕реНрд╡рдд:рдЪреНрдпрд╛ рджреЛрди рд▓рд╣рд╛рди рдореБрд▓рд╛рдВрдиреАрдЪ рдЖрдИрдЪреА рд╣рддреНрдпрд╛ рдХрд░рдгрд╛рд▒реНрдпрд╛ рдмрд╛рдкрд╛рд╡рд┐рд░реЛтАж https://t.co/prDMJUm7UJ",mr
"рдирдпрдирдЪреНрдпрд╛ рдЖрдИрдЪреА рдЯреАрд╡реНрд╣реАрдЪреА рдорд╛рдЧрдгреА рдкреВрд░реНрдг рдХрд░рдгреНрдпрд╛рд╕рд╛рдареА рджрд┐рдкреВ рдмрдХреНрд╖рд┐рд╕рд╛рд╕рд╛рдареА рд╕реНрд╡реАрдХрд╛рд░рдгрд╛рд░ рджрд╛рдВрдбрд┐рдпрд╛рдЪреЗ рдЪреЕрд▓реЗрдВрдЬ ! 
#AnyTimeManoranjan рд╕реЛрдмтАж https://t.co/hkQ5hcCkXa",mr
"RT @navarashtra: рд▓рдп рднрд╛рд░реА -тАШрдпрд╛тАЩ рдирд╡рд░реАрдиреЗ рд▓рдЧреНрди рдХреЗрд▓рдВ рдПрдиреНрдЬреЙрдп, рдЖрдирдВрджрд╛рдиреЗ рджрд┐рд▓рд╛ рд╕рдЧрд│реНрдпрд╛рдВрдирд╛ рдирд┐рд░реЛрдк - рд░рдбрдгрд╛рд▒реНрдпрд╛ рдЖрдИрдЪреА рдШрд╛рддрд▓реА рд╕рдордЬреВрдд
ЁЯСЙ https://t.co/5lwczmX6wMтАж",mr
"рд▓рдп рднрд╛рд░реА -тАШрдпрд╛тАЩ рдирд╡рд░реАрдиреЗ рд▓рдЧреНрди рдХреЗрд▓рдВ рдПрдиреНрдЬреЙрдп, рдЖрдирдВрджрд╛рдиреЗ рджрд┐рд▓рд╛ рд╕рдЧрд│реНрдпрд╛рдВрдирд╛ рдирд┐рд░реЛрдк - рд░рдбрдгрд╛рд▒реНрдпрд╛ рдЖрдИрдЪреА рдШрд╛рддрд▓реА рд╕рдордЬреВрдд
ЁЯСЙтАж https://t.co/SgHNmEdOz5",mr
@50shivajiLad рдХрд╛рд│рдЬреА рдШреЗ рдЖрдИрдЪреА рдЖрдгрд┐ рдкрд░рд┐рд╡рд╛рд░рд╛рдЪреА рдХрд╛рд╣реА рдЧрд░рдЬ рд▓рд╛рдЧрд▓реА рддрд░ рдХрд│рд╡ .,mr
"RT @yogi_9696: рдЕрдЧрджреА рддрд╕рдЪ рд╕рдореАрд░ рд╡рд╛рдирдЦреЗрдбреЗ рдЖрдгрд┐ рддреНрдпрд╛рдВрдЪ рдХреБрдЯреБрдВрдм рджреЗрдЦреАрд▓ рдХрд░рддрд╛рдирд╛ рджрд┐рд╕рдд рдЖрд╣реЗ

рд▓рдЧреНрди рдореБрд╕реНрд▓рд┐рдо рдкрджреНрдзрддреАрдиреЗ рдХрд╛ рдХреЗрд▓ рддрд░ рддреА рдЖрдИрдЪреА рдЗрдЪреНрдЫрд╛ рд╣реЛрддреА.

рдирд┐рдХрд╛рд╣ рдирд╛тАж",mr
"RT @7_ganesh: рд╕рдореАрд░ рд╡рд╛рдирдЦреЗрдбреЗрдВрдЪреА рдПрдмреАрдкреА рдорд╛рдЭрд╛рд▓рд╛ рдорд╛рд╣рд┐рддреА - тАШрд╣реЛ, рдореА рдореБрд╕реНрд▓рд┐рдо рдкрджреНрдзрддреАрдирдВ рд▓рдЧреНрди рдХреЗрд▓рдВ рдХрд╛рд░рдг рдорд╛рдЭреНрдпрд╛ рдЖрдИрдЪреА рддрд╢реА рдЗрдЪреНрдЫрд╛ рд╣реЛрддрд╛реАрдорд╛рдЭреА рдЖрдИ рдЬрдиреНрдорд╛рдирдВ рдореБтАж",mr
"рдорд┐рд▓реЙрд░реНрдб...
рджрд┐рд╡рд╕рднрд░ рдШрд░реА рдЖрдгрд┐ рд░рд╛рддреНрд░реА рдЭреЛрдкрд╛рдпрд▓рд╛ рдХреЛрдардбреАрдд рдЕрд╕рд╛ рдЬрд╛рдореАрди рджреЗрддрд╛ рдЖрд▓рд╛ рддрд░ рдмрдШрд╛... рд╕рдХрд╛рд│реА рдШрд░реА рдЬрд╛рдКрди рд╢реА рдХрд░реЗрд▓, рдЖрдИрдЪреА рдЦреАрд░ рдкрдг рдЦрд╛тАж https://t.co/rrCaVIyxB7",mr
"RT @7_ganesh: рд╕рдореАрд░ рд╡рд╛рдирдЦреЗрдбреЗрдВрдЪреА рдПрдмреАрдкреА рдорд╛рдЭрд╛рд▓рд╛ рдорд╛рд╣рд┐рддреА - тАШрд╣реЛ, рдореА рдореБрд╕реНрд▓рд┐рдо рдкрджреНрдзрддреАрдирдВ рд▓рдЧреНрди рдХреЗрд▓рдВ рдХрд╛рд░рдг рдорд╛рдЭреНрдпрд╛ рдЖрдИрдЪреА рддрд╢реА рдЗрдЪреНрдЫрд╛ рд╣реЛрддрд╛реАрдорд╛рдЭреА рдЖрдИ рдЬрдиреНрдорд╛рдирдВ рдореБтАж",mr
RT @AmartyaR01: @JainDenesh @Chav0_ рднрд╛рдЬрдк рдЪреНрдпрд╛ рдЖрдИрдЪреА рдЧрд╛рдВрдб рдорд▓рд╛ рдХрд╛рд╣реА рджреЗрдгрдВ рдШреЗрдгрдВ рдирд╛рд╣реА рдкрдг рдпрд╛ рдЖрджрд┐рддреНрдп рд▓рд╛ рд╕рд╛рдВрдЧрд╛ рдорд╛рдЭрдВ рдереЛрдбрдВ рд╣реА рд╡рд╛рдХрдб рдХрд░реВрди рджрд╛рдЦрд╡ рдореНрд╣рдгрд╛,mr
"рдЖрдЬ рд╡рд╕рдИрдЪрд╛ рддрд╣ рддреЗ резреорезрео рд▓рдврд╛рдИ рдЪрд╛ рдкреВрд░реНрдг рдЗрддрд┐рд╣рд╛рд╕ рдРрдХрд▓рд╛ рд╕реНрдкреЗрд╕ рд╕рд╛рдзрд╛рд░рдг рем.резрел рддреЗ резреж.рекрел рдЪрд╛рд▓рд▓реА ЁЯШЗЁЯШЗЁЯШЗ 
Thank you @chandupatil25  for vтАж https://t.co/w1FwXQ0sd8",mr
@deepakbhatuse @nawabmalikncp рдорд╛рдЭреНрдпрд╛ рдорд┐рддреНрд░рд╛рдЪреЗ рдирд╛рд╡ рд╣реБрд╕реЗрди рднреБрд░рд╛рдЬреА рдЧрдгрд╡реАрд░ рдЖрд╣реЗред рд╡рд┐рдЪрд╛рд░рд▓реЗ рдЕрд╕рддрд╛ рддреНрдпрд╛рдиреЗ рд╕рд╛рдВрдЧрд┐рддрд▓реЗ рдЖрдИрдЪреА рдореБрд▓рдВ рд╡рд╛тАж https://t.co/NNJ5Db29WU,mr
"'рдЖрдИрдЪреА рдЗрдЪреНрдЫрд╛ рд╣реЛрддреА рдореНрд╣рдгреВрди рдореА'...
 https://t.co/PDIY2iJg9r",mr
"рдЕрдЧрджреА рддрд╕рдЪ рд╕рдореАрд░ рд╡рд╛рдирдЦреЗрдбреЗ рдЖрдгрд┐ рддреНрдпрд╛рдВрдЪ рдХреБрдЯреБрдВрдм рджреЗрдЦреАрд▓ рдХрд░рддрд╛рдирд╛ рджрд┐рд╕рдд рдЖрд╣реЗ

рд▓рдЧреНрди рдореБрд╕реНрд▓рд┐рдо рдкрджреНрдзрддреАрдиреЗ рдХрд╛ рдХреЗрд▓ рддрд░ рддреА рдЖрдИрдЪреА рдЗрдЪреНрдЫрд╛ рд╣реЛрддреА.тАж https://t.co/SmA5NzGcu0",mr
RT @AmartyaR01: @JainDenesh @Chav0_ рднрд╛рдЬрдк рдЪреНрдпрд╛ рдЖрдИрдЪреА рдЧрд╛рдВрдб рдорд▓рд╛ рдХрд╛рд╣реА рджреЗрдгрдВ рдШреЗрдгрдВ рдирд╛рд╣реА рдкрдг рдпрд╛ рдЖрджрд┐рддреНрдп рд▓рд╛ рд╕рд╛рдВрдЧрд╛ рдорд╛рдЭрдВ рдереЛрдбрдВ рд╣реА рд╡рд╛рдХрдб рдХрд░реВрди рджрд╛рдЦрд╡ рдореНрд╣рдгрд╛,mr
RT @AmartyaR01: @JainDenesh @Chav0_ рднрд╛рдЬрдк рдЪреНрдпрд╛ рдЖрдИрдЪреА рдЧрд╛рдВрдб рдорд▓рд╛ рдХрд╛рд╣реА рджреЗрдгрдВ рдШреЗрдгрдВ рдирд╛рд╣реА рдкрдг рдпрд╛ рдЖрджрд┐рддреНрдп рд▓рд╛ рд╕рд╛рдВрдЧрд╛ рдорд╛рдЭрдВ рдереЛрдбрдВ рд╣реА рд╡рд╛рдХрдб рдХрд░реВрди рджрд╛рдЦрд╡ рдореНрд╣рдгрд╛,mr
@JainDenesh @Chav0_ рднрд╛рдЬрдк рдЪреНрдпрд╛ рдЖрдИрдЪреА рдЧрд╛рдВрдб рдорд▓рд╛ рдХрд╛рд╣реА рджреЗрдгрдВ рдШреЗрдгрдВ рдирд╛рд╣реА рдкрдг рдпрд╛ рдЖрджрд┐рддреНрдп рд▓рд╛ рд╕рд╛рдВрдЧрд╛ рдорд╛рдЭрдВ рдереЛрдбрдВ рд╣реА рд╡рд╛рдХрдб рдХрд░реВрди рджрд╛рдЦрд╡ рдореНрд╣рдгрд╛,mr
"RT @SarkarnamaNews: рд╕рдореАрд░ рд╡рд╛рдирдЦреЗрдбреЗ рдореНрд╣рдгрддрд╛рдд, рддреА рддрд░ рдЖрдИрдЪреА рдЗрдЪреНрдЫрд╛! 

#SameerDawoodWakhende #NawabMalik #DrugCase #Sarkarnama 
@nawabmalikncp 

httтАж",mr
"""рдореА рдЖрдЬрд╣реА рд╣рд┐рдВрджреВрдЪ, рдЖрдИрдЪреА рдЗрдЪреНрдЫрд╛ рд╣реЛрддреА рдореНрд╣рдгреВрди рдореА..."" -https://t.co/DU7y8iUoDJ
#рдо #SameerWakhede",mr
"рд╕рдореАрд░ рд╡рд╛рдирдЦреЗрдбреЗ рдореНрд╣рдгрддрд╛рдд, рддреА рддрд░ рдЖрдИрдЪреА рдЗрдЪреНрдЫрд╛! 

#SameerDawoodWakhende #NawabMalik #DrugCase #Sarkarnama 
@nawabmalikncp 

https://t.co/P1Y2XOG1mG",mr
"RT @7_ganesh: рд╕рдореАрд░ рд╡рд╛рдирдЦреЗрдбреЗрдВрдЪреА рдПрдмреАрдкреА рдорд╛рдЭрд╛рд▓рд╛ рдорд╛рд╣рд┐рддреА - тАШрд╣реЛ, рдореА рдореБрд╕реНрд▓рд┐рдо рдкрджреНрдзрддреАрдирдВ рд▓рдЧреНрди рдХреЗрд▓рдВ рдХрд╛рд░рдг рдорд╛рдЭреНрдпрд╛ рдЖрдИрдЪреА рддрд╢реА рдЗрдЪреНрдЫрд╛ рд╣реЛрддрд╛реАрдорд╛рдЭреА рдЖрдИ рдЬрдиреНрдорд╛рдирдВ рдореБтАж",mr
"RT @7_ganesh: рд╕рдореАрд░ рд╡рд╛рдирдЦреЗрдбреЗрдВрдЪреА рдПрдмреАрдкреА рдорд╛рдЭрд╛рд▓рд╛ рдорд╛рд╣рд┐рддреА - тАШрд╣реЛ, рдореА рдореБрд╕реНрд▓рд┐рдо рдкрджреНрдзрддреАрдирдВ рд▓рдЧреНрди рдХреЗрд▓рдВ рдХрд╛рд░рдг рдорд╛рдЭреНрдпрд╛ рдЖрдИрдЪреА рддрд╢реА рдЗрдЪреНрдЫрд╛ рд╣реЛрддрд╛реАрдорд╛рдЭреА рдЖрдИ рдЬрдиреНрдорд╛рдирдВ рдореБтАж",mr
"RT @7_ganesh: рд╕рдореАрд░ рд╡рд╛рдирдЦреЗрдбреЗрдВрдЪреА рдПрдмреАрдкреА рдорд╛рдЭрд╛рд▓рд╛ рдорд╛рд╣рд┐рддреА - тАШрд╣реЛ, рдореА рдореБрд╕реНрд▓рд┐рдо рдкрджреНрдзрддреАрдирдВ рд▓рдЧреНрди рдХреЗрд▓рдВ рдХрд╛рд░рдг рдорд╛рдЭреНрдпрд╛ рдЖрдИрдЪреА рддрд╢реА рдЗрдЪреНрдЫрд╛ рд╣реЛрддрд╛реАрдорд╛рдЭреА рдЖрдИ рдЬрдиреНрдорд╛рдирдВ рдореБтАж",mr
"RT @7_ganesh: рд╕рдореАрд░ рд╡рд╛рдирдЦреЗрдбреЗрдВрдЪреА рдПрдмреАрдкреА рдорд╛рдЭрд╛рд▓рд╛ рдорд╛рд╣рд┐рддреА - тАШрд╣реЛ, рдореА рдореБрд╕реНрд▓рд┐рдо рдкрджреНрдзрддреАрдирдВ рд▓рдЧреНрди рдХреЗрд▓рдВ рдХрд╛рд░рдг рдорд╛рдЭреНрдпрд╛ рдЖрдИрдЪреА рддрд╢реА рдЗрдЪреНрдЫрд╛ рд╣реЛрддрд╛реАрдорд╛рдЭреА рдЖрдИ рдЬрдиреНрдорд╛рдирдВ рдореБтАж",mr
"RT @7_ganesh: рд╕рдореАрд░ рд╡рд╛рдирдЦреЗрдбреЗрдВрдЪреА рдПрдмреАрдкреА рдорд╛рдЭрд╛рд▓рд╛ рдорд╛рд╣рд┐рддреА - тАШрд╣реЛ, рдореА рдореБрд╕реНрд▓рд┐рдо рдкрджреНрдзрддреАрдирдВ рд▓рдЧреНрди рдХреЗрд▓рдВ рдХрд╛рд░рдг рдорд╛рдЭреНрдпрд╛ рдЖрдИрдЪреА рддрд╢реА рдЗрдЪреНрдЫрд╛ рд╣реЛрддрд╛реАрдорд╛рдЭреА рдЖрдИ рдЬрдиреНрдорд╛рдирдВ рдореБтАж",mr
"рд╕рдореАрд░ рд╡рд╛рдирдЦреЗрдбреЗрдВрдЪреА рдПрдмреАрдкреА рдорд╛рдЭрд╛рд▓рд╛ рдорд╛рд╣рд┐рддреА - тАШрд╣реЛ, рдореА рдореБрд╕реНрд▓рд┐рдо рдкрджреНрдзрддреАрдирдВ рд▓рдЧреНрди рдХреЗрд▓рдВ рдХрд╛рд░рдг рдорд╛рдЭреНрдпрд╛ рдЖрдИрдЪреА рддрд╢реА рдЗрдЪреНрдЫрд╛ рд╣реЛрддрд╛реАрдорд╛рдЭреА рдЖрдИ рдЬтАж https://t.co/RY88qox39c",mr
"рд╕рдореАрд░ рд╡рд┐рд╡рд╛рд╣реАрдд рдЖрд╣реЗ рд╣реЗ рдорд╛рд╣рд┐рддреА рдЕрд╕реБрди рд╣реА рддреНрдпрд╛рдЪрд╛ резреж рд╡рд░реНрд╖рд╛рдЪрд╛ рд╕реБрдЦреА рд╕рдВрд╕рд╛рд░ рдореЛрдбрд╛рдпрд▓рд╛ рд▓рд╛рд╡рд▓рд╛ рдЖрдгрд┐ рдЖрддреНрддрд╛ рдкреЛрдкрдЯрд╛ рд╕рд╛рд░рдЦреА рдмреЛрд▓рдд рдЖрд╣реЗ , рдХрдореАрддтАж https://t.co/SEazYU84UX",mr
"RT @ChalchitraComp: рдореА рдореИрдерд┐рд▓реА,
рд╣реА рдЯреНрд░реАрдк рдлрдХреНрдд рдорд╛рдЭреА рдЖрдгрд┐ рдЖрдИрдЪреА рдЖрд╣реЗ!
Challenging рдЖрд╣реЗ, рдкрдг рдареАрдХ рдЖрд╣реЗ..

рдПрдХ Adventure рдореНрд╣рдгреВрди рд╣реЗ рдкрдг рдХрд░реВрди рдмрдШреВрдпрд╛..

резрептАж",mr
"рдЧреЛрд╖реНрдЯ рдирдЧрд░рдЪреНрдпрд╛ рд╢реЗрддрдХрд░реА рдЖрдИрдЪреА ЁЯСН

рдЖрдЬ рдкрд╣рд╛рдЯреЗрдЪ рдХреЛрдердВрдмреАрд░ рдШреЗрдКрди рдорд╛рд░реНрдХреЗрдЯ рдпрд╛рд░реНрдбрдордзреНрдпреЗ рдЧреЗрд▓реЛ рд╣реЛрддреЛ. рддрд┐рдереЗ рдЧреЗрд▓реЛ рдЖрдгрд┐ рдХреЛрдерд┐рдВрдмреАрд░ рд╕реЛрдбрд▓реА рддрд░тАж https://t.co/Klyu5Mxqk6",mr
RT @VikasDe90360343: рдЪрд╛рд░ рдШрд░реА рдХрд╛рдореЗ рдХрд░реВрди рдореБрд▓рд╛рдВрдЪреЗ рдЖрдгреА рд╕реНрд╡рддрдГрдЪреЗ рдкреЛрдЯ рднрд░рд╛рд╡реЗ рд▓рд╛рдЧрд▓реЗ рд╡рдпрд╛рдЪреНрдпрд╛ 13 рд╡рд░реНрд╖рд╛рдкрд╛рд╕реБрди рдЖрдИрдЪреА рдЪрд╛рд▓рд▓реЗрд▓реА рдкрд░рд╡рдб рдореЛрдард╛ рдореБрд▓рдЧрд╛ рдореНрд╣рдгреВрди рд╡рд┐рдирд┐рддтАж,mr
рдЖрддрд╛ рд╣реА рдЕрдлрд╡рд╛ рдХреБрдиреА рдкрд╕рд░рд╡рд▓реА рдХреА рдЖрдлреНрд░рд┐рджреА рдЪреНрдпрд╛ рдЖрдИ рд╡рд┐рд╕рд░реВрди рдЖрддрд╛ рд▓реЛрдХ рдирд╡рд╛рдм рдЪреНрдпрд╛ рдЖрдИрдЪреА рдЖрдард╡рдг рдХрд╛рдврдд рдЖрд╣реЗрдд,mr
RT @VikasDe90360343: рдЪрд╛рд░ рдШрд░реА рдХрд╛рдореЗ рдХрд░реВрди рдореБрд▓рд╛рдВрдЪреЗ рдЖрдгреА рд╕реНрд╡рддрдГрдЪреЗ рдкреЛрдЯ рднрд░рд╛рд╡реЗ рд▓рд╛рдЧрд▓реЗ рд╡рдпрд╛рдЪреНрдпрд╛ 13 рд╡рд░реНрд╖рд╛рдкрд╛рд╕реБрди рдЖрдИрдЪреА рдЪрд╛рд▓рд▓реЗрд▓реА рдкрд░рд╡рдб рдореЛрдард╛ рдореБрд▓рдЧрд╛ рдореНрд╣рдгреВрди рд╡рд┐рдирд┐рддтАж,mr
RT @VikasDe90360343: рдЪрд╛рд░ рдШрд░реА рдХрд╛рдореЗ рдХрд░реВрди рдореБрд▓рд╛рдВрдЪреЗ рдЖрдгреА рд╕реНрд╡рддрдГрдЪреЗ рдкреЛрдЯ рднрд░рд╛рд╡реЗ рд▓рд╛рдЧрд▓реЗ рд╡рдпрд╛рдЪреНрдпрд╛ 13 рд╡рд░реНрд╖рд╛рдкрд╛рд╕реБрди рдЖрдИрдЪреА рдЪрд╛рд▓рд▓реЗрд▓реА рдкрд░рд╡рдб рдореЛрдард╛ рдореБрд▓рдЧрд╛ рдореНрд╣рдгреВрди рд╡рд┐рдирд┐рддтАж,mr
"RT @Sankalp07388421: рдЖрдИрдЪреА рдЬрдп, рдЖрддрд╛ рдХрд╝рд╛рдп рдЦрд░рдВ рдирд╛рд╣реА рднрд╛рдЬрдкрдЪреЗ  ЁЯСЗЁЯП╣ЁЯТетЪТя╕ПтЪФя╕ПЁЯЧбя╕П",mr
"@ChitraKWagh рд╕рджрд░ рдкреНрд░рдХрд░рдгрд╛рдд рдпреЛрдЧреНрдп рддреА рдЪреМрдХрд╢реА рдХрд░рдгреНрдпрд╛рдд рдпрд╛рд╡реА, рдордпрдд рдореБрд▓реАрдЪреНрдпрд╛ рдЖрдИрдЪреА рдорд╛рдЧрдгреА https://t.co/vFCJkNhrvP",mr
"RT @Sankalp07388421: рдЖрдИрдЪреА рдЬрдп, рдЖрддрд╛ рдХрд╝рд╛рдп рдЦрд░рдВ рдирд╛рд╣реА рднрд╛рдЬрдкрдЪреЗ  ЁЯСЗЁЯП╣ЁЯТетЪТя╕ПтЪФя╕ПЁЯЧбя╕П",mr
@KusurkarNarayan рджрд╛рджрд╛! рдЖрдЬ рдкрд╣рд┐рд▓реНрдпрд╛рдВрджрд╛ рдЕрд╕реЗ рдЭрд╛рд▓реЗ рдЖрд╣реЗ рдХрд┐ рдЦреБрдк рд▓рд┐рд╣рд╛рдпрдЪреЗ рдЖрд╣реЗ рдкрдг рд╢рдмреНрдж рд╕реБрдЪрдд рдирд╛рд╣реАрдпреЗрдд. рдмрд╣реБрддреЗрдХ рдЖрдкрд▓реНрдпрд╛рдкреИрдХреА рд╕рдЧтАж https://t.co/SoTWvxxDKQ,mr
"рдЖрдИрдЪреА рдЬрдп, рдЖрддрд╛ рдХрд╝рд╛рдп рдЦрд░рдВ рдирд╛рд╣реА рднрд╛рдЬрдкрдЪреЗ  ЁЯСЗЁЯП╣ЁЯТетЪТя╕ПтЪФя╕ПЁЯЧбя╕П https://t.co/trhmYBGPTu",mr
RT @VikasDe90360343: рдЪрд╛рд░ рдШрд░реА рдХрд╛рдореЗ рдХрд░реВрди рдореБрд▓рд╛рдВрдЪреЗ рдЖрдгреА рд╕реНрд╡рддрдГрдЪреЗ рдкреЛрдЯ рднрд░рд╛рд╡реЗ рд▓рд╛рдЧрд▓реЗ рд╡рдпрд╛рдЪреНрдпрд╛ 13 рд╡рд░реНрд╖рд╛рдкрд╛рд╕реБрди рдЖрдИрдЪреА рдЪрд╛рд▓рд▓реЗрд▓реА рдкрд░рд╡рдб рдореЛрдард╛ рдореБрд▓рдЧрд╛ рдореНрд╣рдгреВрди рд╡рд┐рдирд┐рддтАж,mr
RT @VikasDe90360343: рдЪрд╛рд░ рдШрд░реА рдХрд╛рдореЗ рдХрд░реВрди рдореБрд▓рд╛рдВрдЪреЗ рдЖрдгреА рд╕реНрд╡рддрдГрдЪреЗ рдкреЛрдЯ рднрд░рд╛рд╡реЗ рд▓рд╛рдЧрд▓реЗ рд╡рдпрд╛рдЪреНрдпрд╛ 13 рд╡рд░реНрд╖рд╛рдкрд╛рд╕реБрди рдЖрдИрдЪреА рдЪрд╛рд▓рд▓реЗрд▓реА рдкрд░рд╡рдб рдореЛрдард╛ рдореБрд▓рдЧрд╛ рдореНрд╣рдгреВрди рд╡рд┐рдирд┐рддтАж,mr
рдЪрд╛рд░ рдШрд░реА рдХрд╛рдореЗ рдХрд░реВрди рдореБрд▓рд╛рдВрдЪреЗ рдЖрдгреА рд╕реНрд╡рддрдГрдЪреЗ рдкреЛрдЯ рднрд░рд╛рд╡реЗ рд▓рд╛рдЧрд▓реЗ рд╡рдпрд╛рдЪреНрдпрд╛ 13 рд╡рд░реНрд╖рд╛рдкрд╛рд╕реБрди рдЖрдИрдЪреА рдЪрд╛рд▓рд▓реЗрд▓реА рдкрд░рд╡рдб рдореЛрдард╛ рдореБрд▓рдЧрд╛ рдореНрд╣рдгреВрди рд╡рд┐тАж https://t.co/16eDLFiHCG,mr
"RT @zee24taasnews: рдкреНрд░рднрд╛рдХрд░ рд╕рд╛рдИрд▓рдЪреНрдпрд╛ рдЖрдИрдЪреА EXCLUSIVE рдореБрд▓рд╛рдЦрдд 

#Zee24taas #KiranGosavi #SameerWakhende #NawabMalik #PrabhakarSail #AryanKhan #тАж",mr
"RT @ChalchitraComp: рдореА рдореИрдерд┐рд▓реА,
рд╣реА рдЯреНрд░реАрдк рдлрдХреНрдд рдорд╛рдЭреА рдЖрдгрд┐ рдЖрдИрдЪреА рдЖрд╣реЗ!
Challenging рдЖрд╣реЗ, рдкрдг рдареАрдХ рдЖрд╣реЗ..

рдПрдХ Adventure рдореНрд╣рдгреВрди рд╣реЗ рдкрдг рдХрд░реВрди рдмрдШреВрдпрд╛..

резрептАж",mr
"RT @zee24taasnews: рдкреНрд░рднрд╛рдХрд░ рд╕рд╛рдИрд▓рдЪреНрдпрд╛ рдЖрдИрдЪреА EXCLUSIVE рдореБрд▓рд╛рдЦрдд 

#Zee24taas #KiranGosavi #SameerWakhende #NawabMalik #PrabhakarSail #AryanKhan #тАж",mr
"рдкреНрд░рднрд╛рдХрд░ рд╕рд╛рдИрд▓рдЪреНрдпрд╛ рдЖрдИрдЪреА EXCLUSIVE рдореБрд▓рд╛рдЦрдд 

#Zee24taas #KiranGosavi #SameerWakhende #NawabMalik #PrabhakarSailтАж https://t.co/c6hRrh2pzi",mr
"RT @ChalchitraComp: рдореА рдореИрдерд┐рд▓реА,
рд╣реА рдЯреНрд░реАрдк рдлрдХреНрдд рдорд╛рдЭреА рдЖрдгрд┐ рдЖрдИрдЪреА рдЖрд╣реЗ!
Challenging рдЖрд╣реЗ, рдкрдг рдареАрдХ рдЖрд╣реЗ..

рдПрдХ Adventure рдореНрд╣рдгреВрди рд╣реЗ рдкрдг рдХрд░реВрди рдмрдШреВрдпрд╛..

резрептАж",mr
"RT @ChalchitraComp: рдореА рдореИрдерд┐рд▓реА,
рд╣реА рдЯреНрд░реАрдк рдлрдХреНрдд рдорд╛рдЭреА рдЖрдгрд┐ рдЖрдИрдЪреА рдЖрд╣реЗ!
Challenging рдЖрд╣реЗ, рдкрдг рдареАрдХ рдЖрд╣реЗ..

рдПрдХ Adventure рдореНрд╣рдгреВрди рд╣реЗ рдкрдг рдХрд░реВрди рдмрдШреВрдпрд╛..

резрептАж",mr
"RT @ChalchitraComp: рдореА рдореИрдерд┐рд▓реА,
рд╣реА рдЯреНрд░реАрдк рдлрдХреНрдд рдорд╛рдЭреА рдЖрдгрд┐ рдЖрдИрдЪреА рдЖрд╣реЗ!
Challenging рдЖрд╣реЗ, рдкрдг рдареАрдХ рдЖрд╣реЗ..

рдПрдХ Adventure рдореНрд╣рдгреВрди рд╣реЗ рдкрдг рдХрд░реВрди рдмрдШреВрдпрд╛..

резрептАж",mr
@ns1_umakant @Pankajamunde рдмреАрдб рдЬрд┐рд▓реНрд╣рд╛ рдкрд░рд┐рд╖рджреЗрдЪреЗ рдЕрдзреНрдпрдХреНрд╖ рдкрдж рдЦреБрд▓реНрдпрд╛ рд╡рд░реНрдЧрд╛рддреАрд▓ рдорд╣реАрд▓реЗрд╕рд╛рдареА рд░рд╛рдЦреАрд╡ рдЕрд╕рддрд╛рдВрдирд╛ рдорд░рд╛рдард╛ рд╕реНрддреНрд░реА рд▓рд╛ рдктАж https://t.co/iYm3E2LjFJ,mr
@nawabmalikncp рдирд╡рд╛рдм рдорд▓рд┐рдХ рддреБрдЭреНрдпрд╛ рдЖрдИрдЪреА .........,mr
"RT @ChalchitraComp: рдореА рдореИрдерд┐рд▓реА,
рд╣реА рдЯреНрд░реАрдк рдлрдХреНрдд рдорд╛рдЭреА рдЖрдгрд┐ рдЖрдИрдЪреА рдЖрд╣реЗ!
Challenging рдЖрд╣реЗ, рдкрдг рдареАрдХ рдЖрд╣реЗ..

рдПрдХ Adventure рдореНрд╣рдгреВрди рд╣реЗ рдкрдг рдХрд░реВрди рдмрдШреВрдпрд╛..

резрептАж",mr
@SonuSood рддреБрдЭреНрдпрд╛ рдЖрдИрдЪреА рдЧрд╛рди рд▓рд╡рдбреНрдпрд╛ЁЯЦХ,mr
"RT @ChalchitraComp: рдореА рдореИрдерд┐рд▓реА,
рд╣реА рдЯреНрд░реАрдк рдлрдХреНрдд рдорд╛рдЭреА рдЖрдгрд┐ рдЖрдИрдЪреА рдЖрд╣реЗ!
Challenging рдЖрд╣реЗ, рдкрдг рдареАрдХ рдЖрд╣реЗ..

рдПрдХ Adventure рдореНрд╣рдгреВрди рд╣реЗ рдкрдг рдХрд░реВрди рдмрдШреВрдпрд╛..

резрептАж",mr
рдЖрдЬ рдкрд╛рд╕реВрди рджреЛрдиреНрд╣реА рдЖрдлреНрд░рд┐рджреА рдЪреНрдпрд╛ рдЖрдИрдЪреА g##d,mr
"рдореА рдореИрдерд┐рд▓реА,
рд╣реА рдЯреНрд░реАрдк рдлрдХреНрдд рдорд╛рдЭреА рдЖрдгрд┐ рдЖрдИрдЪреА рдЖрд╣реЗ!
Challenging рдЖрд╣реЗ, рдкрдг рдареАрдХ рдЖрд╣реЗ..

рдПрдХ Adventure рдореНрд╣рдгреВрди рд╣реЗ рдкрдг рдХрд░реВрди рдмрдШреВрдпрд╛..тАж https://t.co/0lmTZhpssk",mr
@PratikKatkar17 @mybmc рддреНрдпрд╛ рдлрдбрдгрд╡реАрд╕ рдЪреНрдпрд╛ рдЖрдИрдЪреА**,mr
"RT @TV9Marathi: Video | Mumbai | рдкреНрд░рднрд╛рдХрд░ рд╕рд╛рдИрд▓ 4 рдорд╣рд┐рдиреНрдпрд╛рдВрдкрд╛рд╕реВрди рд╕рдВрдкрд░реНрдХрд╛рдд рдирд╛рд╣реА, рдкреНрд░рднрд╛рдХрд░рдЪреНрдпрд╛ рдЖрдИрдЪреА рдкреНрд░рддрд┐рдХреНрд░рд┐рдпрд╛ 
#Maharashtra #PrabhakarSail #BJPтАж",mr
"RT @TV9Marathi: Video | Mumbai | рдкреНрд░рднрд╛рдХрд░ рд╕рд╛рдИрд▓ 4 рдорд╣рд┐рдиреНрдпрд╛рдВрдкрд╛рд╕реВрди рд╕рдВрдкрд░реНрдХрд╛рдд рдирд╛рд╣реА, рдкреНрд░рднрд╛рдХрд░рдЪреНрдпрд╛ рдЖрдИрдЪреА рдкреНрд░рддрд┐рдХреНрд░рд┐рдпрд╛ 
#Maharashtra #PrabhakarSail #BJPтАж",mr
@OfficeOfNG @nitin_gadkari рдмрд╕ рдереЛрдбреЗ рд╕рдореЛрд░ рдпрд╛ рд╕рд╛рд╣реЗрдм рдЕрдорд░рд╛рд╡рддреА рдпрд╡рддрдорд╛рд│ рдкреНрд░рд╡рд╛рд╕ рдХрд░рд╛ рдиреЗрд░ рдорд╛рд░реНрдЧреЗ..рдЖрдИрдЪреА рд╢рдкрде рд╕рд╛рдВрдЧрддреЛ рдпрд╛ рднрд╛рдЧрд╛рддреАрд▓ рдЖтАж https://t.co/OrbBtAcPhr,mr
"Video | Mumbai | рдкреНрд░рднрд╛рдХрд░ рд╕рд╛рдИрд▓ 4 рдорд╣рд┐рдиреНрдпрд╛рдВрдкрд╛рд╕реВрди рд╕рдВрдкрд░реНрдХрд╛рдд рдирд╛рд╣реА, рдкреНрд░рднрд╛рдХрд░рдЪреНрдпрд╛ рдЖрдИрдЪреА рдкреНрд░рддрд┐рдХреНрд░рд┐рдпрд╛ 
#MaharashtraтАж https://t.co/qrkPlZUH7y",mr
@ChintuTheJefe рдЫреЛрдЯрд╛ рдЖрдлреНрд░рд┐рджреА рдЪрд╛ рдЖрдИрдЪреА ЁЯШСЁЯШдЁЯШд#%%%#%,mr
"India Lost ЁЯШн
Man U Lost ЁЯШн
Monday started ЁЯШн

рддрд╛рд░рд┐рдкрдг рдЖрдлреНрд░рд┐рджреА рдЪрдпрд╛ рдЖрдИрдЪреА рдЧрд╛рдВрдб
#INDvPAK#INDvPAK",und
RT @UtdTanay: рддрд░реА рдкрдг рдЕрдлреНрд░рд┐рджреАрдЪреНрдпрд╛ рдЖрдИрдЪреА......,mr
"@iShaheenAfridi , @SAfridiOfficial  

рддреБрдордЪреНрдпрд╛ рджреЛрдШрд╛рдВрдкреИрдХреА рдХреЛрдгрд╛рдЪреНрдпрд╛ рдЖрдИрдЪреА рдЖрдард╡рдг рдХрд╛рдвреВ рдореА рдЖрдЬ ?",mr
рддрд░реА рдкрдг рдЕрдлреНрд░рд┐рджреАрдЪреНрдпрд╛ рдЖрдИрдЪреА......,mr
"рд╣рд╛рдВ рдареАрдХ рд╣реИ..
рдпреЗ рддреЛ рдЧреЗрдо рд╣реИ..
рдЖрдЬ рд╣рдо рддреЛ рдХрд▓ рдХреЛрдИ рдФрд░ рдЬрд┐рддреЗрдЧрд╛ рд╣реА..
рддрд░реА рд╣реА #рдЖрдлрд░рд┐рджреА рдЪреНрдпрд╛ рдЖрдИрдЪреА рдЖрдард╡рдг рдЖрд▓реАрдЪ..
#INDvPAK",hi
RT @SamudriDaku: рдЖрдИрдЪреА рдЧрд╛рдВрдб рддреНрдпрд╛ рд╣рд╛рд░реНрджрд┐рдХ рдкрд╛рдВрдбреНрдпрд╛рдЪреНрдпрд╛.,mr
RT @SamudriDaku: рдЖрдИрдЪреА рдЧрд╛рдВрдб рддреНрдпрд╛ рд╣рд╛рд░реНрджрд┐рдХ рдкрд╛рдВрдбреНрдпрд╛рдЪреНрдпрд╛.,mr
@SamudriDaku рд╡рд┐рд░рд╛рдЯ рдХреЛрд╣рд▓реА рдЪреНрдпрд╛ рдЖрдИрдЪреА рдЧрд╛рдВрдж рдХрд╛ рдирд╛рд╣реА??,mr
RT @SamudriDaku: рдЖрдИрдЪреА рдЧрд╛рдВрдб рддреНрдпрд╛ рд╣рд╛рд░реНрджрд┐рдХ рдкрд╛рдВрдбреНрдпрд╛рдЪреНрдпрд╛.,mr
"рджреЛ рджрд┐рд▓ рдПрдХ рдЬрд╛рди рдкрд╛рдХрд┐рд╕реНрддрд╛рдирдЪреНрдпрд╛ рдЖрдИрдЪреА 
рдЧрд╛рдВрдб.
#PAKvIND #PakVsInd",mr
рдЖрдИрдЪреА рдЧрд╛рдВрдб рддреНрдпрд╛ рд╣рд╛рд░реНрджрд┐рдХ рдкрд╛рдВрдбреНрдпрд╛рдЪреНрдпрд╛.,mr
@MiLOKMAT рддрд░реАрдкрдг рдЖрдлреНрд░рд┐рджреАрдЪреНрдпрд╛ рдЖрдИрдЪреА рдЧрд╛рдВрдб тЬМя╕П,mr
@ICC @SAfridiOfficial @iShaheenAfridi @T20WorldCup @TheRealPCB рдЖрдлреНрд░рд┐рджреА рдЪреНрдпрд╛ рдЖрдИрдЪреА рдЧрд╛рдВрдб,mr
RT @low_da_lehsun: @pra_tea_k рдЖрдлреНрд░рд┐рджреА рдЪреНрдпрд╛ рдЖрдИрдЪреА рдкреБрдЪреНрдЪреА  #INDvPAK,mr
@pra_tea_k рдЖрдлреНрд░рд┐рджреА рдЪреНрдпрд╛ рдЖрдИрдЪреА рдкреБрдЪреНрдЪреА  #INDvPAK,mr
рдЕрдлреНрд░рд┐рджреА рддреБрдЭреНрдпрд╛ рдЖрдИрдЪреА .....,mr
@thakkar_sameet рдЖрдлреНрд░рд┐рджреАрдЪреНрдпрд╛ рдЖрдИрдЪреА рдЖрдард╡рдг рдЖрддрд╛ рдкрд╛рдХрд┐рд╕реНрддрд╛рдирд╛рдд рдХрд╛рдврдд рдЕрд╕рддреАрд▓... ЁЯдгЁЯдгЁЯШВЁЯШБ,mr
"рдЕрдлреНрд░рд┐рджреАрдЪреНрдпрд╛ рдЖрдИрдЪреА .........ЁЯШЬ

#INDvsPAK",mr
рдЖрдлреНрд░рд┐рджреА рдЪреНрдпрд╛ рдЖрдИрдЪреА рдЧрд╛рдВ* #INDvPAK,mr
"Afridi рдЪреНрдпрд╛ рдЖрдИрдЪреА рдЦрд░рдВрдЪ рдЦреВрдк рдЖрдард╡рдг рдпреЗрддреЗрдп рдЖрдЬ рдкрдг рдорд▓рд╛ рд░рд╛рд╡ ЁЯЩВ... рд╡рд┐рд░рд╛рдЯ please рдкрд░рдВрдкрд░рд╛ рдирдХреЛрд╕ рд░реЗ рддреЛрдб,  рддреВрдЪ рдЖрдордЪреА рдЖрд╢рд╛ рдЖрд╣реЗрд╕ рджрд╛рджрд╛.
#INDvPAK #indiaVsPakistan",mr
рдЖрдлреНрд░рд┐рджреАрдЪреНрдпрд╛ рдЖрдИрдЪреА рдЧрд╛рдВрдб. #INDvPAK,mr
"рдпрд╛ рдЖрдХрд╛рд╢ рдЪреЛрдкреНрд░рд╛рдЪреНрдпрд╛ рдЖрдИрдЪреА...
ЁЯШгЁЯШгЁЯШгЁЯШг рдиреБрд╕рддрд╛ рддреЛрдВрдбрд╛рдЪрд╛ рднрдЯрд╛рд░рдЦрд╛рдирд╛..
рдмрд╛рдбрдмрд╛рдб",mr
рдЖрдлреНрд░рд┐рджреА рдЪреНрдпрд╛ рдЖрдИрдЪреА рдЧрд╛рдВрдб. #INDvPAK,mr
"рд╢рд╛рд╣рд┐рдж рдирд╛рд╣реА рддрд░ рд╢рд╛рд╣реАрди рдкрдг 
рдЕрдлреНрд░реАрджреАрдЪреНрдпрд╛ рдЖрдИрдЪреА рдЧрд╛рдВ*
#INDvPAK",mr
"@imVkohli рдореА рдХрдзреАрдЪ рддреБрд▓рд╛ рдЯреНрд░реЛрд▓ рдХрд░рдгрд╛рд░ рдирд╛рд╣реА рдлрдХреНрдд рдЖрдЬ рдЖрдЙрдЯ рдирдХреЛ рд╣реЛрдК ЁЯе║ЁЯе║

рдирд╡реАрди рдХреЛрдг рдЕрдлреНрд░рд┐рджреА рдЖрд╣реЗ рдЖрддрд╛ рддреНрдпрд╛рдЪреНрдпрд╛ рдЖрдИрдЪреА **",mr
"RT @ashishmali28: рд╢рд╛рд╣реАрди рдЖрдлреНрд░рд┐рджреА is really awsome....
Tari рддреНрдпрд╛рдЪреНрдпрд╛ рдЖрдИрдЪреА xxxx https://t.co/b0oP87OhxD",und
рд╢реЗрд╡рдЯреА рдЖрдлрд░рд┐рджреАрдЪреА рдЖрдИрдЪреА рдЖрдард╡рдг рдЖрд▓реАрдЪ,mr
"рд╢рд╛рд╣реАрди рдЖрдлреНрд░рд┐рджреА is really awsome....
Tari рддреНрдпрд╛рдЪреНрдпрд╛ рдЖрдИрдЪреА xxxx https://t.co/b0oP87OhxD",und
рдорд▓рд╛ рд░реЗрдВрдЬ рджреЗрдд рдХрд╛ рдХреЛрдгреА рд░реЗрдВрдЬ... рдпрд╛ рдЕрдВрдмрд╛рдиреА рдЪреНрдпрд╛ рдЖрдИрдЪреА рдЖрдард╡рдг рдЭрд╛рд▓реА ЁЯШС,mr
"рд╢рд╛рд╣рд┐рдж рдЖрдлреНрд░рд┐рджреА рдирд╕рд▓рд╛ рддрд░реА рдХрд╛рдп рдЭрд╛рд▓реЗ.
рд╢рд╛рд╣реАрди рдЖрдлреНрд░рд┐рджреА рдЪреНрдпрд╛ рдЖрдИрдЪреА рдбрд╛рдВрдЧ.... https://t.co/tFA1ONzd1S",mr
"RT @Nileshb77: рдЧрд╛рдИрдЪрд╛ рдирд╡рд░рд╛ рдЕрд╕рддреЛ рдмреИрд▓
рдЕрдирдВ рдореНрд╣рд╢реАрдВрдЪрд╛ рд╕рд╛рдВрдб

IND Vs PAK рдореНрдпрд╛рдЪ рдордзреНрдпреЗ рдЖрдкрдгрдЪ рдЬрд┐рдВрдХрдгрд╛рд░ рдЖрдгрд┐ 130 рдХрд░реЛрдб рд▓реЛрдХрдВ рдПрдХрд╛ рд╕реБрд░рд╛рдд рдмреЛрд▓рдгрд╛рд░

рдЖрдлреНрд░рд┐рджреАрдЪреНрдпрд╛ рдЖтАж",mr
"рдЖрд▓реА рд░реЗ рдЖрд▓реА рдЕрдлреНрд░рд┐рджреАрдЪреНрдпрд╛ рдЖрдИрдЪреА рдЖрдард╡рдг рдХрд╛рдврд╛рдпрдЪреА рд╡реЗрд│ рдЖрд▓реА..
рдЖрд▓реА рд░реЗ рдЖрд▓реА рд╕рдЧрд│реА рдХрд╛рдо рд╕реЛрдбреВрди T.V рд╕рдореЛрд░ рдмрд╕рдгреНрдпрд╛рдЪреА рдЕрдиреН рдкрд╛рдХ рдордзрд▓реНрдпрд╛ рдлреБрдЯрд▓реЗтАж https://t.co/N8VsmatcqZ",mr
рдЕрдХреНрд╖рдп рдХреБрдорд╛рд░ рдЪреНрдпрд╛ рдЖрдИрдЪреА рдЧ***,mr
"рд╕рдВрдЬрдп рд░рд╛рдКрдд рд░реЛрдЬрдЪрдВ рдЖрд╣реЗ рд╕реЛрдбрд╛ рддреНрдпрд╛рд▓рд╛,
 рдЖрдЬ рднрд╛рд░рдд рдкрд╛рдХрд┐рд╕реНрддрд╛рди рдореЕрдЪ рдЖрд╣реЗ рдХреГрдкрдпрд╛ рдХреЛрдгреАрд╣реА рд╕рдВрдЬрдп рд░рд╛рдКрдд рдЪреНрдпрд╛ рдЖрдИрдЪреА рдЖрдард╡рдг рдХрд╛рдвреВ рдирдпреЗ...",mr
"RT @Archanagsanap2: рджреНрдпрд╛рдпрд▓рд╛ рдЧреЗрд▓реЗрд▓рд╛ рд╣реЛрддрд╛, рддрд┐рдХрдбреЗ рдЖрдИ рдЖрдгрд┐ рдмрд╛рдпрдХреЛ рдмрд╛рд│рд╛рд▓рд╛ рджрд╡рд╛рдЦрд╛рдиреНрдпрд╛рдд рдШреЗрдКрди рдзрд╛рд╡рдкрд│ рдХрд░рдд рд╣реЛрддреНрдпрд╛  рдХрд╛рдп рдЕрд╡рд╕реНрдерд╛ рдЕрд╕реЗрд▓ рддреНрдпрд╛ рдкрд░реАрдХреНрд╖рд╛рд░реНрдереА рдмрд╛рдкрд╛тАж",mr
"рджреНрдпрд╛рдпрд▓рд╛ рдЧреЗрд▓реЗрд▓рд╛ рд╣реЛрддрд╛, рддрд┐рдХрдбреЗ рдЖрдИ рдЖрдгрд┐ рдмрд╛рдпрдХреЛ рдмрд╛рд│рд╛рд▓рд╛ рджрд╡рд╛рдЦрд╛рдиреНрдпрд╛рдд рдШреЗрдКрди рдзрд╛рд╡рдкрд│ рдХрд░рдд рд╣реЛрддреНрдпрд╛  рдХрд╛рдп рдЕрд╡рд╕реНрдерд╛ рдЕрд╕реЗрд▓ рддреНрдпрд╛ рдкрд░реАрдХреНрд╖рд╛рд░реНрдереАтАж https://t.co/EfxWzU4l2u",mr
"рддреЛ рдЯреАрдо рдордзреНрдпреЗ рдЕрд╕реЛ рд╡рд╛ рдирд╕реЛ.
рддрд░реА рдЖрдлреНрд░рд┐рджреАрдЪреНрдпрд╛ рдЖрдИрдЪреА ##.

#INDvPAK",mr
@zee24taasnews рдЕрд╕рдВ рд╡рд┐рдзрд╛рди рдХрд░реВрди рд╢рд╛рд╣реАрдж рд╕реНрд╡рддрдГрдЪреНрдпрд╛ рдЖрдИрд▓рд╛ рд╡рд╛рдЪрд╡рддреЛрдп рдХрд╛рд░рдг рдЖрдЬ рдкреНрд░рддреНрдпреЗрдХ рднрд╛рд░рддреАрдп рдХреНрд░рд┐рдХреЗрдЯ рд░рд╕рд┐рдХ рдореЕрдЪ рдкрд╛рд╣рддрд╛рдирд╛ рддреНрдпрд╛тАж https://t.co/FskwzAykjp,mr
"рдореЕрдЪ рдЕрд╕реЛ рд╡рд╛ рдирд╕реЛ..

рдЕрдлреНрд░рд┐рджреАрдЪреНрдпрд╛ рдЖрдИрдЪреА рдЧрд╛рдВ* ....! 

#INDvPAK",mr
"рдЧрд╛рдИрдЪрд╛ рдирд╡рд░рд╛ рдЕрд╕рддреЛ рдмреИрд▓
рдЕрдирдВ рдореНрд╣рд╢реАрдВрдЪрд╛ рд╕рд╛рдВрдб

IND Vs PAK рдореНрдпрд╛рдЪ рдордзреНрдпреЗ рдЖрдкрдгрдЪ рдЬрд┐рдВрдХрдгрд╛рд░ рдЖрдгрд┐ 130 рдХрд░реЛрдб рд▓реЛрдХрдВ рдПрдХрд╛ рд╕реБрд░рд╛рдд рдмреЛрд▓рдгрд╛рд░

рдЖтАж https://t.co/ZU6JA9Ecmj",mr
"He just said "" рдЖрдлреНрд░рд┐рджреАрдЪреНрдпрд╛ рдЖрдИрдЪреА ""ЁЯШВЁЯШВЁЯШВЁЯШВЁЯШВЁЯШВЁЯШВЁЯШВЁЯШВЁЯШВЁЯШВЁЯШВЁЯШВЁЯШВ https://t.co/FuFr0djxJP",und
"рдЖрдлреНрд░рд┐рджреА wc рдЦреЗрд│рдгрд╛рд░ рдирд╕рд▓рд╛ рддрд░реА рд╕реБрджреНрдзрд╛ рдЕрдлреНрд░рд┐рджреАрдЪреНрдпрд╛ рдЖрдИрдЪреА ****!
#INDvPAK",mr
"Sir ek bar boldona "" рдкрд╛рдХрд┐рд╕реНрддрд╛рди рдЪреНрдпрд╛ рдЖрдИрдЪреА рдЧрд╛рдВрдб "" 

#IndvsPak https://t.co/lFtY6uBm4D",und
рдЖрдЬ рдЖрдлреНрд░рд┐рджреА рдЦреЗрд│рдд рдирд╕рд▓рд╛ рддрд░реА рддреНрдпрд╛рдЪреНрдпрд╛ рдЖрдИрдЪреА **ЁЯШБ #INDvPAK #IndvsPak #indiaVsPakistan #IND,mr
рдЕрдлреНрд░рд┐рджреАрдЪреНрдпрд╛ рдЖрдИрдЪреА ...........,mr
