"RT @SapkalSid: рдкрдг MPSC рд╕рдордиреНрд╡рдп рд╕рдорд┐рддреА, рд╣реА рд╕рдЧрд│реНрдпрд╛ рдПрдХреНрд╕рд╛рдо MPSC рдХрдбреВрди рдШреЗрдК рдЗрдЪреНрдЫрд┐рдд рдЖрд╣реЗ рдкрдг,рдХрдзреАрдЪ рд▓рд╡рдХрд░рд╛рдд рд▓рд╡рдХрд░ рдПрдХреНрд╕рд╛рдо рд╣реЛрд╡реНрдпрд╛рдд рдпрд╛ рд╕рд╛рдареА рдЯреНрд╡рд┐рдЯ рдХреЗрд▓реЗ рдирд╛рд╣реА,тАж",mr
"RT @omendra_up: рдХреЛрдИ рднреА рд╡реНрдпрдХреНрддрд┐ рдпрд╛ рд╕рдВрдЧрдарди рдЬреЛ рдЪрд╛рд╣реЗ рдмрди рд╕рдХрддрд╛ рд╣реИ,рдпрджрд┐ рд╡рд╣ ,рдПрдХ рд╡рд┐рд╢реНрд╡рд╛рд╕ рдХреЗ рд╕рд╛рде,
рдЗрдЪреНрдЫрд┐рдд рд╡рд╕реНрддреБ рдкрд░ рд▓рдЧрд╛рддрд╛рд░ рдЪрд┐рдВрддрди рдХрд░реЗрдВ...!
   рд╣рдорд╛рд░рд╛ рд▓рдХреНрд╖реНрдптАж",hi
"рдкреНрд░рд╛рдорд╛рдгрд┐рдХ рд╕рд┐рджреНрдзреВрд▓рд╛ рдЖрджрд┐рддреА рдЧрдорд╛рд╡реВ рдЗрдЪреНрдЫрд┐рдд рдирд╛рд╣реА . 
#AnyTimeManoranjan рд╕реЛрдмрдд рдкрд╛рд╣рд╛ рддреБрдордЪреА рдлреЗрд╡реНрд╣рд░реЗрдЯ рдорд╛рд▓рд┐рдХрд╛тАж https://t.co/AjHequ9pOa",mr
"рд╕рдВрд╡рд┐рдзрд╛рди рд╕рднрд╛ рджреНрд╡рд╛рд░рд╛ рдЗрдЪреНрдЫрд┐рдд рдЖрд░рдХреНрд╖рдг рдПрд╡рдВ рд╕реБрд╡рд┐рдзрд╛рдУрдВ рдХрд╛ рдЬрдирдЬрд╛рддрд┐ рд╕рдорд╛рдЬ рдХреЛ рд▓рд╛рдн рди рдорд┐рд▓ рдкрд╛рдиреЗ рдХрд╛ рдкреНрд░рдореБрдЦ рдХрд╛рд░рдг рд╣реИ ""рдЬрдирдЬрд╛рддрд┐ рд╕реЗ рдЕрд▓рдЧ рд╣реЛтАж https://t.co/eoVZ4YUJjQ",hi
рдЬрд░ рддреБрдореНрд╣реА рд╕реБрд░рдХреНрд╖рд┐рдд рдЬрд╛рдЧреА рдЧреБрдВрддрд╡рдгреВрдХ рдХрд░реВ рдЗрдЪреНрдЫрд┐рдд рдЕрд╕рд╛рд▓ рддрд░ рдЖрдЬ рдЖрдореНрд╣реА рддреБрдореНрд╣рд╛рд▓рд╛ LIC рдЪреНрдпрд╛ рдПрдХрд╛ рд╡рд┐рд╢реЗрд╖ рдкреНрд▓реЕрдирдмрджреНрджрд▓ рд╕рд╛рдВрдЧрдгрд╛рд░ рдЖрд╣реЛрдд. ректАж https://t.co/dMJnJMiKc6,mr
RT @ANILGALGALIRTI: рд╡рд╛рдирдЦреЗрдбреЗ рд╕реНрдЯреЗрдбрд┐рдпрдорд╡рд░ 29 рдСрдХреНрдЯреЛрдмрд░рд▓рд╛ 1500 рдирд┐рдордВрддреНрд░рдг рдкрд╛рдард╡реВрди @MumbaiCricAssoc рдХрд╛рдп рд╕рд╛рдзреНрдп рдХрд░реБ рдЗрдЪреНрдЫрд┐рдд рдЖрд╣реЗ?рдХрд╛рд░реНрдпрдХреНрд░рдорд╛рд╕рд╛рдареА 200 рдЪреА рдотАж,mr
"RT @JayShriRam_Om: рддреБрдо рд╕рдо рдкреНрд░рдмрд▓ рд╢рдХреНрддрд┐ рдирд╣реАрдВ рдЖрдиреА I 
рдХрд╣рдВ рд▓реМ рдорд╣рд┐рдорд╛ рдХрд╣реМрдВ рдмрдЦрд╛рдиреА ll 

рдорди рдХреНрд░рдо рд╡рдЪрди рдХрд░реИ рд╕реЗрд╡рдХрд╛рдИ ред 
рдорди рдЗрдЪреНрдЫрд┐рдд рд╡рд╛рдВрдЫрд┐рдд рдлрд▓ рдкрд╛рдИ рее

рддрдЬрд┐ рдЫрд▓тАж",hi
"рдХреИрд╕реЗ рдФрд░ рдХрдм рднрдЧрд╡рд╛рдиреН рд╢рд┐рд╡ рджреНрд╡рд╛рд░рд╛ рдЗрдЪреНрдЫрд┐рдд рдордиреЛрдХрд╛рдордирд╛ рдкреВрд░реНрдг рд╣реЛрддреА рд╣реИ?

Best astrologer whatsapp number

+91-7347439695

readтАж https://t.co/FgsCPcbIRz",und
"RT @JayShriRam_Om: рддреБрдо рд╕рдо рдкреНрд░рдмрд▓ рд╢рдХреНрддрд┐ рдирд╣реАрдВ рдЖрдиреА I 
рдХрд╣рдВ рд▓реМ рдорд╣рд┐рдорд╛ рдХрд╣реМрдВ рдмрдЦрд╛рдиреА ll 

рдорди рдХреНрд░рдо рд╡рдЪрди рдХрд░реИ рд╕реЗрд╡рдХрд╛рдИ ред 
рдорди рдЗрдЪреНрдЫрд┐рдд рд╡рд╛рдВрдЫрд┐рдд рдлрд▓ рдкрд╛рдИ рее

рддрдЬрд┐ рдЫрд▓тАж",hi
"RT @SapkalSid: рдкрдг MPSC рд╕рдордиреНрд╡рдп рд╕рдорд┐рддреА, рд╣реА рд╕рдЧрд│реНрдпрд╛ рдПрдХреНрд╕рд╛рдо MPSC рдХрдбреВрди рдШреЗрдК рдЗрдЪреНрдЫрд┐рдд рдЖрд╣реЗ рдкрдг,рдХрдзреАрдЪ рд▓рд╡рдХрд░рд╛рдд рд▓рд╡рдХрд░ рдПрдХреНрд╕рд╛рдо рд╣реЛрд╡реНрдпрд╛рдд рдпрд╛ рд╕рд╛рдареА рдЯреНрд╡рд┐рдЯ рдХреЗрд▓реЗ рдирд╛рд╣реА,тАж",mr
RT @ANILGALGALIRTI: рд╡рд╛рдирдЦреЗрдбреЗ рд╕реНрдЯреЗрдбрд┐рдпрдорд╡рд░ 29 рдСрдХреНрдЯреЛрдмрд░рд▓рд╛ 1500 рдирд┐рдордВрддреНрд░рдг рдкрд╛рдард╡реВрди @MumbaiCricAssoc рдХрд╛рдп рд╕рд╛рдзреНрдп рдХрд░реБ рдЗрдЪреНрдЫрд┐рдд рдЖрд╣реЗ?рдХрд╛рд░реНрдпрдХреНрд░рдорд╛рд╕рд╛рдареА 200 рдЪреА рдотАж,mr
"RT @JayShriRam_Om: рддреБрдо рд╕рдо рдкреНрд░рдмрд▓ рд╢рдХреНрддрд┐ рдирд╣реАрдВ рдЖрдиреА I 
рдХрд╣рдВ рд▓реМ рдорд╣рд┐рдорд╛ рдХрд╣реМрдВ рдмрдЦрд╛рдиреА ll 

рдорди рдХреНрд░рдо рд╡рдЪрди рдХрд░реИ рд╕реЗрд╡рдХрд╛рдИ ред 
рдорди рдЗрдЪреНрдЫрд┐рдд рд╡рд╛рдВрдЫрд┐рдд рдлрд▓ рдкрд╛рдИ рее

рддрдЬрд┐ рдЫрд▓тАж",hi
"RT @JayShriRam_Om: рддреБрдо рд╕рдо рдкреНрд░рдмрд▓ рд╢рдХреНрддрд┐ рдирд╣реАрдВ рдЖрдиреА I 
рдХрд╣рдВ рд▓реМ рдорд╣рд┐рдорд╛ рдХрд╣реМрдВ рдмрдЦрд╛рдиреА ll 

рдорди рдХреНрд░рдо рд╡рдЪрди рдХрд░реИ рд╕реЗрд╡рдХрд╛рдИ ред 
рдорди рдЗрдЪреНрдЫрд┐рдд рд╡рд╛рдВрдЫрд┐рдд рдлрд▓ рдкрд╛рдИ рее

рддрдЬрд┐ рдЫрд▓тАж",hi
"RT @JayShriRam_Om: рддреБрдо рд╕рдо рдкреНрд░рдмрд▓ рд╢рдХреНрддрд┐ рдирд╣реАрдВ рдЖрдиреА I 
рдХрд╣рдВ рд▓реМ рдорд╣рд┐рдорд╛ рдХрд╣реМрдВ рдмрдЦрд╛рдиреА ll 

рдорди рдХреНрд░рдо рд╡рдЪрди рдХрд░реИ рд╕реЗрд╡рдХрд╛рдИ ред 
рдорди рдЗрдЪреНрдЫрд┐рдд рд╡рд╛рдВрдЫрд┐рдд рдлрд▓ рдкрд╛рдИ рее

рддрдЬрд┐ рдЫрд▓тАж",hi
"RT @SapkalSid: рдкрдг MPSC рд╕рдордиреНрд╡рдп рд╕рдорд┐рддреА, рд╣реА рд╕рдЧрд│реНрдпрд╛ рдПрдХреНрд╕рд╛рдо MPSC рдХрдбреВрди рдШреЗрдК рдЗрдЪреНрдЫрд┐рдд рдЖрд╣реЗ рдкрдг,рдХрдзреАрдЪ рд▓рд╡рдХрд░рд╛рдд рд▓рд╡рдХрд░ рдПрдХреНрд╕рд╛рдо рд╣реЛрд╡реНрдпрд╛рдд рдпрд╛ рд╕рд╛рдареА рдЯреНрд╡рд┐рдЯ рдХреЗрд▓реЗ рдирд╛рд╣реА,тАж",mr
"RT @SapkalSid: рдкрдг MPSC рд╕рдордиреНрд╡рдп рд╕рдорд┐рддреА, рд╣реА рд╕рдЧрд│реНрдпрд╛ рдПрдХреНрд╕рд╛рдо MPSC рдХрдбреВрди рдШреЗрдК рдЗрдЪреНрдЫрд┐рдд рдЖрд╣реЗ рдкрдг,рдХрдзреАрдЪ рд▓рд╡рдХрд░рд╛рдд рд▓рд╡рдХрд░ рдПрдХреНрд╕рд╛рдо рд╣реЛрд╡реНрдпрд╛рдд рдпрд╛ рд╕рд╛рдареА рдЯреНрд╡рд┐рдЯ рдХреЗрд▓реЗ рдирд╛рд╣реА,тАж",mr
"RT @SapkalSid: рдкрдг MPSC рд╕рдордиреНрд╡рдп рд╕рдорд┐рддреА, рд╣реА рд╕рдЧрд│реНрдпрд╛ рдПрдХреНрд╕рд╛рдо MPSC рдХрдбреВрди рдШреЗрдК рдЗрдЪреНрдЫрд┐рдд рдЖрд╣реЗ рдкрдг,рдХрдзреАрдЪ рд▓рд╡рдХрд░рд╛рдд рд▓рд╡рдХрд░ рдПрдХреНрд╕рд╛рдо рд╣реЛрд╡реНрдпрд╛рдд рдпрд╛ рд╕рд╛рдареА рдЯреНрд╡рд┐рдЯ рдХреЗрд▓реЗ рдирд╛рд╣реА,тАж",mr
"RT @SapkalSid: рдкрдг MPSC рд╕рдордиреНрд╡рдп рд╕рдорд┐рддреА, рд╣реА рд╕рдЧрд│реНрдпрд╛ рдПрдХреНрд╕рд╛рдо MPSC рдХрдбреВрди рдШреЗрдК рдЗрдЪреНрдЫрд┐рдд рдЖрд╣реЗ рдкрдг,рдХрдзреАрдЪ рд▓рд╡рдХрд░рд╛рдд рд▓рд╡рдХрд░ рдПрдХреНрд╕рд╛рдо рд╣реЛрд╡реНрдпрд╛рдд рдпрд╛ рд╕рд╛рдареА рдЯреНрд╡рд┐рдЯ рдХреЗрд▓реЗ рдирд╛рд╣реА,тАж",mr
"RT @SapkalSid: рдкрдг MPSC рд╕рдордиреНрд╡рдп рд╕рдорд┐рддреА, рд╣реА рд╕рдЧрд│реНрдпрд╛ рдПрдХреНрд╕рд╛рдо MPSC рдХрдбреВрди рдШреЗрдК рдЗрдЪреНрдЫрд┐рдд рдЖрд╣реЗ рдкрдг,рдХрдзреАрдЪ рд▓рд╡рдХрд░рд╛рдд рд▓рд╡рдХрд░ рдПрдХреНрд╕рд╛рдо рд╣реЛрд╡реНрдпрд╛рдд рдпрд╛ рд╕рд╛рдареА рдЯреНрд╡рд┐рдЯ рдХреЗрд▓реЗ рдирд╛рд╣реА,тАж",mr
"RT @SapkalSid: @kalpeshyadav007 @rajeshtope11 рдкрдг MPSC рд╕рдордиреНрд╡рдп рд╕рдорд┐рддреА, рд╣реА рд╕рдЧрд│реНрдпрд╛ рдПрдХреНрд╕рд╛рдо MPSC рдХрдбреВрди рдШреЗрдК рдЗрдЪреНрдЫрд┐рдд рдЖрд╣реЗ рдкрдг,рдХрдзреАрдЪ рд▓рд╡рдХрд░рд╛рдд рд▓рд╡рдХрд░ рдПрдХреНрд╕рд╛рдо рд╣реЛтАж",mr
"@kalpeshyadav007 @rajeshtope11 рдкрдг MPSC рд╕рдордиреНрд╡рдп рд╕рдорд┐рддреА, рд╣реА рд╕рдЧрд│реНрдпрд╛ рдПрдХреНрд╕рд╛рдо MPSC рдХрдбреВрди рдШреЗрдК рдЗрдЪреНрдЫрд┐рдд рдЖрд╣реЗ рдкрдг,рдХрдзреАрдЪ рд▓рд╡рдХрд░рд╛рдд рд▓рд╡рдХрд░тАж https://t.co/NwZhcqA2dw",mr
"рдкрдг MPSC рд╕рдордиреНрд╡рдп рд╕рдорд┐рддреА, рд╣реА рд╕рдЧрд│реНрдпрд╛ рдПрдХреНрд╕рд╛рдо MPSC рдХрдбреВрди рдШреЗрдК рдЗрдЪреНрдЫрд┐рдд рдЖрд╣реЗ рдкрдг,рдХрдзреАрдЪ рд▓рд╡рдХрд░рд╛рдд рд▓рд╡рдХрд░ рдПрдХреНрд╕рд╛рдо рд╣реЛрд╡реНрдпрд╛рдд рдпрд╛ рд╕рд╛рдареА рдЯреНрд╡рд┐рдЯ рдХреЗтАж https://t.co/3CWUdA3fGM",mr
"@GayatreeMT @Nildreams90 рдкрдг MPSC рд╕рдордиреНрд╡рдп рд╕рдорд┐рддреА, рд╣реА рд╕рдЧрд│реНрдпрд╛ рдПрдХреНрд╕рд╛рдо MPSC рдХрдбреВрди рдШреЗрдК рдЗрдЪреНрдЫрд┐рдд рдЖрд╣реЗ рдкрдг,рдХрдзреАрдЪ рд▓рд╡рдХрд░рд╛рдд рд▓рд╡рдХрд░ рдПрдХреНрд╕рд╛рдотАж https://t.co/REzdHBUo5K",mr
"@PrashantKishor рдПрдХ рдЪреБрдирд╛рд╡ рд░рдгрдиреАрддрд┐рдХрд╛рд░ рдорд╛рддреНрд░ рд╣реИ, рднрд╡рд┐рд╖реНрдпрд╡реЗрддрд╛ рдирд╣реА ... !!
рдФрд░ рд╡реЛ рднреА рдЙрдиреНрд╣реЛрдВрдиреЗ @INCIndia рдореЗрдВ рдЗрдЪреНрдЫрд┐рдд рдЬрдЧрд╣ рдирд╣реАтАж https://t.co/e7PA86KANb",hi
"RT @JayShriRam_Om: рддреБрдо рд╕рдо рдкреНрд░рдмрд▓ рд╢рдХреНрддрд┐ рдирд╣реАрдВ рдЖрдиреА I 
рдХрд╣рдВ рд▓реМ рдорд╣рд┐рдорд╛ рдХрд╣реМрдВ рдмрдЦрд╛рдиреА ll 

рдорди рдХреНрд░рдо рд╡рдЪрди рдХрд░реИ рд╕реЗрд╡рдХрд╛рдИ ред 
рдорди рдЗрдЪреНрдЫрд┐рдд рд╡рд╛рдВрдЫрд┐рдд рдлрд▓ рдкрд╛рдИ рее

рддрдЬрд┐ рдЫрд▓тАж",hi
"RT @JayShriRam_Om: рддреБрдо рд╕рдо рдкреНрд░рдмрд▓ рд╢рдХреНрддрд┐ рдирд╣реАрдВ рдЖрдиреА I 
рдХрд╣рдВ рд▓реМ рдорд╣рд┐рдорд╛ рдХрд╣реМрдВ рдмрдЦрд╛рдиреА ll 

рдорди рдХреНрд░рдо рд╡рдЪрди рдХрд░реИ рд╕реЗрд╡рдХрд╛рдИ ред 
рдорди рдЗрдЪреНрдЫрд┐рдд рд╡рд╛рдВрдЫрд┐рдд рдлрд▓ рдкрд╛рдИ рее

рддрдЬрд┐ рдЫрд▓тАж",hi
"RT @JayShriRam_Om: рддреБрдо рд╕рдо рдкреНрд░рдмрд▓ рд╢рдХреНрддрд┐ рдирд╣реАрдВ рдЖрдиреА I 
рдХрд╣рдВ рд▓реМ рдорд╣рд┐рдорд╛ рдХрд╣реМрдВ рдмрдЦрд╛рдиреА ll 

рдорди рдХреНрд░рдо рд╡рдЪрди рдХрд░реИ рд╕реЗрд╡рдХрд╛рдИ ред 
рдорди рдЗрдЪреНрдЫрд┐рдд рд╡рд╛рдВрдЫрд┐рдд рдлрд▓ рдкрд╛рдИ рее

рддрдЬрд┐ рдЫрд▓тАж",hi
"RT @JayShriRam_Om: рддреБрдо рд╕рдо рдкреНрд░рдмрд▓ рд╢рдХреНрддрд┐ рдирд╣реАрдВ рдЖрдиреА I 
рдХрд╣рдВ рд▓реМ рдорд╣рд┐рдорд╛ рдХрд╣реМрдВ рдмрдЦрд╛рдиреА ll 

рдорди рдХреНрд░рдо рд╡рдЪрди рдХрд░реИ рд╕реЗрд╡рдХрд╛рдИ ред 
рдорди рдЗрдЪреНрдЫрд┐рдд рд╡рд╛рдВрдЫрд┐рдд рдлрд▓ рдкрд╛рдИ рее

рддрдЬрд┐ рдЫрд▓тАж",hi
"RT @JayShriRam_Om: рддреБрдо рд╕рдо рдкреНрд░рдмрд▓ рд╢рдХреНрддрд┐ рдирд╣реАрдВ рдЖрдиреА I 
рдХрд╣рдВ рд▓реМ рдорд╣рд┐рдорд╛ рдХрд╣реМрдВ рдмрдЦрд╛рдиреА ll 

рдорди рдХреНрд░рдо рд╡рдЪрди рдХрд░реИ рд╕реЗрд╡рдХрд╛рдИ ред 
рдорди рдЗрдЪреНрдЫрд┐рдд рд╡рд╛рдВрдЫрд┐рдд рдлрд▓ рдкрд╛рдИ рее

рддрдЬрд┐ рдЫрд▓тАж",hi
"RT @JayShriRam_Om: рддреБрдо рд╕рдо рдкреНрд░рдмрд▓ рд╢рдХреНрддрд┐ рдирд╣реАрдВ рдЖрдиреА I 
рдХрд╣рдВ рд▓реМ рдорд╣рд┐рдорд╛ рдХрд╣реМрдВ рдмрдЦрд╛рдиреА ll 

рдорди рдХреНрд░рдо рд╡рдЪрди рдХрд░реИ рд╕реЗрд╡рдХрд╛рдИ ред 
рдорди рдЗрдЪреНрдЫрд┐рдд рд╡рд╛рдВрдЫрд┐рдд рдлрд▓ рдкрд╛рдИ рее

рддрдЬрд┐ рдЫрд▓тАж",hi
"RT @JayShriRam_Om: рддреБрдо рд╕рдо рдкреНрд░рдмрд▓ рд╢рдХреНрддрд┐ рдирд╣реАрдВ рдЖрдиреА I 
рдХрд╣рдВ рд▓реМ рдорд╣рд┐рдорд╛ рдХрд╣реМрдВ рдмрдЦрд╛рдиреА ll 

рдорди рдХреНрд░рдо рд╡рдЪрди рдХрд░реИ рд╕реЗрд╡рдХрд╛рдИ ред 
рдорди рдЗрдЪреНрдЫрд┐рдд рд╡рд╛рдВрдЫрд┐рдд рдлрд▓ рдкрд╛рдИ рее

рддрдЬрд┐ рдЫрд▓тАж",hi
"RT @JayShriRam_Om: рддреБрдо рд╕рдо рдкреНрд░рдмрд▓ рд╢рдХреНрддрд┐ рдирд╣реАрдВ рдЖрдиреА I 
рдХрд╣рдВ рд▓реМ рдорд╣рд┐рдорд╛ рдХрд╣реМрдВ рдмрдЦрд╛рдиреА ll 

рдорди рдХреНрд░рдо рд╡рдЪрди рдХрд░реИ рд╕реЗрд╡рдХрд╛рдИ ред 
рдорди рдЗрдЪреНрдЫрд┐рдд рд╡рд╛рдВрдЫрд┐рдд рдлрд▓ рдкрд╛рдИ рее

рддрдЬрд┐ рдЫрд▓тАж",hi
"RT @JayShriRam_Om: рддреБрдо рд╕рдо рдкреНрд░рдмрд▓ рд╢рдХреНрддрд┐ рдирд╣реАрдВ рдЖрдиреА I 
рдХрд╣рдВ рд▓реМ рдорд╣рд┐рдорд╛ рдХрд╣реМрдВ рдмрдЦрд╛рдиреА ll 

рдорди рдХреНрд░рдо рд╡рдЪрди рдХрд░реИ рд╕реЗрд╡рдХрд╛рдИ ред 
рдорди рдЗрдЪреНрдЫрд┐рдд рд╡рд╛рдВрдЫрд┐рдд рдлрд▓ рдкрд╛рдИ рее

рддрдЬрд┐ рдЫрд▓тАж",hi
"RT @JayShriRam_Om: рддреБрдо рд╕рдо рдкреНрд░рдмрд▓ рд╢рдХреНрддрд┐ рдирд╣реАрдВ рдЖрдиреА I 
рдХрд╣рдВ рд▓реМ рдорд╣рд┐рдорд╛ рдХрд╣реМрдВ рдмрдЦрд╛рдиреА ll 

рдорди рдХреНрд░рдо рд╡рдЪрди рдХрд░реИ рд╕реЗрд╡рдХрд╛рдИ ред 
рдорди рдЗрдЪреНрдЫрд┐рдд рд╡рд╛рдВрдЫрд┐рдд рдлрд▓ рдкрд╛рдИ рее

рддрдЬрд┐ рдЫрд▓тАж",hi
"RT @JayShriRam_Om: рддреБрдо рд╕рдо рдкреНрд░рдмрд▓ рд╢рдХреНрддрд┐ рдирд╣реАрдВ рдЖрдиреА I 
рдХрд╣рдВ рд▓реМ рдорд╣рд┐рдорд╛ рдХрд╣реМрдВ рдмрдЦрд╛рдиреА ll 

рдорди рдХреНрд░рдо рд╡рдЪрди рдХрд░реИ рд╕реЗрд╡рдХрд╛рдИ ред 
рдорди рдЗрдЪреНрдЫрд┐рдд рд╡рд╛рдВрдЫрд┐рдд рдлрд▓ рдкрд╛рдИ рее

рддрдЬрд┐ рдЫрд▓тАж",hi
"RT @JayShriRam_Om: рддреБрдо рд╕рдо рдкреНрд░рдмрд▓ рд╢рдХреНрддрд┐ рдирд╣реАрдВ рдЖрдиреА I 
рдХрд╣рдВ рд▓реМ рдорд╣рд┐рдорд╛ рдХрд╣реМрдВ рдмрдЦрд╛рдиреА ll 

рдорди рдХреНрд░рдо рд╡рдЪрди рдХрд░реИ рд╕реЗрд╡рдХрд╛рдИ ред 
рдорди рдЗрдЪреНрдЫрд┐рдд рд╡рд╛рдВрдЫрд┐рдд рдлрд▓ рдкрд╛рдИ рее

рддрдЬрд┐ рдЫрд▓тАж",hi
"RT @JayShriRam_Om: рддреБрдо рд╕рдо рдкреНрд░рдмрд▓ рд╢рдХреНрддрд┐ рдирд╣реАрдВ рдЖрдиреА I 
рдХрд╣рдВ рд▓реМ рдорд╣рд┐рдорд╛ рдХрд╣реМрдВ рдмрдЦрд╛рдиреА ll 

рдорди рдХреНрд░рдо рд╡рдЪрди рдХрд░реИ рд╕реЗрд╡рдХрд╛рдИ ред 
рдорди рдЗрдЪреНрдЫрд┐рдд рд╡рд╛рдВрдЫрд┐рдд рдлрд▓ рдкрд╛рдИ рее

рддрдЬрд┐ рдЫрд▓тАж",hi
"RT @JayShriRam_Om: рддреБрдо рд╕рдо рдкреНрд░рдмрд▓ рд╢рдХреНрддрд┐ рдирд╣реАрдВ рдЖрдиреА I 
рдХрд╣рдВ рд▓реМ рдорд╣рд┐рдорд╛ рдХрд╣реМрдВ рдмрдЦрд╛рдиреА ll 

рдорди рдХреНрд░рдо рд╡рдЪрди рдХрд░реИ рд╕реЗрд╡рдХрд╛рдИ ред 
рдорди рдЗрдЪреНрдЫрд┐рдд рд╡рд╛рдВрдЫрд┐рдд рдлрд▓ рдкрд╛рдИ рее

рддрдЬрд┐ рдЫрд▓тАж",hi
"RT @JayShriRam_Om: рддреБрдо рд╕рдо рдкреНрд░рдмрд▓ рд╢рдХреНрддрд┐ рдирд╣реАрдВ рдЖрдиреА I 
рдХрд╣рдВ рд▓реМ рдорд╣рд┐рдорд╛ рдХрд╣реМрдВ рдмрдЦрд╛рдиреА ll 

рдорди рдХреНрд░рдо рд╡рдЪрди рдХрд░реИ рд╕реЗрд╡рдХрд╛рдИ ред 
рдорди рдЗрдЪреНрдЫрд┐рдд рд╡рд╛рдВрдЫрд┐рдд рдлрд▓ рдкрд╛рдИ рее

рддрдЬрд┐ рдЫрд▓тАж",hi
"RT @JayShriRam_Om: рддреБрдо рд╕рдо рдкреНрд░рдмрд▓ рд╢рдХреНрддрд┐ рдирд╣реАрдВ рдЖрдиреА I 
рдХрд╣рдВ рд▓реМ рдорд╣рд┐рдорд╛ рдХрд╣реМрдВ рдмрдЦрд╛рдиреА ll 

рдорди рдХреНрд░рдо рд╡рдЪрди рдХрд░реИ рд╕реЗрд╡рдХрд╛рдИ ред 
рдорди рдЗрдЪреНрдЫрд┐рдд рд╡рд╛рдВрдЫрд┐рдд рдлрд▓ рдкрд╛рдИ рее

рддрдЬрд┐ рдЫрд▓тАж",hi
"RT @JayShriRam_Om: рддреБрдо рд╕рдо рдкреНрд░рдмрд▓ рд╢рдХреНрддрд┐ рдирд╣реАрдВ рдЖрдиреА I 
рдХрд╣рдВ рд▓реМ рдорд╣рд┐рдорд╛ рдХрд╣реМрдВ рдмрдЦрд╛рдиреА ll 

рдорди рдХреНрд░рдо рд╡рдЪрди рдХрд░реИ рд╕реЗрд╡рдХрд╛рдИ ред 
рдорди рдЗрдЪреНрдЫрд┐рдд рд╡рд╛рдВрдЫрд┐рдд рдлрд▓ рдкрд╛рдИ рее

рддрдЬрд┐ рдЫрд▓тАж",hi
"RT @JayShriRam_Om: рддреБрдо рд╕рдо рдкреНрд░рдмрд▓ рд╢рдХреНрддрд┐ рдирд╣реАрдВ рдЖрдиреА I 
рдХрд╣рдВ рд▓реМ рдорд╣рд┐рдорд╛ рдХрд╣реМрдВ рдмрдЦрд╛рдиреА ll 

рдорди рдХреНрд░рдо рд╡рдЪрди рдХрд░реИ рд╕реЗрд╡рдХрд╛рдИ ред 
рдорди рдЗрдЪреНрдЫрд┐рдд рд╡рд╛рдВрдЫрд┐рдд рдлрд▓ рдкрд╛рдИ рее

рддрдЬрд┐ рдЫрд▓тАж",hi
"RT @JayShriRam_Om: рддреБрдо рд╕рдо рдкреНрд░рдмрд▓ рд╢рдХреНрддрд┐ рдирд╣реАрдВ рдЖрдиреА I 
рдХрд╣рдВ рд▓реМ рдорд╣рд┐рдорд╛ рдХрд╣реМрдВ рдмрдЦрд╛рдиреА ll 

рдорди рдХреНрд░рдо рд╡рдЪрди рдХрд░реИ рд╕реЗрд╡рдХрд╛рдИ ред 
рдорди рдЗрдЪреНрдЫрд┐рдд рд╡рд╛рдВрдЫрд┐рдд рдлрд▓ рдкрд╛рдИ рее

рддрдЬрд┐ рдЫрд▓тАж",hi
"рддреБрдо рд╕рдо рдкреНрд░рдмрд▓ рд╢рдХреНрддрд┐ рдирд╣реАрдВ рдЖрдиреА I 
рдХрд╣рдВ рд▓реМ рдорд╣рд┐рдорд╛ рдХрд╣реМрдВ рдмрдЦрд╛рдиреА ll 

рдорди рдХреНрд░рдо рд╡рдЪрди рдХрд░реИ рд╕реЗрд╡рдХрд╛рдИ ред 
рдорди рдЗрдЪреНрдЫрд┐рдд рд╡рд╛рдВрдЫрд┐рдд рдлрд▓ рдкрд╛рдИ рее

рддтАж https://t.co/zxHlAdG30Y",hi
"рджреЛрди рд╡рд░реНрд╖рд╛рдВрдкрд╛рд╕реВрди рдЬреНрдпрд╛ рдЧреЛрдб рдмрд╛рддрдореАрд╕рд╛рдареА рдорд╣рд╛рд░рд╛рд╖реНрдЯреНрд░ рд╡рд╛рдЯ рдкрд╛рд╣рдд рдЖрд╣реЗ рддреА рдмрд╛рддрдореА рдЖрд▓реЗрд▓реА рдЖрд╣реЗ.

рдпрд╛ рдард┐рдХрд╛рдгреА рдЖрддреНрддрд╛рдЪ рдореА 200 рдЕрдгреБрд╕рд╛рд░рдХтАж https://t.co/ZunghmjKrM",mr
"рд╕рд╛рдИрдВ рдмрд╛рдмрд╛ рдХреА рд╡реНрд░рдд рдХрдерд╛ рдФрд░ рдЖрд░рддреА рдХрд╛ 9 рдЧреБрд░реБрд╡рд╛рд░ рддрдХ рдЬреЛ рд╢реНрд░рджреНрдзрд╛ рд╕реЗ рдкрд╛рда рдХрд░рддрд╛ рд╣реИ, рдЙрд╕реЗ рдЗрдЪреНрдЫрд┐рдд рдлрд▓ рдХреА рдкреНрд░рд╛рдкреНрддрд┐ рд╣реЛрддреА рд╣реИредтАж https://t.co/jmpbPtPUX1",hi
RT @hariomgroup: рдЗрдЪреНрдЫрд┐рдд рд╡рд╕реНрддреБ рдирд╣реАрдВ рдорд┐рд▓реЗ рддреЛ рдЦреБрд╢реА рдордирд╛рдУ рдФрд░ рдорд┐рд▓реЗ рддреЛ рдЙрд╕рдХрд╛ рд╕рджреБрдкрдпреЛрдЧ рдХрд░реЛ рддреЛ рдЖрдкрдХрд╛ рд╡рд┐рдХрд╛рд╕ рд╣реЛрдЧрд╛ ред - рдкреВрдЬреНрдп рдмрд╛рдкреВрдЬреА https://t.co/T2Ji5cVKZ1,hi
RT @ANILGALGALIRTI: рд╡рд╛рдирдЦреЗрдбреЗ рд╕реНрдЯреЗрдбрд┐рдпрдорд╡рд░ 29 рдСрдХреНрдЯреЛрдмрд░рд▓рд╛ 1500 рдирд┐рдордВрддреНрд░рдг рдкрд╛рдард╡реВрди @MumbaiCricAssoc рдХрд╛рдп рд╕рд╛рдзреНрдп рдХрд░реБ рдЗрдЪреНрдЫрд┐рдд рдЖрд╣реЗ?рдХрд╛рд░реНрдпрдХреНрд░рдорд╛рд╕рд╛рдареА 200 рдЪреА рдотАж,mr
рдзрд░реНрдорд╡реЗрдбреЗ рдкрдВрддрдкреНрд░рдзрд╛рди рдЕрд▓реНрдкрд╕рдВрдЦреНрдпрд╛рдХ рд╕рдорд╛рдЬрд╛рд▓рд╛ рдиреНрдпрд╛рдп рджреЗрдК рдЗрдЪреНрдЫрд┐рдд рдирд╛рд╣реАрдд. https://t.co/WMWDdaYFnX,mr
"рдЪрд╛рд▓рдд рд░рд╣рд╛ , рдирдХреНрдХреА рдЖрдкрд▓реНрдпрд╛ рдЗрдЪреНрдЫрд┐рдд рд╕реНрдерд│реА рдкреЛрд╣реЛрдЪрд╛рд▓.

#рдорд░рд╛рдареАрдЯреНрд╡рд┐рдЯ #рдорд░рд╛рдареА #рдорд░рд╛рдареАрд╡реНрдЯрд┐рдЯрд░ #рд╡рд┐рдЪрд╛рд░ #рдЪрд╛рд▓рдд #рдорд░рд╛рдареАрдХрдЯреНрдЯрд╛",mr
RT @ANILGALGALIRTI: рд╡рд╛рдирдЦреЗрдбреЗ рд╕реНрдЯреЗрдбрд┐рдпрдорд╡рд░ 29 рдСрдХреНрдЯреЛрдмрд░рд▓рд╛ 1500 рдирд┐рдордВрддреНрд░рдг рдкрд╛рдард╡реВрди @MumbaiCricAssoc рдХрд╛рдп рд╕рд╛рдзреНрдп рдХрд░реБ рдЗрдЪреНрдЫрд┐рдд рдЖрд╣реЗ?рдХрд╛рд░реНрдпрдХреНрд░рдорд╛рд╕рд╛рдареА 200 рдЪреА рдотАж,mr
рд╡рд╛рдирдЦреЗрдбреЗ рд╕реНрдЯреЗрдбрд┐рдпрдорд╡рд░ 29 рдСрдХреНрдЯреЛрдмрд░рд▓рд╛ 1500 рдирд┐рдордВрддреНрд░рдг рдкрд╛рдард╡реВрди @MumbaiCricAssoc рдХрд╛рдп рд╕рд╛рдзреНрдп рдХрд░реБ рдЗрдЪреНрдЫрд┐рдд рдЖрд╣реЗ?рдХрд╛рд░реНрдпрдХреНрд░рдорд╛рд╕рд╛рдареА 200тАж https://t.co/odHOT94qRB,mr
рдкреНрд░рдЬрд╛рдкрддрд┐ рдмреНрд░рд╣реНрдорд╛рдиреЗ рдХрд▓реНрдкрдХреЗ рдЖрджрд┐рдореЗрдВ рдпрдЬреНрдЮрд╕рд╣рд┐рдд рдкреНрд░рдЬрд╛рдУрдВрдХреЛ рд░рдЪрдХрд░ рдЙрдирд╕реЗ рдХрд╣рд╛ рдХрд┐ рддреБрдорд▓реЛрдЧ рдЗрд╕ рдпрдЬреНрдЮрдХреЗ рджреНрд╡рд╛рд░рд╛ рд╡реГрджреНрдзрд┐рдХреЛ рдкреНрд░рд╛рдкреНрдд рд╣реЛрдУ рдФтАж https://t.co/O0sppU6mgh,hi
"RT @Nurses_Union18: рдирд░реНрд╕реЗрдЬ рднрд░реНрддреА 2018 рдореЗрдВ рдЪрдпрдирд┐рдд рдирд░реНрд╕реЗрдЬ рдХреЗ рд╕рд╛рде рдиреНрдпрд╛рдп рдХрд░реЛ ред
рд╕рднреА рдирд░реНрд╕реЗрдЬ рдХрд╛ рдЗрдЪреНрдЫреАрдд рд╕реНрдерд╛рди рдкрд░ рдкрджрд╕реНрдерд╛рдкрди рдХрд░реЛ ред
@dr_churu @hanumanbeтАж",hi
RT @totaly_sober: @ashish_jadhao рд╣реЗрдЪ рддрд░ рдорд░рд╛рдареА рдЬрдирддрд╛ рдорд░рд╛рдареА рдЕрд╕реНрдорд┐рддреЗрдЪреА рдкреБрдВрдЧреА рд╡рдЭрд╡реНрдирд░реНрдпрд▓рд╛ рд╕рд╛рдВрдЧреВ рдЗрдЪреНрдЫрд┐рдд рдЖрд╣реЗ рдорд░рд╛рдареА рдЕрд╕реНрдорд┐рддрд╛ рдлрдХреНрдд рдирд┐рд╡рдбрдгреБрдХреА рдкреВрд░реНрд╡реА рдирд╕рд╛тАж,mr
@ashish_jadhao рд╣реЗрдЪ рддрд░ рдорд░рд╛рдареА рдЬрдирддрд╛ рдорд░рд╛рдареА рдЕрд╕реНрдорд┐рддреЗрдЪреА рдкреБрдВрдЧреА рд╡рдЭрд╡реНрдирд░реНрдпрд▓рд╛ рд╕рд╛рдВрдЧреВ рдЗрдЪреНрдЫрд┐рдд рдЖрд╣реЗ рдорд░рд╛рдареА рдЕрд╕реНрдорд┐рддрд╛ рдлрдХреНрдд рдирд┐рд╡рдбрдгреБрдХреА рдкреВтАж https://t.co/suvElEWdxK,mr
"ЁЯЗоЁЯЗ│ ""рдЯреЕрд▓реЗрдВрдЯ-рд╡реЙрд░"" рдЧрдорд╛рд╡реВ рдЗрдЪреНрдЫрд┐рдд рдирд╛рд╣реА.

 рдЖрдореНрд╣реА рдХреНрд░рд┐рдкреНрдЯреЛрд╡рд░ рдмрдВрджреА рдШрд╛рддрд▓реНрдпрд╛рд╕ рдЖрдордЪреНрдпрд╛ рд╕реЙрдлреНрдЯрд╡реЗрдЕрд░ рд╡реНрдпрд╛рд╡рд╕рд╛рдпрд┐рдХрд╛рдВрдиреА рдЖрдгрд┐ рдЙрджреНрдпреЛрдЬрдХрд╛рдВрдиреАтАж https://t.co/O2mwz74yX1",mr
"RT @ajaytiwari07: рдЕрдирд╛рджрд┐ рдХрд╛рд▓ рд╕реЗ рднрд╛рд░рдд рдореЗрдВ рд╕рдорд╛рдЬ рдХреА рд╕рд╛рдореВрд╣рд┐рдХ рд╢рдХреНрддрд┐ рдкрд░ рднрд░реЛрд╕рд╛ рдХрд┐рдпрд╛ рдЧрдпрд╛ рд╣реИред
 рдпреЗ рдЕрд░рд╕реЗ рддрдХ рд╣рдорд╛рд░реА рд╕рд╛рдорд╛рдЬрд┐рдХ рдкрд░рдВрдкрд░рд╛ рдХрд╛ рд╣рд┐рд╕реНрд╕рд╛ рд░рд╣рд╛ рд╣реИред рдЬрдм рд╕тАж",hi
"RT @ajaytiwari07: рдЕрдирд╛рджрд┐ рдХрд╛рд▓ рд╕реЗ рднрд╛рд░рдд рдореЗрдВ рд╕рдорд╛рдЬ рдХреА рд╕рд╛рдореВрд╣рд┐рдХ рд╢рдХреНрддрд┐ рдкрд░ рднрд░реЛрд╕рд╛ рдХрд┐рдпрд╛ рдЧрдпрд╛ рд╣реИред
 рдпреЗ рдЕрд░рд╕реЗ рддрдХ рд╣рдорд╛рд░реА рд╕рд╛рдорд╛рдЬрд┐рдХ рдкрд░рдВрдкрд░рд╛ рдХрд╛ рд╣рд┐рд╕реНрд╕рд╛ рд░рд╣рд╛ рд╣реИред рдЬрдм рд╕тАж",hi
"RT @ajaytiwari07: рдЕрдирд╛рджрд┐ рдХрд╛рд▓ рд╕реЗ рднрд╛рд░рдд рдореЗрдВ рд╕рдорд╛рдЬ рдХреА рд╕рд╛рдореВрд╣рд┐рдХ рд╢рдХреНрддрд┐ рдкрд░ рднрд░реЛрд╕рд╛ рдХрд┐рдпрд╛ рдЧрдпрд╛ рд╣реИред
 рдпреЗ рдЕрд░рд╕реЗ рддрдХ рд╣рдорд╛рд░реА рд╕рд╛рдорд╛рдЬрд┐рдХ рдкрд░рдВрдкрд░рд╛ рдХрд╛ рд╣рд┐рд╕реНрд╕рд╛ рд░рд╣рд╛ рд╣реИред рдЬрдм рд╕тАж",hi
RT @RajNagar84: @lokmat рдЕрдорд┐рдд рд╢рд╣рд╛ рдпрд╛рдВрдЪреА рд╣реА рдореЛрдбрд╕ рдСрдкрд░реЗрдВрдбреА рдЭрд╛рд▓реА рдЖрд╣реЗ рдЬреЛ рдкрдг рдорд╣рд╛рд░рд╛рд╖реНрдЯреНрд░ рд╡рд┐рд░реЛрдзреА рднреВрдорд┐рдХрд╛ рдШреЗрдИрд▓ рддреНрдпрд╛рд▓рд╛ рдЭреЗрдб рдкреНрд▓рд╕ рд╕рд┐рдХреНрдпреБрд░рд┐рдЯреА рджреЗрдгреНрдпрд╛рдд рдпреЗрдИрд▓тАж,mr
@lokmat рдЕрдорд┐рдд рд╢рд╣рд╛ рдпрд╛рдВрдЪреА рд╣реА рдореЛрдбрд╕ рдСрдкрд░реЗрдВрдбреА рдЭрд╛рд▓реА рдЖрд╣реЗ рдЬреЛ рдкрдг рдорд╣рд╛рд░рд╛рд╖реНрдЯреНрд░ рд╡рд┐рд░реЛрдзреА рднреВрдорд┐рдХрд╛ рдШреЗрдИрд▓ рддреНрдпрд╛рд▓рд╛ рдЭреЗрдб рдкреНрд▓рд╕ рд╕рд┐рдХреНрдпреБрд░рд┐рдЯреА рджреЗтАж https://t.co/nob4XrhWJT,mr
"RT @SatishRawale: @anilshidore рдорд░рд╛рдареА рдЙрджреНрдпреЛрдЧрдкрддреА рд╕рдиреНрдЦреНрдпреЗрдиреЗ рдХрдореА рдЖрд╣реЗрдд, рдЬреАрддрдХреЗ рдЖрд╣реЗрдд рддреЗ рд╣реНрдпрд╛ рдореВрд░реНрдЦрдкрдгрд╛рдЪреНрдпрд╛ рдЦреЗрд│рд╛рд╕рд╛рдареА рдЖрдкрд▓рд╛ рд╡реЗрд│ рд╡ рдкреИрд╕рд╛ рджреЗрд╡реВ рдИрдЪреНрдЫреАрдд рдирд╛тАж",mr
"RT @ajaytiwari07: рдЕрдирд╛рджрд┐ рдХрд╛рд▓ рд╕реЗ рднрд╛рд░рдд рдореЗрдВ рд╕рдорд╛рдЬ рдХреА рд╕рд╛рдореВрд╣рд┐рдХ рд╢рдХреНрддрд┐ рдкрд░ рднрд░реЛрд╕рд╛ рдХрд┐рдпрд╛ рдЧрдпрд╛ рд╣реИред
 рдпреЗ рдЕрд░рд╕реЗ рддрдХ рд╣рдорд╛рд░реА рд╕рд╛рдорд╛рдЬрд┐рдХ рдкрд░рдВрдкрд░рд╛ рдХрд╛ рд╣рд┐рд╕реНрд╕рд╛ рд░рд╣рд╛ рд╣реИред рдЬрдм рд╕тАж",hi
"RT @ajaytiwari07: рдЕрдирд╛рджрд┐ рдХрд╛рд▓ рд╕реЗ рднрд╛рд░рдд рдореЗрдВ рд╕рдорд╛рдЬ рдХреА рд╕рд╛рдореВрд╣рд┐рдХ рд╢рдХреНрддрд┐ рдкрд░ рднрд░реЛрд╕рд╛ рдХрд┐рдпрд╛ рдЧрдпрд╛ рд╣реИред
 рдпреЗ рдЕрд░рд╕реЗ рддрдХ рд╣рдорд╛рд░реА рд╕рд╛рдорд╛рдЬрд┐рдХ рдкрд░рдВрдкрд░рд╛ рдХрд╛ рд╣рд┐рд╕реНрд╕рд╛ рд░рд╣рд╛ рд╣реИред рдЬрдм рд╕тАж",hi
"RT @ajaytiwari07: рдЕрдирд╛рджрд┐ рдХрд╛рд▓ рд╕реЗ рднрд╛рд░рдд рдореЗрдВ рд╕рдорд╛рдЬ рдХреА рд╕рд╛рдореВрд╣рд┐рдХ рд╢рдХреНрддрд┐ рдкрд░ рднрд░реЛрд╕рд╛ рдХрд┐рдпрд╛ рдЧрдпрд╛ рд╣реИред
 рдпреЗ рдЕрд░рд╕реЗ рддрдХ рд╣рдорд╛рд░реА рд╕рд╛рдорд╛рдЬрд┐рдХ рдкрд░рдВрдкрд░рд╛ рдХрд╛ рд╣рд┐рд╕реНрд╕рд╛ рд░рд╣рд╛ рд╣реИред рдЬрдм рд╕тАж",hi
RT @hariomgroup: рдЗрдЪреНрдЫрд┐рдд рд╡рд╕реНрддреБ рдирд╣реАрдВ рдорд┐рд▓реЗ рддреЛ рдЦреБрд╢реА рдордирд╛рдУ рдФрд░ рдорд┐рд▓реЗ рддреЛ рдЙрд╕рдХрд╛ рд╕рджреБрдкрдпреЛрдЧ рдХрд░реЛ рддреЛ рдЖрдкрдХрд╛ рд╡рд┐рдХрд╛рд╕ рд╣реЛрдЧрд╛ ред - рдкреВрдЬреНрдп рдмрд╛рдкреВрдЬреА https://t.co/T2Ji5cVKZ1,hi
"рджрддреНрддрдорд┐рд╖реНрдЯрдВ рддрдкрд╕реНрддрдкреНрддрдВ рддреАрд░реНрдерд╕реЗрд╡рд╛ рддрдерд╛ рд╢реНрд░реБрддрдореН ред
рд╕рд░реНрд╡реЗрд╜рдкреНрдпрднрдп рджрд╛рдирд╕реНрдп рдХрд▓рд╛рдВ рдирд╛рд░реНрд╣рдиреНрддрд┐ рд╖реЛрдбрд╢реАрдореН рее 
рдЕрд░реНрдерд╛рдд:- рдЗрдЪреНрдЫрд┐рдд рд╡рд╕реНрддреБ рдХрд╛тАж https://t.co/VVxk9jHlYj",hi
"RT @ajaytiwari07: рдЕрдирд╛рджрд┐ рдХрд╛рд▓ рд╕реЗ рднрд╛рд░рдд рдореЗрдВ рд╕рдорд╛рдЬ рдХреА рд╕рд╛рдореВрд╣рд┐рдХ рд╢рдХреНрддрд┐ рдкрд░ рднрд░реЛрд╕рд╛ рдХрд┐рдпрд╛ рдЧрдпрд╛ рд╣реИред
 рдпреЗ рдЕрд░рд╕реЗ рддрдХ рд╣рдорд╛рд░реА рд╕рд╛рдорд╛рдЬрд┐рдХ рдкрд░рдВрдкрд░рд╛ рдХрд╛ рд╣рд┐рд╕реНрд╕рд╛ рд░рд╣рд╛ рд╣реИред рдЬрдм рд╕тАж",hi
"@deepakbhatuse @nawabmalikncp рдмрд╣реБрддреЗрдХ рдирд╡рд╛рдм рдорд▓рд┐рдХ рдЬрд╛рд╡рдИ рдХрд░реВ рдЗрдЪреНрдЫрд┐рдд рд╣реЛрддреЗ рд╕рдореАрд░ рдпрд╛рдВрдирд╛
рдкрд░рдВрддреБ рд╕рдореАрд░ рдпрд╛рдВрдиреА рдирдХрд╛рд░ рджрд┐рд▓рд╛ рдЕрд╕реЗрд▓ рдмрд╣реБрддреЗрдХ",mr
"RT @ajaytiwari07: рдЕрдирд╛рджрд┐ рдХрд╛рд▓ рд╕реЗ рднрд╛рд░рдд рдореЗрдВ рд╕рдорд╛рдЬ рдХреА рд╕рд╛рдореВрд╣рд┐рдХ рд╢рдХреНрддрд┐ рдкрд░ рднрд░реЛрд╕рд╛ рдХрд┐рдпрд╛ рдЧрдпрд╛ рд╣реИред
 рдпреЗ рдЕрд░рд╕реЗ рддрдХ рд╣рдорд╛рд░реА рд╕рд╛рдорд╛рдЬрд┐рдХ рдкрд░рдВрдкрд░рд╛ рдХрд╛ рд╣рд┐рд╕реНрд╕рд╛ рд░рд╣рд╛ рд╣реИред рдЬрдм рд╕тАж",hi
"RT @ajaytiwari07: рдЕрдирд╛рджрд┐ рдХрд╛рд▓ рд╕реЗ рднрд╛рд░рдд рдореЗрдВ рд╕рдорд╛рдЬ рдХреА рд╕рд╛рдореВрд╣рд┐рдХ рд╢рдХреНрддрд┐ рдкрд░ рднрд░реЛрд╕рд╛ рдХрд┐рдпрд╛ рдЧрдпрд╛ рд╣реИред
 рдпреЗ рдЕрд░рд╕реЗ рддрдХ рд╣рдорд╛рд░реА рд╕рд╛рдорд╛рдЬрд┐рдХ рдкрд░рдВрдкрд░рд╛ рдХрд╛ рд╣рд┐рд╕реНрд╕рд╛ рд░рд╣рд╛ рд╣реИред рдЬрдм рд╕тАж",hi
"RT @ajaytiwari07: рдЕрдирд╛рджрд┐ рдХрд╛рд▓ рд╕реЗ рднрд╛рд░рдд рдореЗрдВ рд╕рдорд╛рдЬ рдХреА рд╕рд╛рдореВрд╣рд┐рдХ рд╢рдХреНрддрд┐ рдкрд░ рднрд░реЛрд╕рд╛ рдХрд┐рдпрд╛ рдЧрдпрд╛ рд╣реИред
 рдпреЗ рдЕрд░рд╕реЗ рддрдХ рд╣рдорд╛рд░реА рд╕рд╛рдорд╛рдЬрд┐рдХ рдкрд░рдВрдкрд░рд╛ рдХрд╛ рд╣рд┐рд╕реНрд╕рд╛ рд░рд╣рд╛ рд╣реИред рдЬрдм рд╕тАж",hi
"RT @ajaytiwari07: рдЕрдирд╛рджрд┐ рдХрд╛рд▓ рд╕реЗ рднрд╛рд░рдд рдореЗрдВ рд╕рдорд╛рдЬ рдХреА рд╕рд╛рдореВрд╣рд┐рдХ рд╢рдХреНрддрд┐ рдкрд░ рднрд░реЛрд╕рд╛ рдХрд┐рдпрд╛ рдЧрдпрд╛ рд╣реИред
 рдпреЗ рдЕрд░рд╕реЗ рддрдХ рд╣рдорд╛рд░реА рд╕рд╛рдорд╛рдЬрд┐рдХ рдкрд░рдВрдкрд░рд╛ рдХрд╛ рд╣рд┐рд╕реНрд╕рд╛ рд░рд╣рд╛ рд╣реИред рдЬрдм рд╕тАж",hi
"RT @ajaytiwari07: рдЕрдирд╛рджрд┐ рдХрд╛рд▓ рд╕реЗ рднрд╛рд░рдд рдореЗрдВ рд╕рдорд╛рдЬ рдХреА рд╕рд╛рдореВрд╣рд┐рдХ рд╢рдХреНрддрд┐ рдкрд░ рднрд░реЛрд╕рд╛ рдХрд┐рдпрд╛ рдЧрдпрд╛ рд╣реИред
 рдпреЗ рдЕрд░рд╕реЗ рддрдХ рд╣рдорд╛рд░реА рд╕рд╛рдорд╛рдЬрд┐рдХ рдкрд░рдВрдкрд░рд╛ рдХрд╛ рд╣рд┐рд╕реНрд╕рд╛ рд░рд╣рд╛ рд╣реИред рдЬрдм рд╕тАж",hi
"RT @rajekuldeep1: рддрд░, рд░реБрдЧреНрдгрд╛рд▓рдпрд╛рдЪреЗ рдХреЗрдВрджреНрд░ рдкрд░рд│ рдЕрд╕рд▓реНрдпрд╛рдиреЗ рд╡рд╛рд░рдВрд╡рд╛рд░ рдкрд░рд│ рд░реЗрд▓реНрд╡реЗ рд╕реНрдерд╛рдирдХрд╛рд╡рд░реВрди рдЗрдЪреНрдЫрд┐рдд рд░реБрдЧреНрдгрд╛рд▓рдпрд╛рдд рд░реБрдЧреНрдгрд╡рд╛рд╣рд┐рдХрд╛ рдЬрд╛рддреЗ. рдорд╛рддреНрд░, рдпреЗрдереАрд▓ рдлреЗрд░реАтАж",mr
"RT @rajekuldeep1: рддрд░, рд░реБрдЧреНрдгрд╛рд▓рдпрд╛рдЪреЗ рдХреЗрдВрджреНрд░ рдкрд░рд│ рдЕрд╕рд▓реНрдпрд╛рдиреЗ рд╡рд╛рд░рдВрд╡рд╛рд░ рдкрд░рд│ рд░реЗрд▓реНрд╡реЗ рд╕реНрдерд╛рдирдХрд╛рд╡рд░реВрди рдЗрдЪреНрдЫрд┐рдд рд░реБрдЧреНрдгрд╛рд▓рдпрд╛рдд рд░реБрдЧреНрдгрд╡рд╛рд╣рд┐рдХрд╛ рдЬрд╛рддреЗ. рдорд╛рддреНрд░, рдпреЗрдереАрд▓ рдлреЗрд░реАтАж",mr
"RT @rajekuldeep1: рддрд░, рд░реБрдЧреНрдгрд╛рд▓рдпрд╛рдЪреЗ рдХреЗрдВрджреНрд░ рдкрд░рд│ рдЕрд╕рд▓реНрдпрд╛рдиреЗ рд╡рд╛рд░рдВрд╡рд╛рд░ рдкрд░рд│ рд░реЗрд▓реНрд╡реЗ рд╕реНрдерд╛рдирдХрд╛рд╡рд░реВрди рдЗрдЪреНрдЫрд┐рдд рд░реБрдЧреНрдгрд╛рд▓рдпрд╛рдд рд░реБрдЧреНрдгрд╡рд╛рд╣рд┐рдХрд╛ рдЬрд╛рддреЗ. рдорд╛рддреНрд░, рдпреЗрдереАрд▓ рдлреЗрд░реАтАж",mr
"RT @ajaytiwari07: рдЕрдирд╛рджрд┐ рдХрд╛рд▓ рд╕реЗ рднрд╛рд░рдд рдореЗрдВ рд╕рдорд╛рдЬ рдХреА рд╕рд╛рдореВрд╣рд┐рдХ рд╢рдХреНрддрд┐ рдкрд░ рднрд░реЛрд╕рд╛ рдХрд┐рдпрд╛ рдЧрдпрд╛ рд╣реИред
 рдпреЗ рдЕрд░рд╕реЗ рддрдХ рд╣рдорд╛рд░реА рд╕рд╛рдорд╛рдЬрд┐рдХ рдкрд░рдВрдкрд░рд╛ рдХрд╛ рд╣рд┐рд╕реНрд╕рд╛ рд░рд╣рд╛ рд╣реИред рдЬрдм рд╕тАж",hi
"@anilshidore рдорд░рд╛рдареА рдЙрджреНрдпреЛрдЧрдкрддреА рд╕рдиреНрдЦреНрдпреЗрдиреЗ рдХрдореА рдЖрд╣реЗрдд, рдЬреАрддрдХреЗ рдЖрд╣реЗрдд рддреЗ рд╣реНрдпрд╛ рдореВрд░реНрдЦрдкрдгрд╛рдЪреНрдпрд╛ рдЦреЗрд│рд╛рд╕рд╛рдареА рдЖрдкрд▓рд╛ рд╡реЗрд│ рд╡ рдкреИрд╕рд╛ рджреЗрд╡реВ рдИрдЪреНрдЫреАрдд рдирд╛рд╣реА.",mr
"RT @ajaytiwari07: рдЕрдирд╛рджрд┐ рдХрд╛рд▓ рд╕реЗ рднрд╛рд░рдд рдореЗрдВ рд╕рдорд╛рдЬ рдХреА рд╕рд╛рдореВрд╣рд┐рдХ рд╢рдХреНрддрд┐ рдкрд░ рднрд░реЛрд╕рд╛ рдХрд┐рдпрд╛ рдЧрдпрд╛ рд╣реИред
 рдпреЗ рдЕрд░рд╕реЗ рддрдХ рд╣рдорд╛рд░реА рд╕рд╛рдорд╛рдЬрд┐рдХ рдкрд░рдВрдкрд░рд╛ рдХрд╛ рд╣рд┐рд╕реНрд╕рд╛ рд░рд╣рд╛ рд╣реИред рдЬрдм рд╕тАж",hi
"RT @ajaytiwari07: рдЕрдирд╛рджрд┐ рдХрд╛рд▓ рд╕реЗ рднрд╛рд░рдд рдореЗрдВ рд╕рдорд╛рдЬ рдХреА рд╕рд╛рдореВрд╣рд┐рдХ рд╢рдХреНрддрд┐ рдкрд░ рднрд░реЛрд╕рд╛ рдХрд┐рдпрд╛ рдЧрдпрд╛ рд╣реИред
 рдпреЗ рдЕрд░рд╕реЗ рддрдХ рд╣рдорд╛рд░реА рд╕рд╛рдорд╛рдЬрд┐рдХ рдкрд░рдВрдкрд░рд╛ рдХрд╛ рд╣рд┐рд╕реНрд╕рд╛ рд░рд╣рд╛ рд╣реИред рдЬрдм рд╕тАж",hi
"RT @ajaytiwari07: рдЕрдирд╛рджрд┐ рдХрд╛рд▓ рд╕реЗ рднрд╛рд░рдд рдореЗрдВ рд╕рдорд╛рдЬ рдХреА рд╕рд╛рдореВрд╣рд┐рдХ рд╢рдХреНрддрд┐ рдкрд░ рднрд░реЛрд╕рд╛ рдХрд┐рдпрд╛ рдЧрдпрд╛ рд╣реИред
 рдпреЗ рдЕрд░рд╕реЗ рддрдХ рд╣рдорд╛рд░реА рд╕рд╛рдорд╛рдЬрд┐рдХ рдкрд░рдВрдкрд░рд╛ рдХрд╛ рд╣рд┐рд╕реНрд╕рд╛ рд░рд╣рд╛ рд╣реИред рдЬрдм рд╕тАж",hi
"рддрд░, рд░реБрдЧреНрдгрд╛рд▓рдпрд╛рдЪреЗ рдХреЗрдВрджреНрд░ рдкрд░рд│ рдЕрд╕рд▓реНрдпрд╛рдиреЗ рд╡рд╛рд░рдВрд╡рд╛рд░ рдкрд░рд│ рд░реЗрд▓реНрд╡реЗ рд╕реНрдерд╛рдирдХрд╛рд╡рд░реВрди рдЗрдЪреНрдЫрд┐рдд рд░реБрдЧреНрдгрд╛рд▓рдпрд╛рдд рд░реБрдЧреНрдгрд╡рд╛рд╣рд┐рдХрд╛ рдЬрд╛рддреЗ. рдорд╛рддреНрд░, рдпреЗрдереАрд▓тАж https://t.co/7VzYno3KC4",mr
"рдЕрдирд╛рджрд┐ рдХрд╛рд▓ рд╕реЗ рднрд╛рд░рдд рдореЗрдВ рд╕рдорд╛рдЬ рдХреА рд╕рд╛рдореВрд╣рд┐рдХ рд╢рдХреНрддрд┐ рдкрд░ рднрд░реЛрд╕рд╛ рдХрд┐рдпрд╛ рдЧрдпрд╛ рд╣реИред
 рдпреЗ рдЕрд░рд╕реЗ рддрдХ рд╣рдорд╛рд░реА рд╕рд╛рдорд╛рдЬрд┐рдХ рдкрд░рдВрдкрд░рд╛ рдХрд╛ рд╣рд┐рд╕реНрд╕рд╛ рд░рд╣рд╛ рд╣реИтАж https://t.co/h8739yFC3q",hi
"MUST READ | рдореА рдпрд╛рд╡рд░ рдХреЛрдгрддрдЪ рднрд╛рд╖реНрдп рдХрд░реВ рдЗрдЪреНрдЫрд┐рдд рдирд╛рд╣реАрдГ рд░рд╛рдЬреЗрдВрджреНрд░ рдЖрд░реНрд▓реЗрдХрд░
------------------------
рд╕рд╡рд┐рд╕реНрддрд░ рд╡рд╛рдЪрдгреНрдпрд╛рд╕рд╛рдареА LinkтАж https://t.co/L5tDK19ZLM",mr
"рдЦреБрдж рдкрд░ рд╡рд┐рд╢реНрд╡рд╛рд╕ рд░рдЦреЛ рднрдЧрд╡рд╛рди рд╢реНрд░реА рдХреГрд╖реНрдг рдХрд╣рддреЗ рд╣реЗрдВ 
рд╡реНрдпрдХреНрддрд┐ рдЬреЛ рдЪрд╛рд╣реЗ рдмрди рд╕рдХрддрд╛ рд╣реЗ рдпрджрд┐ рд╡рд╣ рдЗрдЪреНрдЫрд┐рдд 
рд╡рд╕реНрддреБ рдкрд░ рдзреНрдпрд╛рди рд▓рдЧрд╛ рдХрд░ рдЪрд┐рдВрддрдитАж https://t.co/zLVc0kjqLy",hi
RT @Jayant_R_Patil: рд░рд╛рд╖реНрдЯреНрд░рд╡рд╛рджреА рдкрд░рд┐рд╡рд╛рд░ рд╕рдВрд╡рд╛рдж рдпрд╛рддреНрд░реЗрджрд░рдореНрдпрд╛рди рдорд┐рд░рд╛-рднрд╛рдИрдВрджрд░ рд╡рд┐рдзрд╛рдирд╕рднрд╛ рдорддрджрд╛рд░рд╕рдВрдШрд╛рддреАрд▓ рдХрд╛рд░реНрдпрдХрд░реНрддреНрдпрд╛рдВрд╢реА рд╕рдВрд╡рд╛рдж рд╕рд╛рдзрд▓рд╛. рдкрд╡рд╛рд░ рд╕рд╛рд╣реЗрдмрд╛рдВрдЪреНрдпрд╛тАж,mr
@Jayant_R_Patil @Jayant_R_Patil рд╕рд╛рд╣реЗрдм рд░рд╛рдЬреНрдпрд╛рдд рд╕рд░реНрд╡рджреВрд░ рд╣реАрдЪ рдкрд░рд┐рд╕реНрдерд┐рддреА рдЖрд╣реЗ рд╕рд░реНрд╡ рд╡рдпреЛрдЧрдЯрд╛рддреАрд▓ рд╡реНрдпрдХреНрддреА рдЖрдЬ рдкрдХреНрд╖рд╛рдд рдХрд╛рдо рдХрд░реВ рдЗтАж https://t.co/vhYyax20jq,mr
"рдпрд╣ рд▓рдЧрднрдЧ рдорд╛рди рд▓рд┐рдпрд╛ рдЧрдпрд╛ рд╣реИ рдХрд┐ 'рдЭреВрда' рдХреА рдЧрддрд┐ 'рд╕рдЪ' рд╕реЗ рд▓рдЧрднрдЧ 7 рдЧреБрдирд╛ рдЬреНрдпрд╛рджрд╛ рд╣реИред 'рдЭреВрда ' рд╕реЗ рддрд╛рддреНрдкрд░реНрдп рдлреЗрдХ рдиреНрдпреВрдЬрд╝, рдкреНрд▓рд╛рдВрдЯреЗрдб рдиреНрдпреВтАж https://t.co/1Hq1EUeJGA",hi
"RT @Nurses_Union18: рдирд░реНрд╕реЗрдЬ рднрд░реНрддреА 2018 рдореЗрдВ рдЪрдпрдирд┐рдд рдирд░реНрд╕реЗрдЬ рдХреЗ рд╕рд╛рде рдиреНрдпрд╛рдп рдХрд░реЛ ред
рд╕рднреА рдирд░реНрд╕реЗрдЬ рдХрд╛ рдЗрдЪреНрдЫреАрдд рд╕реНрдерд╛рди рдкрд░ рдкрджрд╕реНрдерд╛рдкрди рдХрд░реЛ ред
@dr_churu @hanumanbeтАж",hi
рдЕрдЪреНрдЫрд╛ рд▓рдЧреЗрдЧрд╛ред рддреЛ рддреБрдореНрд╣реЗрдВ рддреЛ рдпреЗ рд╣реА рд▓рдЧреЗрдЧрд╛ рдХрд┐ рдкреНрдпрд╛рд╕ рдХрд╛ рдирд╛рд╢ рд╣реБрдЖред рддреБрдореНрд╣реЗрдВ рддреЛ рдпреЗ рд╣реА рд▓рдЧреЗрдЧрд╛ рдХрд┐ рддреБрдореНрд╣реЗрдВ рдЗрдЪреНрдЫрд┐рдд рд╡рд╕реНрддреБ рдорд┐рд▓реАредтАж https://t.co/nd3AyuCx4F,hi
"RT @Suryaka53842993: рд╡реНрдпрдХреНрддрд┐ рдЬреЛ рдЪрд╛рд╣реЗ рдмрди рд╕рдХрддрд╛ рд╣реИ рдпрджреА рд╡рд╣ рд╡рд┐рд╢реНрд╡рд╛рд╕ рдХреЗ рд╕рд╛рде рдЗрдЪреНрдЫрд┐рдд рд╡рд╕реНрддреБ рдкрд░ рд▓рдЧрд╛рддрд╛рд░ рдЪрд┐рдВрддрди рдХрд░реЗ|

ЁЯЪйрд░рд╛рдо рд░рд╛рдо рдЬреАЁЯЪй*",hi
"RT @Suryaka53842993: рд╡реНрдпрдХреНрддрд┐ рдЬреЛ рдЪрд╛рд╣реЗ рдмрди рд╕рдХрддрд╛ рд╣реИ рдпрджреА рд╡рд╣ рд╡рд┐рд╢реНрд╡рд╛рд╕ рдХреЗ рд╕рд╛рде рдЗрдЪреНрдЫрд┐рдд рд╡рд╕реНрддреБ рдкрд░ рд▓рдЧрд╛рддрд╛рд░ рдЪрд┐рдВрддрди рдХрд░реЗ|

ЁЯЪйрд░рд╛рдо рд░рд╛рдо рдЬреАЁЯЪй*",hi
"рд╡реНрдпрдХреНрддрд┐ рдЬреЛ рдЪрд╛рд╣реЗ рдмрди рд╕рдХрддрд╛ рд╣реИ рдпрджреА рд╡рд╣ рд╡рд┐рд╢реНрд╡рд╛рд╕ рдХреЗ рд╕рд╛рде рдЗрдЪреНрдЫрд┐рдд рд╡рд╕реНрддреБ рдкрд░ рд▓рдЧрд╛рддрд╛рд░ рдЪрд┐рдВрддрди рдХрд░реЗ|

ЁЯЪйрд░рд╛рдо рд░рд╛рдо рдЬреАЁЯЪй*",hi
рдорд╛рд░реНрдХреЗрдЯ рдиреА рднрд╛рдК рддреЛрд░рд╕реЗрдХрд░ рджрд┐рд▓реЗ рдЖрдгрд┐ рдореА рдЖрдирдВрджреА рдЖрд╣реЗ ....рддреНрдпрд╛рдореБрд│реЗ рдкреИрд╕реЗ рджреЗрдК рдЗрдЪреНрдЫрд┐рдд  рдирд╛рд╣реА. рддрд╕рд╛ рддреБрдордЪрд╛ рдЪреЗрдВрдиреЗрд▓ рдлреБрдХрдЯ рд╕реБрдзрд╛ рдмрдШрдгрд╛рд░тАж https://t.co/yjl1fxQh2f,mr
"RT @ssimundhe: рдкрдЯреЗрд▓ рд░рд╛рдЬреЗрдВрджреНрд░рдкреНрд░рд╕рд╛рдж рдпрд╛рдВрдирд╛ рд░рд╛рд╖реНрдЯреНрд░рдкрддреА рдХрд░реВ рдЗрдЪреНрдЫрд┐рдд рд╣реЛрддреЗ,рд╢реЗрд╡рдЯреА рд░рд╛рдЬреЗрдВрджреНрд░рдкреНрд░рд╕рд╛рдж рдпрд╛рдВрдЪреАрдЪ рдирд┐рд╡рдб рдЭрд╛рд▓реА.
рдХрд╛рдБрдЧреНрд░реЗрд╕ рдкрдХреНрд╖ рд╕рдВрдШрдЯрдиреЗрд╡рд░ рдиреЗрд╣рд░реВрдВрдЪреАтАж",mr
"RT @MrsPoonamYadav: рдХреЛрдИ рднреА рд╡реНрдпрдХреНрддрд┐ рдпрд╛ рд╕рдВрдЧрдарди рдЬреЛ рдЪрд╛рд╣реЗ рдмрди рд╕рдХрддрд╛ рд╣реИ,рдпрджрд┐ рд╡рд╣ ,рдПрдХ рд╡рд┐рд╢реНрд╡рд╛рд╕ рдХреЗ рд╕рд╛рде,
рдЗрдЪреНрдЫрд┐рдд рд╡рд╕реНрддреБ рдкрд░ рд▓рдЧрд╛рддрд╛рд░ рдЪрд┐рдВрддрди рдХрд░реЗрдВ...!
   рд╣рдорд╛рд░рд╛ рд▓тАж",hi
"@anujhapli рд╕рд╛рдВрдЪреНрдЪрд┐рдХреИ рдЬреНрдЮрд╛рдиреА рдЫреБ рд╣рдЬреБрд░ , рдЦреБрд╢реА рд▓рд╛рдЧреНрдпреЛ , рдЬрдп рд╣реЛрд╕ , рдИрдЪреНрдЫрд┐рдд рдлрд▓ рдкреНрд░рд╛рдкреНрдд рд╣реЛрд╕ рд╣рдЬреБрд░ !ЁЯШНЁЯШБЁЯЩПЁЯМ╣ЁЯМ╛",ne
"рдкрдЯреЗрд▓ рд░рд╛рдЬреЗрдВрджреНрд░рдкреНрд░рд╕рд╛рдж рдпрд╛рдВрдирд╛ рд░рд╛рд╖реНрдЯреНрд░рдкрддреА рдХрд░реВ рдЗрдЪреНрдЫрд┐рдд рд╣реЛрддреЗ,рд╢реЗрд╡рдЯреА рд░рд╛рдЬреЗрдВрджреНрд░рдкреНрд░рд╕рд╛рдж рдпрд╛рдВрдЪреАрдЪ рдирд┐рд╡рдб рдЭрд╛рд▓реА.
рдХрд╛рдБрдЧреНрд░реЗрд╕ рдкрдХреНрд╖ рд╕рдВрдШрдЯрдиреЗрд╡рд░тАж https://t.co/KFzZFon4mp",mr
"RT @the_noutanki: рдЬрдЧрдд рдирд┐рдпрдВрддрд╛ рдЬрдЧрджреАрд╢реНрд╡рд░ рдХреЗ,
рдЪрд░рдгреЛрдВ рдореЗрдВ рдпрд╣реА рд╡рдВрджрди рд╣реИ,
рд╢рдд рд╡рд░реНрд╖ рдХрд╛ рдЬреАрд╡рди рд╣реЛ рддреЗрд░рд╛,
рдЬрдиреНрдореЛрддреНрд╕рд╡ рдХрд╛ рдЕрднрд┐рдирдВрджрди рд╣реИ.
рд╕рджрд╛ рд╕реБрдЦреЛрдВ рд╕реЗ рд▓рджреА рд░рд╣реЛ рддреБрдотАж",hi
"RT @SohanDa87485504: #GodMorningFriday 
рджреБрд░реНрдЧрд╛ рдХреЛ рдкреНрд░рд╕рдиреНрди рдХрд░рдиреЗ рдХрд╛ рд╕рд╣реА рдордВрддреНрд░ рддрддреНрд╡рджрд░реНрд╢реА рд╕рдиреНрдд рд╕реЗ рдкреНрд░рд╛рдкреНрдд рдХрд░реЛ, рдЗрд╕рд╕реЗ рд╡реНрд╡ рдЖрдкрдХреЛ рдЗрдЪреНрдЫрд┐рдд рдлрд▓ рджреЗ рд╕рдХреЗредтАж",hi
"RT @the_noutanki: рдЬрдЧрдд рдирд┐рдпрдВрддрд╛ рдЬрдЧрджреАрд╢реНрд╡рд░ рдХреЗ,
рдЪрд░рдгреЛрдВ рдореЗрдВ рдпрд╣реА рд╡рдВрджрди рд╣реИ,
рд╢рдд рд╡рд░реНрд╖ рдХрд╛ рдЬреАрд╡рди рд╣реЛ рддреЗрд░рд╛,
рдЬрдиреНрдореЛрддреНрд╕рд╡ рдХрд╛ рдЕрднрд┐рдирдВрджрди рд╣реИ.
рд╕рджрд╛ рд╕реБрдЦреЛрдВ рд╕реЗ рд▓рджреА рд░рд╣реЛ рддреБрдотАж",hi
"RT @the_noutanki: рдЬрдЧрдд рдирд┐рдпрдВрддрд╛ рдЬрдЧрджреАрд╢реНрд╡рд░ рдХреЗ,
рдЪрд░рдгреЛрдВ рдореЗрдВ рдпрд╣реА рд╡рдВрджрди рд╣реИ,
рд╢рдд рд╡рд░реНрд╖ рдХрд╛ рдЬреАрд╡рди рд╣реЛ рддреЗрд░рд╛,
рдЬрдиреНрдореЛрддреНрд╕рд╡ рдХрд╛ рдЕрднрд┐рдирдВрджрди рд╣реИ.
рд╕рджрд╛ рд╕реБрдЦреЛрдВ рд╕реЗ рд▓рджреА рд░рд╣реЛ рддреБрдотАж",hi
"RT @the_noutanki: рдЬрдЧрдд рдирд┐рдпрдВрддрд╛ рдЬрдЧрджреАрд╢реНрд╡рд░ рдХреЗ,
рдЪрд░рдгреЛрдВ рдореЗрдВ рдпрд╣реА рд╡рдВрджрди рд╣реИ,
рд╢рдд рд╡рд░реНрд╖ рдХрд╛ рдЬреАрд╡рди рд╣реЛ рддреЗрд░рд╛,
рдЬрдиреНрдореЛрддреНрд╕рд╡ рдХрд╛ рдЕрднрд┐рдирдВрджрди рд╣реИ.
рд╕рджрд╛ рд╕реБрдЦреЛрдВ рд╕реЗ рд▓рджреА рд░рд╣реЛ рддреБрдотАж",hi
"RT @the_noutanki: рдЬрдЧрдд рдирд┐рдпрдВрддрд╛ рдЬрдЧрджреАрд╢реНрд╡рд░ рдХреЗ,
рдЪрд░рдгреЛрдВ рдореЗрдВ рдпрд╣реА рд╡рдВрджрди рд╣реИ,
рд╢рдд рд╡рд░реНрд╖ рдХрд╛ рдЬреАрд╡рди рд╣реЛ рддреЗрд░рд╛,
рдЬрдиреНрдореЛрддреНрд╕рд╡ рдХрд╛ рдЕрднрд┐рдирдВрджрди рд╣реИ.
рд╕рджрд╛ рд╕реБрдЦреЛрдВ рд╕реЗ рд▓рджреА рд░рд╣реЛ рддреБрдотАж",hi
"RT @the_noutanki: рдЬрдЧрдд рдирд┐рдпрдВрддрд╛ рдЬрдЧрджреАрд╢реНрд╡рд░ рдХреЗ,
рдЪрд░рдгреЛрдВ рдореЗрдВ рдпрд╣реА рд╡рдВрджрди рд╣реИ,
рд╢рдд рд╡рд░реНрд╖ рдХрд╛ рдЬреАрд╡рди рд╣реЛ рддреЗрд░рд╛,
рдЬрдиреНрдореЛрддреНрд╕рд╡ рдХрд╛ рдЕрднрд┐рдирдВрджрди рд╣реИ.
рд╕рджрд╛ рд╕реБрдЦреЛрдВ рд╕реЗ рд▓рджреА рд░рд╣реЛ рддреБрдотАж",hi
"рдЬрдЧрдд рдирд┐рдпрдВрддрд╛ рдЬрдЧрджреАрд╢реНрд╡рд░ рдХреЗ,
рдЪрд░рдгреЛрдВ рдореЗрдВ рдпрд╣реА рд╡рдВрджрди рд╣реИ,
рд╢рдд рд╡рд░реНрд╖ рдХрд╛ рдЬреАрд╡рди рд╣реЛ рддреЗрд░рд╛,
рдЬрдиреНрдореЛрддреНрд╕рд╡ рдХрд╛ рдЕрднрд┐рдирдВрджрди рд╣реИ.
рд╕рджрд╛ рд╕реБрдЦреЛрдВ рд╕реЗ рд▓рджреА рд░тАж https://t.co/peQ0DFQITL",hi
RT @hariomgroup: рдЗрдЪреНрдЫрд┐рдд рд╡рд╕реНрддреБ рдирд╣реАрдВ рдорд┐рд▓реЗ рддреЛ рдЦреБрд╢реА рдордирд╛рдУ рдФрд░ рдорд┐рд▓реЗ рддреЛ рдЙрд╕рдХрд╛ рд╕рджреБрдкрдпреЛрдЧ рдХрд░реЛ рддреЛ рдЖрдкрдХрд╛ рд╡рд┐рдХрд╛рд╕ рд╣реЛрдЧрд╛ ред - рдкреВрдЬреНрдп рдмрд╛рдкреВрдЬреА https://t.co/T2Ji5cVKZ1,hi
"рд╕реМрджреА рдХрд┐рдВрдЧ рдЕрдмреНрджреБрд▓реНрд▓рд╛рдЪрд╛ рдЦреВрди рдХрд░реВ рдЗрдЪреНрдЫрд┐рдд рд╣реЛрддреЗ рдХреНрд░рд╛рдЙрди рдкреНрд░рд┐рдиреНрд╕ рд╕рд▓рдорд╛рди...рдореЛрдард╛ рдЦреБрд▓рд╛рд╕рд╛

#SaudiArabia #Saudi #USAтАж https://t.co/0nmEvFoKzJ",mr
"рд╣рд░ рд╡реНрдпрдХреНрддрд┐ рдЕрдкрдиреЗ рдорди рдореЗрдВ рдЕрдкреЗрдХреНрд╖рд╛ рдХреЗ рдЕрдиреБрд╕рд╛рд░ рдЖрд╕реНрд╡рд╛рджрди рдХрд░рддрд╛ рд╣реИ. рдЬреАрд╡ рдЪреЗрддрдирд╛ рдореЗрдВ рд░реБрдЪрд┐ (рд╕рдВрд╡реЗрджрдирд╛рддреГрдкреНрддрд┐) рдХреЗ рдЕрдиреБрд╕рд╛рд░, рдорд╛рдирд╡ рдЪреЗрддрдирд╛тАж https://t.co/DvhDLAGNKP",hi
RT @Jayant_R_Patil: рд░рд╛рд╖реНрдЯреНрд░рд╡рд╛рджреА рдкрд░рд┐рд╡рд╛рд░ рд╕рдВрд╡рд╛рдж рдпрд╛рддреНрд░реЗрджрд░рдореНрдпрд╛рди рдорд┐рд░рд╛-рднрд╛рдИрдВрджрд░ рд╡рд┐рдзрд╛рдирд╕рднрд╛ рдорддрджрд╛рд░рд╕рдВрдШрд╛рддреАрд▓ рдХрд╛рд░реНрдпрдХрд░реНрддреНрдпрд╛рдВрд╢реА рд╕рдВрд╡рд╛рдж рд╕рд╛рдзрд▓рд╛. рдкрд╡рд╛рд░ рд╕рд╛рд╣реЗрдмрд╛рдВрдЪреНрдпрд╛тАж,mr
"рдпрд╣ рдЗрдЪреНрдЫрд┐рдд рдкреНрд░рд╛рдкреНрддрдХрд░реНрддрд╛ рдирд╣реАрдВ рд╣реИ, рдХреГрдкрдпрд╛ рдЗрд╕реЗ рд╕рдЪ рдореЗрдВ рд╕реВрдЪрд┐рдд рдХрд░реЗрдВред 
PakLies DeceitDeception https://t.co/znvE20Qnk2",hi
"рдпрд╣ рдЗрдЪреНрдЫрд┐рдд рдкреНрд░рд╛рдкреНрддрдХрд░реНрддрд╛ рдирд╣реАрдВ рд╣реИ, рдХреГрдкрдпрд╛ рдЗрд╕реЗ рд╕рдЪ рдореЗрдВ рд╕реВрдЪрд┐рдд рдХрд░реЗрдВред 
PakLies DeceitDeception https://t.co/uVwfrQB5mS",hi
"@myself_vrinda рдЖрдореНрд╣рд╛рд▓рд╛ рдХрд╛рд╣реА  рдорд┐рд│рдд рдирд╛рд╣реА рдЖрдгрд┐ рдорд┐рд│рд╛рд▓рдВ рддрд░реА рдЖрдореНрд╣реА рдХрд╛рд╣реА  рдШреЗрдд рдирд╛рд╣реА. рдЖрдореНрд╣реА рдорддрджрд╛рди рдХрд░рддреЛ.
 рдЖрдореНрд╣реА рдорд░рд╛рдард╛ рд▓реЛрдХ рдорд╣рд╛тАж https://t.co/Bxk7VxUI1T",mr
"#рдЕрд▓реНрдк рд╕рдВрдЦреНрдпрд╛рдВрдХ рдЕрд╕реЛ рдХрд┐рдВрд╡рд╛ рдЬрд╛рд╕реНрдд рд╕рд╛рдВрдЦреНрдпрд╛рдВрдХ рдЕрд╕реЛ, рдореА рдПрдХ рдЯреЕрдХреНрд╕ payer рдЖрд╣реЗ рдорд╛рдЭреЗ рдШрд╛рдорд╛рдЪреЗ рдкреИрд╕реЗ рдореА рдХреЛрдгрддреНрдпрд╛рд╣реА рдлреБрдХрдЯреНрдпрд╛ рдЬрдорд╛рддреАрд▓рд╛тАж https://t.co/aNPGrIUilu",mr
@Makao7iv7iv #рдорд┐рд╕рд│ рд╕реЛрдмрдд рдмреНрд░реЗрдб рдЦрд╛рдгрд╛рд▒реНрдпрд╛рдВрдмрджреНрджрд▓ рдЖрдореНрд╣реА рдХрд╛рд╣реАрдЪ рдмреЛрд▓реВ рдЗрдЪреНрдЫрд┐рдд рдирд╛рд╣реА.,mr
"RT @MaheshYadaw000: рдЬрдиреНрдо рджрд┐рд╡рд╕ рдХреА рд╣рд╛рд░реНрджрд┐рдХ рдмрдзрд╛рдИ рд╡ рдордВрдЧрд▓рдХрд╛рдордирд╛рдПрдБ рдЧреБрд░реБрджреЗрд╡ @FROM_KALIYUGG рдЬреА...ЁЯТРЁЯТРЁЯТР

рдкреНрд░рднреБ рд╢реНрд░реА рд░рд╛рдо рд╕реЗ рдкреНрд░рд╛рд░реНрдердирд╛ рд╣реИ рдХрд┐ рдЖрдкрдХреЛ рдФрд░ рдЖрдкрдХреЗтАж",hi
"рдЬрдиреНрдо рджрд┐рд╡рд╕ рдХреА рд╣рд╛рд░реНрджрд┐рдХ рдмрдзрд╛рдИ рд╡ рдордВрдЧрд▓рдХрд╛рдордирд╛рдПрдБ рдЧреБрд░реБрджреЗрд╡ @FROM_KALIYUGG рдЬреА...ЁЯТРЁЯТРЁЯТР

рдкреНрд░рднреБ рд╢реНрд░реА рд░рд╛рдо рд╕реЗ рдкреНрд░рд╛рд░реНрдердирд╛ рд╣реИ рдХрд┐ рдЖрдкрдХреЛ рдФрд░тАж https://t.co/cX51PU8bO0",hi
RT @Jayant_R_Patil: рд░рд╛рд╖реНрдЯреНрд░рд╡рд╛рджреА рдкрд░рд┐рд╡рд╛рд░ рд╕рдВрд╡рд╛рдж рдпрд╛рддреНрд░реЗрджрд░рдореНрдпрд╛рди рдорд┐рд░рд╛-рднрд╛рдИрдВрджрд░ рд╡рд┐рдзрд╛рдирд╕рднрд╛ рдорддрджрд╛рд░рд╕рдВрдШрд╛рддреАрд▓ рдХрд╛рд░реНрдпрдХрд░реНрддреНрдпрд╛рдВрд╢реА рд╕рдВрд╡рд╛рдж рд╕рд╛рдзрд▓рд╛. рдкрд╡рд╛рд░ рд╕рд╛рд╣реЗрдмрд╛рдВрдЪреНрдпрд╛тАж,mr
RT @Jayant_R_Patil: рд░рд╛рд╖реНрдЯреНрд░рд╡рд╛рджреА рдкрд░рд┐рд╡рд╛рд░ рд╕рдВрд╡рд╛рдж рдпрд╛рддреНрд░реЗрджрд░рдореНрдпрд╛рди рдорд┐рд░рд╛-рднрд╛рдИрдВрджрд░ рд╡рд┐рдзрд╛рдирд╕рднрд╛ рдорддрджрд╛рд░рд╕рдВрдШрд╛рддреАрд▓ рдХрд╛рд░реНрдпрдХрд░реНрддреНрдпрд╛рдВрд╢реА рд╕рдВрд╡рд╛рдж рд╕рд╛рдзрд▓рд╛. рдкрд╡рд╛рд░ рд╕рд╛рд╣реЗрдмрд╛рдВрдЪреНрдпрд╛тАж,mr
RT @Jayant_R_Patil: рд░рд╛рд╖реНрдЯреНрд░рд╡рд╛рджреА рдкрд░рд┐рд╡рд╛рд░ рд╕рдВрд╡рд╛рдж рдпрд╛рддреНрд░реЗрджрд░рдореНрдпрд╛рди рдорд┐рд░рд╛-рднрд╛рдИрдВрджрд░ рд╡рд┐рдзрд╛рдирд╕рднрд╛ рдорддрджрд╛рд░рд╕рдВрдШрд╛рддреАрд▓ рдХрд╛рд░реНрдпрдХрд░реНрддреНрдпрд╛рдВрд╢реА рд╕рдВрд╡рд╛рдж рд╕рд╛рдзрд▓рд╛. рдкрд╡рд╛рд░ рд╕рд╛рд╣реЗрдмрд╛рдВрдЪреНрдпрд╛тАж,mr
RT @AAPkaIVS: рджрд░рдЕрд╕рд▓ рдирд╛рдЧрд░рд┐рдХреЛрдВ рдХреЛ рдЬрд╛рддрд┐-рдзрд░реНрдо-рднрд╛рд╖рд╛-рдХреНрд╖реЗрддреНрд░ рдХреЗ 'рдЫрджреНрдо рдЧреМрд░рд╡рдЧрд╛рди' рд╕реЗ 'рднреНрд░рдорд┐рдд рдХрд░ рднреЗрдбрд╝реЛрдВ рдХреЗ рдЭреБрдВрдб рдореЗрдВ рдмрджрд▓рдХрд░ рдЗрдЪреНрдЫрд┐рдд рдмрд╛рдбрд╝реЗ рдореЗрдВ рд╣рд╛рдБрдХрдирд╛' рдЖтАж,hi
"RT @MrsPoonamYadav: рдХреЛрдИ рднреА рд╡реНрдпрдХреНрддрд┐ рдпрд╛ рд╕рдВрдЧрдарди рдЬреЛ рдЪрд╛рд╣реЗ рдмрди рд╕рдХрддрд╛ рд╣реИ,рдпрджрд┐ рд╡рд╣ ,рдПрдХ рд╡рд┐рд╢реНрд╡рд╛рд╕ рдХреЗ рд╕рд╛рде,
рдЗрдЪреНрдЫрд┐рдд рд╡рд╕реНрддреБ рдкрд░ рд▓рдЧрд╛рддрд╛рд░ рдЪрд┐рдВрддрди рдХрд░реЗрдВ...!
   рд╣рдорд╛рд░рд╛ рд▓тАж",hi
"RT @omendra_up: рдХреЛрдИ рднреА рд╡реНрдпрдХреНрддрд┐ рдпрд╛ рд╕рдВрдЧрдарди рдЬреЛ рдЪрд╛рд╣реЗ рдмрди рд╕рдХрддрд╛ рд╣реИ,рдпрджрд┐ рд╡рд╣ ,рдПрдХ рд╡рд┐рд╢реНрд╡рд╛рд╕ рдХреЗ рд╕рд╛рде,
рдЗрдЪреНрдЫрд┐рдд рд╡рд╕реНрддреБ рдкрд░ рд▓рдЧрд╛рддрд╛рд░ рдЪрд┐рдВрддрди рдХрд░реЗрдВ...!
   рд╣рдорд╛рд░рд╛ рд▓рдХреНрд╖реНрдптАж",hi
RT @Jayant_R_Patil: рд░рд╛рд╖реНрдЯреНрд░рд╡рд╛рджреА рдкрд░рд┐рд╡рд╛рд░ рд╕рдВрд╡рд╛рдж рдпрд╛рддреНрд░реЗрджрд░рдореНрдпрд╛рди рдорд┐рд░рд╛-рднрд╛рдИрдВрджрд░ рд╡рд┐рдзрд╛рдирд╕рднрд╛ рдорддрджрд╛рд░рд╕рдВрдШрд╛рддреАрд▓ рдХрд╛рд░реНрдпрдХрд░реНрддреНрдпрд╛рдВрд╢реА рд╕рдВрд╡рд╛рдж рд╕рд╛рдзрд▓рд╛. рдкрд╡рд╛рд░ рд╕рд╛рд╣реЗрдмрд╛рдВрдЪреНрдпрд╛тАж,mr
RT @Jayant_R_Patil: рд░рд╛рд╖реНрдЯреНрд░рд╡рд╛рджреА рдкрд░рд┐рд╡рд╛рд░ рд╕рдВрд╡рд╛рдж рдпрд╛рддреНрд░реЗрджрд░рдореНрдпрд╛рди рдорд┐рд░рд╛-рднрд╛рдИрдВрджрд░ рд╡рд┐рдзрд╛рдирд╕рднрд╛ рдорддрджрд╛рд░рд╕рдВрдШрд╛рддреАрд▓ рдХрд╛рд░реНрдпрдХрд░реНрддреНрдпрд╛рдВрд╢реА рд╕рдВрд╡рд╛рдж рд╕рд╛рдзрд▓рд╛. рдкрд╡рд╛рд░ рд╕рд╛рд╣реЗрдмрд╛рдВрдЪреНрдпрд╛тАж,mr
RT @Jayant_R_Patil: рд░рд╛рд╖реНрдЯреНрд░рд╡рд╛рджреА рдкрд░рд┐рд╡рд╛рд░ рд╕рдВрд╡рд╛рдж рдпрд╛рддреНрд░реЗрджрд░рдореНрдпрд╛рди рдорд┐рд░рд╛-рднрд╛рдИрдВрджрд░ рд╡рд┐рдзрд╛рдирд╕рднрд╛ рдорддрджрд╛рд░рд╕рдВрдШрд╛рддреАрд▓ рдХрд╛рд░реНрдпрдХрд░реНрддреНрдпрд╛рдВрд╢реА рд╕рдВрд╡рд╛рдж рд╕рд╛рдзрд▓рд╛. рдкрд╡рд╛рд░ рд╕рд╛рд╣реЗрдмрд╛рдВрдЪреНрдпрд╛тАж,mr
RT @Jayant_R_Patil: рд░рд╛рд╖реНрдЯреНрд░рд╡рд╛рджреА рдкрд░рд┐рд╡рд╛рд░ рд╕рдВрд╡рд╛рдж рдпрд╛рддреНрд░реЗрджрд░рдореНрдпрд╛рди рдорд┐рд░рд╛-рднрд╛рдИрдВрджрд░ рд╡рд┐рдзрд╛рдирд╕рднрд╛ рдорддрджрд╛рд░рд╕рдВрдШрд╛рддреАрд▓ рдХрд╛рд░реНрдпрдХрд░реНрддреНрдпрд╛рдВрд╢реА рд╕рдВрд╡рд╛рдж рд╕рд╛рдзрд▓рд╛. рдкрд╡рд╛рд░ рд╕рд╛рд╣реЗрдмрд╛рдВрдЪреНрдпрд╛тАж,mr
RT @Jayant_R_Patil: рд░рд╛рд╖реНрдЯреНрд░рд╡рд╛рджреА рдкрд░рд┐рд╡рд╛рд░ рд╕рдВрд╡рд╛рдж рдпрд╛рддреНрд░реЗрджрд░рдореНрдпрд╛рди рдорд┐рд░рд╛-рднрд╛рдИрдВрджрд░ рд╡рд┐рдзрд╛рдирд╕рднрд╛ рдорддрджрд╛рд░рд╕рдВрдШрд╛рддреАрд▓ рдХрд╛рд░реНрдпрдХрд░реНрддреНрдпрд╛рдВрд╢реА рд╕рдВрд╡рд╛рдж рд╕рд╛рдзрд▓рд╛. рдкрд╡рд╛рд░ рд╕рд╛рд╣реЗрдмрд╛рдВрдЪреНрдпрд╛тАж,mr
RT @Jayant_R_Patil: рд░рд╛рд╖реНрдЯреНрд░рд╡рд╛рджреА рдкрд░рд┐рд╡рд╛рд░ рд╕рдВрд╡рд╛рдж рдпрд╛рддреНрд░реЗрджрд░рдореНрдпрд╛рди рдорд┐рд░рд╛-рднрд╛рдИрдВрджрд░ рд╡рд┐рдзрд╛рдирд╕рднрд╛ рдорддрджрд╛рд░рд╕рдВрдШрд╛рддреАрд▓ рдХрд╛рд░реНрдпрдХрд░реНрддреНрдпрд╛рдВрд╢реА рд╕рдВрд╡рд╛рдж рд╕рд╛рдзрд▓рд╛. рдкрд╡рд╛рд░ рд╕рд╛рд╣реЗрдмрд╛рдВрдЪреНрдпрд╛тАж,mr
RT @Jayant_R_Patil: рд░рд╛рд╖реНрдЯреНрд░рд╡рд╛рджреА рдкрд░рд┐рд╡рд╛рд░ рд╕рдВрд╡рд╛рдж рдпрд╛рддреНрд░реЗрджрд░рдореНрдпрд╛рди рдорд┐рд░рд╛-рднрд╛рдИрдВрджрд░ рд╡рд┐рдзрд╛рдирд╕рднрд╛ рдорддрджрд╛рд░рд╕рдВрдШрд╛рддреАрд▓ рдХрд╛рд░реНрдпрдХрд░реНрддреНрдпрд╛рдВрд╢реА рд╕рдВрд╡рд╛рдж рд╕рд╛рдзрд▓рд╛. рдкрд╡рд╛рд░ рд╕рд╛рд╣реЗрдмрд╛рдВрдЪреНрдпрд╛тАж,mr
RT @Jayant_R_Patil: рд░рд╛рд╖реНрдЯреНрд░рд╡рд╛рджреА рдкрд░рд┐рд╡рд╛рд░ рд╕рдВрд╡рд╛рдж рдпрд╛рддреНрд░реЗрджрд░рдореНрдпрд╛рди рдорд┐рд░рд╛-рднрд╛рдИрдВрджрд░ рд╡рд┐рдзрд╛рдирд╕рднрд╛ рдорддрджрд╛рд░рд╕рдВрдШрд╛рддреАрд▓ рдХрд╛рд░реНрдпрдХрд░реНрддреНрдпрд╛рдВрд╢реА рд╕рдВрд╡рд╛рдж рд╕рд╛рдзрд▓рд╛. рдкрд╡рд╛рд░ рд╕рд╛рд╣реЗрдмрд╛рдВрдЪреНрдпрд╛тАж,mr
RT @Jayant_R_Patil: рд░рд╛рд╖реНрдЯреНрд░рд╡рд╛рджреА рдкрд░рд┐рд╡рд╛рд░ рд╕рдВрд╡рд╛рдж рдпрд╛рддреНрд░реЗрджрд░рдореНрдпрд╛рди рдорд┐рд░рд╛-рднрд╛рдИрдВрджрд░ рд╡рд┐рдзрд╛рдирд╕рднрд╛ рдорддрджрд╛рд░рд╕рдВрдШрд╛рддреАрд▓ рдХрд╛рд░реНрдпрдХрд░реНрддреНрдпрд╛рдВрд╢реА рд╕рдВрд╡рд╛рдж рд╕рд╛рдзрд▓рд╛. рдкрд╡рд╛рд░ рд╕рд╛рд╣реЗрдмрд╛рдВрдЪреНрдпрд╛тАж,mr
RT @Jayant_R_Patil: рд░рд╛рд╖реНрдЯреНрд░рд╡рд╛рджреА рдкрд░рд┐рд╡рд╛рд░ рд╕рдВрд╡рд╛рдж рдпрд╛рддреНрд░реЗрджрд░рдореНрдпрд╛рди рдорд┐рд░рд╛-рднрд╛рдИрдВрджрд░ рд╡рд┐рдзрд╛рдирд╕рднрд╛ рдорддрджрд╛рд░рд╕рдВрдШрд╛рддреАрд▓ рдХрд╛рд░реНрдпрдХрд░реНрддреНрдпрд╛рдВрд╢реА рд╕рдВрд╡рд╛рдж рд╕рд╛рдзрд▓рд╛. рдкрд╡рд╛рд░ рд╕рд╛рд╣реЗрдмрд╛рдВрдЪреНрдпрд╛тАж,mr
RT @Jayant_R_Patil: рд░рд╛рд╖реНрдЯреНрд░рд╡рд╛рджреА рдкрд░рд┐рд╡рд╛рд░ рд╕рдВрд╡рд╛рдж рдпрд╛рддреНрд░реЗрджрд░рдореНрдпрд╛рди рдорд┐рд░рд╛-рднрд╛рдИрдВрджрд░ рд╡рд┐рдзрд╛рдирд╕рднрд╛ рдорддрджрд╛рд░рд╕рдВрдШрд╛рддреАрд▓ рдХрд╛рд░реНрдпрдХрд░реНрддреНрдпрд╛рдВрд╢реА рд╕рдВрд╡рд╛рдж рд╕рд╛рдзрд▓рд╛. рдкрд╡рд╛рд░ рд╕рд╛рд╣реЗрдмрд╛рдВрдЪреНрдпрд╛тАж,mr
рд░рд╛рд╖реНрдЯреНрд░рд╡рд╛рджреА рдкрд░рд┐рд╡рд╛рд░ рд╕рдВрд╡рд╛рдж рдпрд╛рддреНрд░реЗрджрд░рдореНрдпрд╛рди рдорд┐рд░рд╛-рднрд╛рдИрдВрджрд░ рд╡рд┐рдзрд╛рдирд╕рднрд╛ рдорддрджрд╛рд░рд╕рдВрдШрд╛рддреАрд▓ рдХрд╛рд░реНрдпрдХрд░реНрддреНрдпрд╛рдВрд╢реА рд╕рдВрд╡рд╛рдж рд╕рд╛рдзрд▓рд╛. рдкрд╡рд╛рд░ рд╕рд╛рд╣реЗрдмрд╛рдВтАж https://t.co/cJZWeDkyR0,mr
RT @AAPkaIVS: рджрд░рдЕрд╕рд▓ рдирд╛рдЧрд░рд┐рдХреЛрдВ рдХреЛ рдЬрд╛рддрд┐-рдзрд░реНрдо-рднрд╛рд╖рд╛-рдХреНрд╖реЗрддреНрд░ рдХреЗ 'рдЫрджреНрдо рдЧреМрд░рд╡рдЧрд╛рди' рд╕реЗ 'рднреНрд░рдорд┐рдд рдХрд░ рднреЗрдбрд╝реЛрдВ рдХреЗ рдЭреБрдВрдб рдореЗрдВ рдмрджрд▓рдХрд░ рдЗрдЪреНрдЫрд┐рдд рдмрд╛рдбрд╝реЗ рдореЗрдВ рд╣рд╛рдБрдХрдирд╛' рдЖтАж,hi
RT @AAPkaIVS: рджрд░рдЕрд╕рд▓ рдирд╛рдЧрд░рд┐рдХреЛрдВ рдХреЛ рдЬрд╛рддрд┐-рдзрд░реНрдо-рднрд╛рд╖рд╛-рдХреНрд╖реЗрддреНрд░ рдХреЗ 'рдЫрджреНрдо рдЧреМрд░рд╡рдЧрд╛рди' рд╕реЗ 'рднреНрд░рдорд┐рдд рдХрд░ рднреЗрдбрд╝реЛрдВ рдХреЗ рдЭреБрдВрдб рдореЗрдВ рдмрджрд▓рдХрд░ рдЗрдЪреНрдЫрд┐рдд рдмрд╛рдбрд╝реЗ рдореЗрдВ рд╣рд╛рдБрдХрдирд╛' рдЖтАж,hi
RT @AAPkaIVS: рджрд░рдЕрд╕рд▓ рдирд╛рдЧрд░рд┐рдХреЛрдВ рдХреЛ рдЬрд╛рддрд┐-рдзрд░реНрдо-рднрд╛рд╖рд╛-рдХреНрд╖реЗрддреНрд░ рдХреЗ 'рдЫрджреНрдо рдЧреМрд░рд╡рдЧрд╛рди' рд╕реЗ 'рднреНрд░рдорд┐рдд рдХрд░ рднреЗрдбрд╝реЛрдВ рдХреЗ рдЭреБрдВрдб рдореЗрдВ рдмрджрд▓рдХрд░ рдЗрдЪреНрдЫрд┐рдд рдмрд╛рдбрд╝реЗ рдореЗрдВ рд╣рд╛рдБрдХрдирд╛' рдЖтАж,hi
"рд╕рдВрдХрд╖реНрдЯреА рдЪрддреБрд░реНрдереА рдирд┐рдорд┐рддреНрдд,
рдЖрдкрдгрд╛рд╕ рдЖрдгрд┐ рдЖрдкрд▓реНрдпрд╛ рдкрд░рд┐рд╡рд╛рд░рд╛рд╕
рд╣рд╛рд░реНрджрд┐рдХ рд╢реБрднреЗрдЪреНрдЫрд╛..

рддреБрдордЪреНрдпрд╛ рдордирд╛рддреАрд▓ рд╕рд░реНрд╡ рдЗрдЪреНрдЫрд┐рдд рдордиреЛрдХрд╛рдордирд╛,
рд╢реНрд░реА рдЧрдгтАж https://t.co/7gjS6vSz7f",mr
RT @AAPkaIVS: рджрд░рдЕрд╕рд▓ рдирд╛рдЧрд░рд┐рдХреЛрдВ рдХреЛ рдЬрд╛рддрд┐-рдзрд░реНрдо-рднрд╛рд╖рд╛-рдХреНрд╖реЗрддреНрд░ рдХреЗ 'рдЫрджреНрдо рдЧреМрд░рд╡рдЧрд╛рди' рд╕реЗ 'рднреНрд░рдорд┐рдд рдХрд░ рднреЗрдбрд╝реЛрдВ рдХреЗ рдЭреБрдВрдб рдореЗрдВ рдмрджрд▓рдХрд░ рдЗрдЪреНрдЫрд┐рдд рдмрд╛рдбрд╝реЗ рдореЗрдВ рд╣рд╛рдБрдХрдирд╛' рдЖтАж,hi
рджрд░рдЕрд╕рд▓ рдирд╛рдЧрд░рд┐рдХреЛрдВ рдХреЛ рдЬрд╛рддрд┐-рдзрд░реНрдо-рднрд╛рд╖рд╛-рдХреНрд╖реЗрддреНрд░ рдХреЗ 'рдЫрджреНрдо рдЧреМрд░рд╡рдЧрд╛рди' рд╕реЗ 'рднреНрд░рдорд┐рдд рдХрд░ рднреЗрдбрд╝реЛрдВ рдХреЗ рдЭреБрдВрдб рдореЗрдВ рдмрджрд▓рдХрд░ рдЗрдЪреНрдЫрд┐рдд рдмрд╛рдбрд╝реЗ рдореЗрдВтАж https://t.co/QoXSz4DdG1,hi
@AfrozShah1 @RandeepHooda @anandmahindra @UNEP рдорд╣рд╛рд╕рд╛рдЧрд░рд╛рддреВрди рдкреНрд▓рд╛рд╕реНрдЯрд┐рдХ рд╕реНрд╡рдЪреНрдЫ рдХрд░рдгреЗ рд╣реА рдПрдХ рдЕрджреНрднреБрдд рдЧреЛрд╖реНрдЯ рдЖрд╣реЗ .. рдкреНрд░рддреНрдпреЗтАж https://t.co/RTNCu4QOaz,mr
"RT @RPPatha19663811: рд╡рд┐рд╢реНрд╡рд╛рд╕ 
рдордиреБрд╖реНрдп рдЕрдкрдиреЗ рд╡рд┐рд╢реНрд╡рд╛рд╕ рд╕реЗ рдирд┐рд░реНрдорд┐рдд рд╣реЛрддрд╛ рд╣реИред
рдЬреИрд╕рд╛ рд╡реЛ рд╡рд┐рд╢реНрд╡рд╛рд╕ рдХрд░рддрд╛ рд╣реИ
рд╡реИрд╕рд╛ рд╣реА рд╡реЛ рдмрди рдЬрд╛рддрд╛ рд╣реИред
рд╡реНрдпрдХреНрддрд┐ рдЬреЛ рдЪрд╛рд╣реЗ рдмрди рд╕рдХтАж",hi
@Chandra75016124 @Profdilipmandal рддреЛ рддреБрдо рдордВрджрд┐рд░ рдмрдирд╛рдХрд░ рдЙрд╕рдореЗрдВ рддреБрдореНрд╣рд╛рд░рд╛ рдЗрдЪреНрдЫрд┐рдд рдкреБрдЬрд╛рд░реА рд░рдЦ рд▓реЛред,hi
"RT @RPPatha19663811: рд╡рд┐рд╢реНрд╡рд╛рд╕ 
рдордиреБрд╖реНрдп рдЕрдкрдиреЗ рд╡рд┐рд╢реНрд╡рд╛рд╕ рд╕реЗ рдирд┐рд░реНрдорд┐рдд рд╣реЛрддрд╛ рд╣реИред
рдЬреИрд╕рд╛ рд╡реЛ рд╡рд┐рд╢реНрд╡рд╛рд╕ рдХрд░рддрд╛ рд╣реИ
рд╡реИрд╕рд╛ рд╣реА рд╡реЛ рдмрди рдЬрд╛рддрд╛ рд╣реИред
рд╡реНрдпрдХреНрддрд┐ рдЬреЛ рдЪрд╛рд╣реЗ рдмрди рд╕рдХтАж",hi
"рд╕рдВрдХрд╖реНрдЯреА рдЪрддреБрд░реНрдереА рдирд┐рдорд┐рддреНрдд,
рдЖрдкрдгрд╛рд╕ рдЖрдгрд┐ рдЖрдкрд▓реНрдпрд╛ рдкрд░рд┐рд╡рд╛рд░рд╛рд╕
рд╣рд╛рд░реНрджрд┐рдХ рд╢реБрднреЗрдЪреНрдЫрд╛..!
рддреБрдордЪреНрдпрд╛ рдордирд╛рддреАрд▓ рд╕рд░реНрд╡ рдЗрдЪреНрдЫрд┐рдд рдордиреЛрдХрд╛рдордирд╛,
рд╢реНрд░реА рдЧрдгтАж https://t.co/KHMPYO83hP",mr
"рд╕рдВрдХрд╖реНрдЯреА рдЪрддреБрд░реНрдереА рдирд┐рдорд┐рддреНрдд,
рдЖрдкрдгрд╛рд╕ рдЖрдгрд┐ рдЖрдкрд▓реНрдпрд╛ рдкрд░рд┐рд╡рд╛рд░рд╛рд╕
рд╣рд╛рд░реНрджрд┐рдХ рд╢реБрднреЗрдЪреНрдЫрд╛..!
рддреБрдордЪреНрдпрд╛ рдордирд╛рддреАрд▓ рд╕рд░реНрд╡ рдЗрдЪреНрдЫрд┐рдд рдордиреЛрдХрд╛рдордирд╛,
рд╢реНрд░реА рдЧрдгтАж https://t.co/3w6f12krge",mr
"RT @TrSanjayPatel1: рдХреЛрдИ рднреА рд╡реНрдпрдХреНрддрд┐ рдпрд╛ рд╕рдВрдЧрдарди рдЬреЛ рдЪрд╛рд╣реЗ рдмрди рд╕рдХрддрд╛ рд╣реИ,рдпрджрд┐ рд╡рд╣ ,рдПрдХ рд╡рд┐рд╢реНрд╡рд╛рд╕ рдХреЗ рд╕рд╛рде,
рдЗрдЪреНрдЫрд┐рдд рд╡рд╕реНрддреБ рдкрд░ рд▓рдЧрд╛рддрд╛рд░ рдЪрд┐рдВрддрди рдХрд░реЗрдВ...!
   рд╣рдорд╛рд░рд╛ рд▓тАж",hi
"RT @TrSanjayPatel1: рдХреЛрдИ рднреА рд╡реНрдпрдХреНрддрд┐ рдпрд╛ рд╕рдВрдЧрдарди рдЬреЛ рдЪрд╛рд╣реЗ рдмрди рд╕рдХрддрд╛ рд╣реИ,рдпрджрд┐ рд╡рд╣ ,рдПрдХ рд╡рд┐рд╢реНрд╡рд╛рд╕ рдХреЗ рд╕рд╛рде,
рдЗрдЪреНрдЫрд┐рдд рд╡рд╕реНрддреБ рдкрд░ рд▓рдЧрд╛рддрд╛рд░ рдЪрд┐рдВрддрди рдХрд░реЗрдВ...!
   рд╣рдорд╛рд░рд╛ рд▓тАж",hi
"рдЖрдЬ рд╕рдВрдХрд╖реНрдЯреА рдЪрддреБрд░реНрдереА , рдЖрдЬрдЪреНрдпрд╛ рдпрд╛ рдордВрдЧрд▓ рджрд┐рдиреА рдЧрдгреЗрд╢рднрдХреНрддрд╛рдВрдЪреНрдпрд╛ рдордирд╛рддреАрд▓ рд╕рд░реНрд╡ рдЗрдЪреНрдЫрд┐рдд рдордиреЛрдХрд╛рдордирд╛ рд╢реНрд░реА рдЧрдгрд░рд╛рдп рдкреВрд░реНрдг рдХрд░реЛрдд , рд╣реАрдЪ рдЧрдгтАж https://t.co/CriQAAIa51",mr
"рд╡рд┐рд╢реНрд╡рд╛рд╕ 
рдордиреБрд╖реНрдп рдЕрдкрдиреЗ рд╡рд┐рд╢реНрд╡рд╛рд╕ рд╕реЗ рдирд┐рд░реНрдорд┐рдд рд╣реЛрддрд╛ рд╣реИред
рдЬреИрд╕рд╛ рд╡реЛ рд╡рд┐рд╢реНрд╡рд╛рд╕ рдХрд░рддрд╛ рд╣реИ
рд╡реИрд╕рд╛ рд╣реА рд╡реЛ рдмрди рдЬрд╛рддрд╛ рд╣реИред
рд╡реНрдпрдХреНрддрд┐ рдЬреЛ рдЪрд╛рд╣реЗ рдмрдитАж https://t.co/gKgjvVhnof",hi
"рд╕рдВрдХрд╖реНрдЯреА рдЪрддреБрд░реНрдереА рдирд┐рдорд┐рддреНрдд,
рдЖрдкрдгрд╛рд╕ рдЖрдгрд┐ рдЖрдкрд▓реНрдпрд╛ рдкрд░рд┐рд╡рд╛рд░рд╛рд╕
рд╣рд╛рд░реНрджрд┐рдХ рд╢реБрднреЗрдЪреНрдЫрд╛..!
рддреБрдордЪреНрдпрд╛ рдордирд╛рддреАрд▓ рд╕рд░реНрд╡ рдЗрдЪреНрдЫрд┐рдд рдордиреЛрдХрд╛рдордирд╛,
рд╢реНрд░реА рдЧрдгтАж https://t.co/EDWrzECXZk",mr
"RT @simbhavali: рдЖрдЬ рдЙрддреНрддрд░ рдкреНрд░рджреЗрд╢ рдореЗрдВ рд╣рд┐рдВрджреВ рдкреБрд░реБрд╖реЛрдВ рдХреА рдкреВрдЫ рдПрдХрд╛рдПрдХ рдмрдврд╝ рдЧрдИ рд╣реИ, рдХреЗрд╡рд▓ рдЙрдиреНрд╣реАрдВ рдХреА рдЬрд┐рдирдХреА рдкрддреНрдирд┐рдпрд╛рдБ рд╣реИрдВ рдФрд░ рдЬреЛ рдХрд░рд╡рд╛рдЪреМрде рдХрд╛ рдкрд╛рд▓рди рдХрд░ рд░рд╣реАрдВтАж",hi
"рдЖрдЬ рдЙрддреНрддрд░ рдкреНрд░рджреЗрд╢ рдореЗрдВ рд╣рд┐рдВрджреВ рдкреБрд░реБрд╖реЛрдВ рдХреА рдкреВрдЫ рдПрдХрд╛рдПрдХ рдмрдврд╝ рдЧрдИ рд╣реИ, рдХреЗрд╡рд▓ рдЙрдиреНрд╣реАрдВ рдХреА рдЬрд┐рдирдХреА рдкрддреНрдирд┐рдпрд╛рдБ рд╣реИрдВ рдФрд░ рдЬреЛ рдХрд░рд╡рд╛рдЪреМрде рдХрд╛ рдкрд╛рд▓рди рдХтАж https://t.co/D5zwFd2Cby",hi
"рдмрдиреНрдзреБрдкреГрдХреН, рддреЛ рдЬреЛ рд╣рд╡рд┐рдГрдкреНрд░рджрд╛рдирд╛рдиреЗ рдмрдВрдзреБрддрд╛ рдкреНрд░рд╛рдкреНрдд рдХрд░реВрди рдЖрдкрд▓реНрдпрд╛рд╕рд╛рдареА рдЗрдЪреНрдЫрд┐рдд рд╡рд╕реНрддреВ рдорд╛рдЧрддреЛ.
рдмрдВрдзреБрдкреГрдХреН, рддреЛ рдЬреЛ рдмрдВрдзреБрдЬрдирд╛рдВрдЪреЗ рд╕реНрд╡рд╛тАж https://t.co/MKdzBIpZzv",mr
"""рд╡рдХреНрд░рддреБрдгреНрдб рд╕рдВрдХрд╖реНрдЯреА рдЪрддреБрд░реНрдереА  рдирд┐рдорд┐рддреНрдд, рдЖрдкрдгрд╛рд╕ рдЖрдгрд┐ рдЖрдкрд▓реНрдпрд╛ 
рдкрд░рд┐рд╡рд╛рд░рд╛рд╕ рд╣рд╛рд░реНрджрд┐рдХ рд╢реБрднреЗрдЪреНрдЫрд╛ ! рддреБрдордЪреНрдпрд╛ рдордирд╛рддреАрд▓ рд╕рд░реНрд╡ рдЗрдЪреНрдЫрд┐рдд 
рдордиреЛтАж https://t.co/y0yooOr5WT",mr
"рд╕рдВрдХрд╖реНрдЯреА рдЪрддреБрд░реНрдереА рдирд┐рдорд┐рддреНрдд,
рдЖрдкрдгрд╛рд╕ рдЖрдгрд┐ рдЖрдкрд▓реНрдпрд╛ рдкрд░рд┐рд╡рд╛рд░рд╛рд╕
рд╣рд╛рд░реНрджрд┐рдХ рд╢реБрднреЗрдЪреНрдЫрд╛..!
рддреБрдордЪреНрдпрд╛ рдордирд╛рддреАрд▓ рд╕рд░реНрд╡ рдЗрдЪреНрдЫрд┐рдд рдордиреЛрдХрд╛рдордирд╛,
рд╢реНрд░реА рдЧрдгтАж https://t.co/Stl1y9OGSf",mr
"рдЖрдЬ рд╕рдВрдХрд╖реНрдЯреА рдЪрддреБрд░реНрдереА , рдЖрдЬрдЪреНрдпрд╛ рдпрд╛ рдордВрдЧрд▓ рджрд┐рдиреА рдЧрдгреЗрд╢рднрдХреНрддрд╛рдВрдЪреНрдпрд╛ рдордирд╛рддреАрд▓ рд╕рд░реНрд╡ рдЗрдЪреНрдЫрд┐рдд рдордиреЛрдХрд╛рдордирд╛ рд╢реНрд░реА рдЧрдгрд░рд╛рдп рдкреВрд░реНрдг рдХрд░реЛрдд , рд╣реАрдЪ рдЧрдгтАж https://t.co/CbRsq2QBna",mr
@SatishKTM @BigBlackYak @ChitrakarSanam рдкрд┐рд╕реЗрдХреЛ рд╣реЛ рднрдиреЗ рдЪрд╛рд╣рд┐рдБ рд╣рд╛рдореНрд░реЛ рдЕрдЪреЗрд▓рдХреЛ рд╡рд┐рдзрд┐ рдЪрд╛рд╣рд┐рдБ: реи-рей рд╡рдЯрд╛ рдЧреЛрд▓рднреЗрдбрд╛ (sml-med) рдЖрдЧреЛтАж https://t.co/Q5FUiLDcGY,ne
рдорд┐рддреНрд░рд╛рдВрдиреЛ рдЖрдЬ рд░рд╡рд┐рд╡рд╛рд░ рджрд┐.реирек ре▓рд╛рдХреНрдЯреЛрдмрд░ реирежреирез рдЕрд╢реНрд╡рд┐рди рдХреГрд╖реНрдг рдЪрддреБрд░реНрдереА рд╕рдВрдХрд╖реНрдЯреА рдЪрддреБрд░реНрдереА рдЖрдЬрдЪреНрдпрд╛ рд╣реНрдпрд╛ рдордВрдЧрд▓рджрд┐рдиреА рдЖрдкрд▓реНрдпрд╛ рдордирд╛рддреАрд▓ рд╕тАж https://t.co/uaIak8D9kS,mr
"'рдореА рдХреЛрдгрддрд╛рд╣реА рдорд╕рд╛рд▓рд╛ рджреЗрдК рдЗрдЪреНрдЫрд┐рдд рдирд╛рд╣реА'; рдореАрдбрд┐рдпрд╛рдЪреНрдпрд╛ рдкреНрд░рд╢реНрдирд╛рд╡рд░ рдЪрд┐рдбреВрди рд╡рд┐рд░рд╛рдЯ рдХреЛрд╣рд▓реАрдЪрдВ рдЙрддреНрддрд░ 
https://t.co/d4hnPATP0z",mr
