"@viraj_gudekar рдирд╛рд░рд╛рдпрдг рд░рд╛рдгреЗ, рдХрд╛рд╣реАрддрд░реА рдХрд░рд╛ рдкрдг рд╣реЗ рджрд│рднрджреНрд░реА рд╕рд░рдХрд╛рд░ рдШрд╛рд▓рд╡рд╛....рдЕрддреЛрдирд╛рдд рдмрджрдирд╛рдореА рдХреЗрд▓реА рдЖрд╣реЗ рдпрд╛ рд╕рд░рдХрд╛рд░рдиреЗ рдорд╣рд╛рд░рд╛рд╖реНрдЯреНрд░рд╛тАж https://t.co/yatp2QULbS",mr
рджрд│рднрджреНрд░реА рднрд╕реНрдореНрдпрд╛ рдЭрд╛рд▓рд╛рдп рд╣реНрдпрд╛рдВрдирд╛  рджрд│рд┐рджреНрд░реА https://t.co/6opyWkmLNE,mr
RT @sagarpatil17ya1: рджрд│рднрджреНрд░реА рд╕рд░рдХрд╛рд░.. https://t.co/hXMTjN1Ojb,hi
"RT @sagarpatil17ya1: рдирдЧрд░ рдЬрд┐рд▓реНрд╣реНрдпрд╛рддреАрд▓ рд╢реЗрд╡рдЧрд╛рд╡ рдПрд╕рдЯреА рдбреЗрдкреЛрдордзреНрдпреЗ рдХрд╛рд░реНрдпрд░рдд рдЕрд╕рдгрд╛рд░реЗ рджрд┐рд▓реАрдк рдХрд╛рдХрдбреЗ рдпрд╛рдВрдиреА рдЖрддреНрдорд╣рддреНрдпрд╛ рдХреЗрд▓реА. 
рдЖрдЬрдкрд░реНрдпрдВрдд 28 рдПрд╕рдЯреА рдХрд░реНрдордЪрд╛рд▒реНрдпрд╛рдВрдиреАтАж",mr
@9900Vikram рд╣реЗ рдЕрд╕реЗрд▓рдЪ рджрд│рднрджреНрд░реА рдХрд╛рд▓ рдордиреНрдирдд рдмрд╛рд╣реЗрд░ рдлрдЯрд╛рдХреЗ рдлреЛрдбрдд рд╣реЛрддреЗ.ЁЯШм,mr
"RT @KanakeNaresh: рддреБрдореНрд╣реА рдЖрддреНрдорд╣рддреНрдпрд╛ рдХрд░рд╛ рдХрд┐рдВрд╡рд╛ рдХрд╛рд╣реАрд╣реА рдХрд░рд╛, рдпрд╛ рджрд│рднрджреНрд░реА рд╕рд░рдХрд╛рд░рд▓рд╛ рдХрд╛рд╣реАрд╣реА рдлрд░рдХ рдкрдбрдгрд╛рд░ рдирд╛рд╣реА.
рдЬрдирддреЗрдиреА рдпрд╛рдВрдирд╛ рдпрд╛рдЪ рдХрд╛рд░рдгрд╛рдореБрд│реЗ рдирд╛рдХрд╛рд░рд▓рдВ рд╣реЛрддрдВ.тАж",mr
RT @sagarpatil17ya1: рджрд│рднрджреНрд░реА рд╕рд░рдХрд╛рд░.. https://t.co/hXMTjN1Ojb,hi
"@kulkaji2013 Ahhh, that is the reason. рдЕрд╕рдВ рдкрдг red chilli рджрд│рднрджреНрд░реА рдЖрд╣реЗрдВ",und
"@milind_naikare @Vijay76430149 @sanamalikshaikh рдЕрд░реЗ рднрд╛рдИ рддреЛ рд╣рд░рд╛рдореА рддрд░ рд░рд╛рд╖реНрдЯреНрд░реАрдп рдЧреАрдд, рддрд┐рд░рдВрдЧреНрдпрд╛рд▓рд╛ рд╕рд▓реВрдЯ рд╕реБрдзреНрджрд╛ рдХрд░рдд рдирд╛рд╣реАтАж https://t.co/BWG2kJYhXb",mr
@the_suraj09 рд╢реЗрдардЬреАрдВрдЪреА рдирд╛рд╡рдВ рдШреЗрдК рддрд┐рддрдХреА рдХрдореА рддрд░реА рдкрдг рдЬрд╢реЛрджрд╛ рдЬреА рджрд│рднрджреНрд░реА рдореНрд╣рдгрдд рдЕрд╕рдгрд╛рд░..,mr
рджрд│рднрджреНрд░реА рд╕рд░рдХрд╛рд░.. https://t.co/hXMTjN1Ojb,hi
"RT @KanakeNaresh: рддреБрдореНрд╣реА рдЖрддреНрдорд╣рддреНрдпрд╛ рдХрд░рд╛ рдХрд┐рдВрд╡рд╛ рдХрд╛рд╣реАрд╣реА рдХрд░рд╛, рдпрд╛ рджрд│рднрджреНрд░реА рд╕рд░рдХрд╛рд░рд▓рд╛ рдХрд╛рд╣реАрд╣реА рдлрд░рдХ рдкрдбрдгрд╛рд░ рдирд╛рд╣реА.
рдЬрдирддреЗрдиреА рдпрд╛рдВрдирд╛ рдпрд╛рдЪ рдХрд╛рд░рдгрд╛рдореБрд│реЗ рдирд╛рдХрд╛рд░рд▓рдВ рд╣реЛрддрдВ.тАж",mr
"RT @KanakeNaresh: рддреБрдореНрд╣реА рдЖрддреНрдорд╣рддреНрдпрд╛ рдХрд░рд╛ рдХрд┐рдВрд╡рд╛ рдХрд╛рд╣реАрд╣реА рдХрд░рд╛, рдпрд╛ рджрд│рднрджреНрд░реА рд╕рд░рдХрд╛рд░рд▓рд╛ рдХрд╛рд╣реАрд╣реА рдлрд░рдХ рдкрдбрдгрд╛рд░ рдирд╛рд╣реА.
рдЬрдирддреЗрдиреА рдпрд╛рдВрдирд╛ рдпрд╛рдЪ рдХрд╛рд░рдгрд╛рдореБрд│реЗ рдирд╛рдХрд╛рд░рд▓рдВ рд╣реЛрддрдВ.тАж",mr
"RT @KanakeNaresh: рддреБрдореНрд╣реА рдЖрддреНрдорд╣рддреНрдпрд╛ рдХрд░рд╛ рдХрд┐рдВрд╡рд╛ рдХрд╛рд╣реАрд╣реА рдХрд░рд╛, рдпрд╛ рджрд│рднрджреНрд░реА рд╕рд░рдХрд╛рд░рд▓рд╛ рдХрд╛рд╣реАрд╣реА рдлрд░рдХ рдкрдбрдгрд╛рд░ рдирд╛рд╣реА.
рдЬрдирддреЗрдиреА рдпрд╛рдВрдирд╛ рдпрд╛рдЪ рдХрд╛рд░рдгрд╛рдореБрд│реЗ рдирд╛рдХрд╛рд░рд▓рдВ рд╣реЛрддрдВ.тАж",mr
"RT @KanakeNaresh: рддреБрдореНрд╣реА рдЖрддреНрдорд╣рддреНрдпрд╛ рдХрд░рд╛ рдХрд┐рдВрд╡рд╛ рдХрд╛рд╣реАрд╣реА рдХрд░рд╛, рдпрд╛ рджрд│рднрджреНрд░реА рд╕рд░рдХрд╛рд░рд▓рд╛ рдХрд╛рд╣реАрд╣реА рдлрд░рдХ рдкрдбрдгрд╛рд░ рдирд╛рд╣реА.
рдЬрдирддреЗрдиреА рдпрд╛рдВрдирд╛ рдпрд╛рдЪ рдХрд╛рд░рдгрд╛рдореБрд│реЗ рдирд╛рдХрд╛рд░рд▓рдВ рд╣реЛрддрдВ.тАж",mr
RT @9900Vikram: рд╣реЗ рдЖрд░реНрдпрди рдЦрд╛рди рд╕рд╛рд░рдЦреА рджрд▓рд┐рдВрджрд░ рдЬрд░реА рдмрд╛рд╣реЗрд░ рдЖрд▓реА рддрд░реА рдШрдВрдЯрд╛ рдлрд░рдХ рдкрдбрдд рдирд╛рд╣реА. рдПрдХ рдЧреЛрд╖реНрдЯ рдорд╛рддреНрд░ рдЦрд░реА рдЖрд╣реЗ рд╣рд┐рдВрджреВ рд▓реЛрдХрд╛рдВрдЪреА рдПрдХреА рд╣реА рдХрд╛рдорд╛рд▓рд╛ рдЖрд▓реА. рддреНрдпрд╛тАж,mr
"RT @KanakeNaresh: рддреБрдореНрд╣реА рдЖрддреНрдорд╣рддреНрдпрд╛ рдХрд░рд╛ рдХрд┐рдВрд╡рд╛ рдХрд╛рд╣реАрд╣реА рдХрд░рд╛, рдпрд╛ рджрд│рднрджреНрд░реА рд╕рд░рдХрд╛рд░рд▓рд╛ рдХрд╛рд╣реАрд╣реА рдлрд░рдХ рдкрдбрдгрд╛рд░ рдирд╛рд╣реА.
рдЬрдирддреЗрдиреА рдпрд╛рдВрдирд╛ рдпрд╛рдЪ рдХрд╛рд░рдгрд╛рдореБрд│реЗ рдирд╛рдХрд╛рд░рд▓рдВ рд╣реЛрддрдВ.тАж",mr
@LoksattaLive рдЬреЗрд▓рдкреНрд░рд╢рд╛рд╕рди рдЧреГрд╣рдордВрддреНрд░реНрдпрд╛рдЪреНрдпрд╛ рдХрдХреНрд╖реЗрдд рдпреЗрддреЗ рдирд╛  рдХрд╕рд▓рд╛ рджрд│рднрджреНрд░реА рдЧреГрд╣рдорддреНрд░реА рдиреЗрдорд▓рд╛рдп,mr
"RT @KanakeNaresh: рддреБрдореНрд╣реА рдЖрддреНрдорд╣рддреНрдпрд╛ рдХрд░рд╛ рдХрд┐рдВрд╡рд╛ рдХрд╛рд╣реАрд╣реА рдХрд░рд╛, рдпрд╛ рджрд│рднрджреНрд░реА рд╕рд░рдХрд╛рд░рд▓рд╛ рдХрд╛рд╣реАрд╣реА рдлрд░рдХ рдкрдбрдгрд╛рд░ рдирд╛рд╣реА.
рдЬрдирддреЗрдиреА рдпрд╛рдВрдирд╛ рдпрд╛рдЪ рдХрд╛рд░рдгрд╛рдореБрд│реЗ рдирд╛рдХрд╛рд░рд▓рдВ рд╣реЛрддрдВ.тАж",mr
"RT @KanakeNaresh: рддреБрдореНрд╣реА рдЖрддреНрдорд╣рддреНрдпрд╛ рдХрд░рд╛ рдХрд┐рдВрд╡рд╛ рдХрд╛рд╣реАрд╣реА рдХрд░рд╛, рдпрд╛ рджрд│рднрджреНрд░реА рд╕рд░рдХрд╛рд░рд▓рд╛ рдХрд╛рд╣реАрд╣реА рдлрд░рдХ рдкрдбрдгрд╛рд░ рдирд╛рд╣реА.
рдЬрдирддреЗрдиреА рдпрд╛рдВрдирд╛ рдпрд╛рдЪ рдХрд╛рд░рдгрд╛рдореБрд│реЗ рдирд╛рдХрд╛рд░рд▓рдВ рд╣реЛрддрдВ.тАж",mr
RT @MachindrapIND: @CMOMaharashtra @advanilparab @NCPspeaks рдЬрдирд╛рдЪреА рдирд╛рд╣реА рддрд░ рдордирд╛рдЪреА рдХрд╛рд╣реА рд╢рд┐рд▓реНрд▓рдХ рдЕрд╕реЗрд▓ рддрд░ рддрддреНрдХрд╛рд│ рдорджрдд рдХрд░рд╛рд▓. рджрд│рднрджреНрд░реА рд╕рд░рдХрд╛рд░ рдЦрд░рдВрдЪЁЯШн @DтАж,mr
"RT @KanakeNaresh: рддреБрдореНрд╣реА рдЖрддреНрдорд╣рддреНрдпрд╛ рдХрд░рд╛ рдХрд┐рдВрд╡рд╛ рдХрд╛рд╣реАрд╣реА рдХрд░рд╛, рдпрд╛ рджрд│рднрджреНрд░реА рд╕рд░рдХрд╛рд░рд▓рд╛ рдХрд╛рд╣реАрд╣реА рдлрд░рдХ рдкрдбрдгрд╛рд░ рдирд╛рд╣реА.
рдЬрдирддреЗрдиреА рдпрд╛рдВрдирд╛ рдпрд╛рдЪ рдХрд╛рд░рдгрд╛рдореБрд│реЗ рдирд╛рдХрд╛рд░рд▓рдВ рд╣реЛрддрдВ.тАж",mr
@CMOMaharashtra @advanilparab @NCPspeaks рдЬрдирд╛рдЪреА рдирд╛рд╣реА рддрд░ рдордирд╛рдЪреА рдХрд╛рд╣реА рд╢рд┐рд▓реНрд▓рдХ рдЕрд╕реЗрд▓ рддрд░ рддрддреНрдХрд╛рд│ рдорджрдд рдХрд░рд╛рд▓. рджрд│рднрджреНрд░реА рд╕рд░рдХрд╛рд░ рдЦрд░рдВтАж https://t.co/89WOFlUeC8,mr
RT @9900Vikram: @TV9Marathi рд╣рд░рд╛рдордЦреЛрд░рд╛рдиреЛ рддреБрдордЪрд╛ рдмрд╛рдк рдореЗрд▓рд╛ рдХрд╛ рдЖрдИ? рдПрдХ рдЧрд░реАрдм рдПрд╕рдЯреА рдХрд░реНрдордЪрд╛рд░реА рдЖрддреНрдорд╣рддреНрдпрд╛ рдХрд░рддреЛрдп рддреНрдпрд╛рдмрджреНрджрд▓ рдмреЛрд▓рд╛рдпрдЪрдВ рд╕реЛрдбреВрди рддреНрдпрд╛ рдЖрд░реНрдпрди рдЦрд╛рдирдЪреАтАж,mr
"RT @KanakeNaresh: рддреБрдореНрд╣реА рдЖрддреНрдорд╣рддреНрдпрд╛ рдХрд░рд╛ рдХрд┐рдВрд╡рд╛ рдХрд╛рд╣реАрд╣реА рдХрд░рд╛, рдпрд╛ рджрд│рднрджреНрд░реА рд╕рд░рдХрд╛рд░рд▓рд╛ рдХрд╛рд╣реАрд╣реА рдлрд░рдХ рдкрдбрдгрд╛рд░ рдирд╛рд╣реА.
рдЬрдирддреЗрдиреА рдпрд╛рдВрдирд╛ рдпрд╛рдЪ рдХрд╛рд░рдгрд╛рдореБрд│реЗ рдирд╛рдХрд╛рд░рд▓рдВ рд╣реЛрддрдВ.тАж",mr
"RT @KanakeNaresh: рддреБрдореНрд╣реА рдЖрддреНрдорд╣рддреНрдпрд╛ рдХрд░рд╛ рдХрд┐рдВрд╡рд╛ рдХрд╛рд╣реАрд╣реА рдХрд░рд╛, рдпрд╛ рджрд│рднрджреНрд░реА рд╕рд░рдХрд╛рд░рд▓рд╛ рдХрд╛рд╣реАрд╣реА рдлрд░рдХ рдкрдбрдгрд╛рд░ рдирд╛рд╣реА.
рдЬрдирддреЗрдиреА рдпрд╛рдВрдирд╛ рдпрд╛рдЪ рдХрд╛рд░рдгрд╛рдореБрд│реЗ рдирд╛рдХрд╛рд░рд▓рдВ рд╣реЛрддрдВ.тАж",mr
"рддреБрдореНрд╣реА рдЖрддреНрдорд╣рддреНрдпрд╛ рдХрд░рд╛ рдХрд┐рдВрд╡рд╛ рдХрд╛рд╣реАрд╣реА рдХрд░рд╛, рдпрд╛ рджрд│рднрджреНрд░реА рд╕рд░рдХрд╛рд░рд▓рд╛ рдХрд╛рд╣реАрд╣реА рдлрд░рдХ рдкрдбрдгрд╛рд░ рдирд╛рд╣реА.
рдЬрдирддреЗрдиреА рдпрд╛рдВрдирд╛ рдпрд╛рдЪ рдХрд╛рд░рдгрд╛рдореБрд│реЗ рдирд╛рдХрд╛рд░рд▓рдВтАж https://t.co/NUq8zLBsa4",mr
@abpmajhatv рд╣реЗ рд╕рд░рдХрд╛рд░ рдирдХреЛрдп... рджрд│рднрджреНрд░реА рдЖрд╣реЗрдд рд╣реЗ рд╕рдЧрд│реЗ...,mr
рдорд╣рд╛рд░рд╛рд╖реНрдЯреНрд░рд╛рддреАрд▓ рд╕рд░рдХрд╛рд░ рдмрд░рдЦрд╛рд╕реНрдд рд╡реНрд╣рд╛рд╡реЗ рдЖрдгрд┐ рдЖрддрд╛ рдЖрдк рдЪреА рдЧрд░рдЬ рдЖрд╣реЗ рдорд╣рд╛рд░рд╛рд╖реНрдЯреНрд░рд╛рд▓рд╛ рдмрд╕реНрд╕ рдХрд░рд╛ рд╣реЗ.... рджрд│рднрджреНрд░реА рд╕рдЧрд│реЗ рдЖрд╣реЗрдд рд╣реЗ,mr
RT @9900Vikram: рд╣реЗ рдЖрд░реНрдпрди рдЦрд╛рди рд╕рд╛рд░рдЦреА рджрд▓рд┐рдВрджрд░ рдЬрд░реА рдмрд╛рд╣реЗрд░ рдЖрд▓реА рддрд░реА рдШрдВрдЯрд╛ рдлрд░рдХ рдкрдбрдд рдирд╛рд╣реА. рдПрдХ рдЧреЛрд╖реНрдЯ рдорд╛рддреНрд░ рдЦрд░реА рдЖрд╣реЗ рд╣рд┐рдВрджреВ рд▓реЛрдХрд╛рдВрдЪреА рдПрдХреА рд╣реА рдХрд╛рдорд╛рд▓рд╛ рдЖрд▓реА. рддреНрдпрд╛тАж,mr
@MLAMonikaRajale @msrtcofficial @OfficeofUT @Dev_Fadnavis @advanilparab рд╣реНрдпрд╛ рджрд│рднрджреНрд░реА рдорд╣рд╛рд╡рд╕реБрд▓реА рд╕рд░рдХрд╛рд░рдЪрд╛ рдзрд┐рдХреНрдХрд╛рд░ рдЕрд╕реЛтАж https://t.co/rIWO8xuZRX,mr
RT @9900Vikram: @TV9Marathi рд╣рд░рд╛рдордЦреЛрд░рд╛рдиреЛ рддреБрдордЪрд╛ рдмрд╛рдк рдореЗрд▓рд╛ рдХрд╛ рдЖрдИ? рдПрдХ рдЧрд░реАрдм рдПрд╕рдЯреА рдХрд░реНрдордЪрд╛рд░реА рдЖрддреНрдорд╣рддреНрдпрд╛ рдХрд░рддреЛрдп рддреНрдпрд╛рдмрджреНрджрд▓ рдмреЛрд▓рд╛рдпрдЪрдВ рд╕реЛрдбреВрди рддреНрдпрд╛ рдЖрд░реНрдпрди рдЦрд╛рдирдЪреАтАж,mr
RT @Pawalerr: рдХреЛрд░реЛрдирд╛ рдХрд╛рд│рд╛рдд рд╕реНрд╡рддрдГрдЪреНрдпрд╛ рджрд│рднрджреНрд░реА рдкрдгрд╛ рдореБрд│реЗ рд░рд╛рдЬреНрдпрд╛рдд рд▓рд╛рдЦреЛ рдмрд│реА рдЬрд╛рдд рдЕрд╕рддрд╛рдирд╛ @PawarSpeaks рдЪреЗ рдШреНрд░рд╣рдордВрддреНрд░реА рд╡рд╕реБрд▓реА рдХрд░рдгреНрдпрд╛рдд рд╡реНрдпрд╕реНрдд рд╣реЛрддреЗ! рдпрд╛тАж,mr
RT @9900Vikram: рд╣реЗ рдЖрд░реНрдпрди рдЦрд╛рди рд╕рд╛рд░рдЦреА рджрд▓рд┐рдВрджрд░ рдЬрд░реА рдмрд╛рд╣реЗрд░ рдЖрд▓реА рддрд░реА рдШрдВрдЯрд╛ рдлрд░рдХ рдкрдбрдд рдирд╛рд╣реА. рдПрдХ рдЧреЛрд╖реНрдЯ рдорд╛рддреНрд░ рдЦрд░реА рдЖрд╣реЗ рд╣рд┐рдВрджреВ рд▓реЛрдХрд╛рдВрдЪреА рдПрдХреА рд╣реА рдХрд╛рдорд╛рд▓рд╛ рдЖрд▓реА. рддреНрдпрд╛тАж,mr
RT @9900Vikram: @TV9Marathi рд╣рд░рд╛рдордЦреЛрд░рд╛рдиреЛ рддреБрдордЪрд╛ рдмрд╛рдк рдореЗрд▓рд╛ рдХрд╛ рдЖрдИ? рдПрдХ рдЧрд░реАрдм рдПрд╕рдЯреА рдХрд░реНрдордЪрд╛рд░реА рдЖрддреНрдорд╣рддреНрдпрд╛ рдХрд░рддреЛрдп рддреНрдпрд╛рдмрджреНрджрд▓ рдмреЛрд▓рд╛рдпрдЪрдВ рд╕реЛрдбреВрди рддреНрдпрд╛ рдЖрд░реНрдпрди рдЦрд╛рдирдЪреАтАж,mr
RT @9900Vikram: @TV9Marathi рд╣рд░рд╛рдордЦреЛрд░рд╛рдиреЛ рддреБрдордЪрд╛ рдмрд╛рдк рдореЗрд▓рд╛ рдХрд╛ рдЖрдИ? рдПрдХ рдЧрд░реАрдм рдПрд╕рдЯреА рдХрд░реНрдордЪрд╛рд░реА рдЖрддреНрдорд╣рддреНрдпрд╛ рдХрд░рддреЛрдп рддреНрдпрд╛рдмрджреНрджрд▓ рдмреЛрд▓рд╛рдпрдЪрдВ рд╕реЛрдбреВрди рддреНрдпрд╛ рдЖрд░реНрдпрди рдЦрд╛рдирдЪреАтАж,mr
@TV9Marathi рд╣рд░рд╛рдордЦреЛрд░рд╛рдиреЛ рддреБрдордЪрд╛ рдмрд╛рдк рдореЗрд▓рд╛ рдХрд╛ рдЖрдИ? рдПрдХ рдЧрд░реАрдм рдПрд╕рдЯреА рдХрд░реНрдордЪрд╛рд░реА рдЖрддреНрдорд╣рддреНрдпрд╛ рдХрд░рддреЛрдп рддреНрдпрд╛рдмрджреНрджрд▓ рдмреЛрд▓рд╛рдпрдЪрдВ рд╕реЛрдбреВрди рддреНрдпрд╛ рдЖтАж https://t.co/pswgN2PwpB,mr
@AmartyaR01 @nawabmalikncp @PawarSpeaks @OfficeofUT @Hopeful_Addict @stitch_yamalaa @Vaishnavi_3053тАж https://t.co/rLBPrXhxwy,mr
"RT @sagarpatil17ya1: рдирдЧрд░ рдЬрд┐рд▓реНрд╣реНрдпрд╛рддреАрд▓ рд╢реЗрд╡рдЧрд╛рд╡ рдПрд╕рдЯреА рдбреЗрдкреЛрдордзреНрдпреЗ рдХрд╛рд░реНрдпрд░рдд рдЕрд╕рдгрд╛рд░реЗ рджрд┐рд▓реАрдк рдХрд╛рдХрдбреЗ рдпрд╛рдВрдиреА рдЖрддреНрдорд╣рддреНрдпрд╛ рдХреЗрд▓реА. 
рдЖрдЬрдкрд░реНрдпрдВрдд 28 рдПрд╕рдЯреА рдХрд░реНрдордЪрд╛рд▒реНрдпрд╛рдВрдиреАтАж",mr
@AmartyaR01 @devharshada @nawabmalikncp @PawarSpeaks @OfficeofUT @Hopeful_Addict @stitch_yamalaa @Vaishnavi_3053тАж https://t.co/2hyk0shLD3,mr
"RT @sagarpatil17ya1: рдирдЧрд░ рдЬрд┐рд▓реНрд╣реНрдпрд╛рддреАрд▓ рд╢реЗрд╡рдЧрд╛рд╡ рдПрд╕рдЯреА рдбреЗрдкреЛрдордзреНрдпреЗ рдХрд╛рд░реНрдпрд░рдд рдЕрд╕рдгрд╛рд░реЗ рджрд┐рд▓реАрдк рдХрд╛рдХрдбреЗ рдпрд╛рдВрдиреА рдЖрддреНрдорд╣рддреНрдпрд╛ рдХреЗрд▓реА. 
рдЖрдЬрдкрд░реНрдпрдВрдд 28 рдПрд╕рдЯреА рдХрд░реНрдордЪрд╛рд▒реНрдпрд╛рдВрдиреАтАж",mr
RT @9900Vikram: рд╣реЗ рдЖрд░реНрдпрди рдЦрд╛рди рд╕рд╛рд░рдЦреА рджрд▓рд┐рдВрджрд░ рдЬрд░реА рдмрд╛рд╣реЗрд░ рдЖрд▓реА рддрд░реА рдШрдВрдЯрд╛ рдлрд░рдХ рдкрдбрдд рдирд╛рд╣реА. рдПрдХ рдЧреЛрд╖реНрдЯ рдорд╛рддреНрд░ рдЦрд░реА рдЖрд╣реЗ рд╣рд┐рдВрджреВ рд▓реЛрдХрд╛рдВрдЪреА рдПрдХреА рд╣реА рдХрд╛рдорд╛рд▓рд╛ рдЖрд▓реА. рддреНрдпрд╛тАж,mr
"рдирдЧрд░ рдЬрд┐рд▓реНрд╣реНрдпрд╛рддреАрд▓ рд╢реЗрд╡рдЧрд╛рд╡ рдПрд╕рдЯреА рдбреЗрдкреЛрдордзреНрдпреЗ рдХрд╛рд░реНрдпрд░рдд рдЕрд╕рдгрд╛рд░реЗ рджрд┐рд▓реАрдк рдХрд╛рдХрдбреЗ рдпрд╛рдВрдиреА рдЖрддреНрдорд╣рддреНрдпрд╛ рдХреЗрд▓реА. 
рдЖрдЬрдкрд░реНрдпрдВрдд 28 рдПрд╕рдЯреА рдХрд░реНрдордЪрд╛тАж https://t.co/kfbUrfR1q5",mr
рдХреЛрд░реЛрдирд╛ рдХрд╛рд│рд╛рдд рд╕реНрд╡рддрдГрдЪреНрдпрд╛ рджрд│рднрджреНрд░реА рдкрдгрд╛ рдореБрд│реЗ рд░рд╛рдЬреНрдпрд╛рдд рд▓рд╛рдЦреЛ рдмрд│реА рдЬрд╛рдд рдЕрд╕рддрд╛рдирд╛ @PawarSpeaks рдЪреЗ рдШреНрд░рд╣рдордВрддреНрд░реА рд╡рд╕реБрд▓реА рдХрд░рдгреНрдпрд╛рдд рд╡реНрдпрд╕реНрддтАж https://t.co/E52qmtrdT1,mr
"RT @iAviGokhale: рдЖрдЬ рд╕рдХрд╛рд│реА рдХрд╛рдЧрджрд╛рд╡рд░ рдШрд╛рдг рдХрд░реВрди рддреНрдпрд╛рд▓рд╛ рдЧрд┐рд▒реНрдпрд╛рдиреА рдмрдо рднреЛрд▓реЗ рдЕрд╕рдВ рд╢реАрд░реНрд╖рдХ рджрд┐рд▓рдВ рдЖрд╣реЗ, рджрд│рднрджреНрд░реА рдЧрд┐рд▒реНрдпрд╛
@girishkuber",mr
"RT @iAviGokhale: рдЖрдЬ рд╕рдХрд╛рд│реА рдХрд╛рдЧрджрд╛рд╡рд░ рдШрд╛рдг рдХрд░реВрди рддреНрдпрд╛рд▓рд╛ рдЧрд┐рд▒реНрдпрд╛рдиреА рдмрдо рднреЛрд▓реЗ рдЕрд╕рдВ рд╢реАрд░реНрд╖рдХ рджрд┐рд▓рдВ рдЖрд╣реЗ, рджрд│рднрджреНрд░реА рдЧрд┐рд▒реНрдпрд╛
@girishkuber",mr
"рдШрд╛рдЯрдХреЛрдкрд░ рд╕реНрдЯреЗрд╢рдирд▓рд╛ рдЦреВрдк TC рдЖрд╣реЗрдд рд░реЗрд▓реНрд╡реЗрддрд┐рдХреАрдЯ рдЪреЗрдХ рдХрд░рдгреНрдпрд╛рд╕рд╛рдареА..рддрд┐рдХреАрдЯ рдЪрд╛рд▓реВ рдХрд░реВрди рдмрдВрдж рдХрд╛ рдХрд░рд╛рдпрдЪреА ЁЯдФ
рд╕рд░реНрд╡рд╕рд╛рдорд╛рдиреНрдпрд╛рдВрд╕рд╛рдареА рдХрд┐рддреАтАж https://t.co/3xDp1j7gLp",mr
"рдЖрдЬ рд╕рдХрд╛рд│реА рдХрд╛рдЧрджрд╛рд╡рд░ рдШрд╛рдг рдХрд░реВрди рддреНрдпрд╛рд▓рд╛ рдЧрд┐рд▒реНрдпрд╛рдиреА рдмрдо рднреЛрд▓реЗ рдЕрд╕рдВ рд╢реАрд░реНрд╖рдХ рджрд┐рд▓рдВ рдЖрд╣реЗ, рджрд│рднрджреНрд░реА рдЧрд┐рд▒реНрдпрд╛
@girishkuber",mr
RT @9900Vikram: рд╣реЗ рдЖрд░реНрдпрди рдЦрд╛рди рд╕рд╛рд░рдЦреА рджрд▓рд┐рдВрджрд░ рдЬрд░реА рдмрд╛рд╣реЗрд░ рдЖрд▓реА рддрд░реА рдШрдВрдЯрд╛ рдлрд░рдХ рдкрдбрдд рдирд╛рд╣реА. рдПрдХ рдЧреЛрд╖реНрдЯ рдорд╛рддреНрд░ рдЦрд░реА рдЖрд╣реЗ рд╣рд┐рдВрджреВ рд▓реЛрдХрд╛рдВрдЪреА рдПрдХреА рд╣реА рдХрд╛рдорд╛рд▓рд╛ рдЖрд▓реА. рддреНрдпрд╛тАж,mr
RT @9900Vikram: рд╣реЗ рдЖрд░реНрдпрди рдЦрд╛рди рд╕рд╛рд░рдЦреА рджрд▓рд┐рдВрджрд░ рдЬрд░реА рдмрд╛рд╣реЗрд░ рдЖрд▓реА рддрд░реА рдШрдВрдЯрд╛ рдлрд░рдХ рдкрдбрдд рдирд╛рд╣реА. рдПрдХ рдЧреЛрд╖реНрдЯ рдорд╛рддреНрд░ рдЦрд░реА рдЖрд╣реЗ рд╣рд┐рдВрджреВ рд▓реЛрдХрд╛рдВрдЪреА рдПрдХреА рд╣реА рдХрд╛рдорд╛рд▓рд╛ рдЖрд▓реА. рддреНрдпрд╛тАж,mr
RT @9900Vikram: рд╣реЗ рдЖрд░реНрдпрди рдЦрд╛рди рд╕рд╛рд░рдЦреА рджрд▓рд┐рдВрджрд░ рдЬрд░реА рдмрд╛рд╣реЗрд░ рдЖрд▓реА рддрд░реА рдШрдВрдЯрд╛ рдлрд░рдХ рдкрдбрдд рдирд╛рд╣реА. рдПрдХ рдЧреЛрд╖реНрдЯ рдорд╛рддреНрд░ рдЦрд░реА рдЖрд╣реЗ рд╣рд┐рдВрджреВ рд▓реЛрдХрд╛рдВрдЪреА рдПрдХреА рд╣реА рдХрд╛рдорд╛рд▓рд╛ рдЖрд▓реА. рддреНрдпрд╛тАж,mr
RT @9900Vikram: рд╣реЗ рдЖрд░реНрдпрди рдЦрд╛рди рд╕рд╛рд░рдЦреА рджрд▓рд┐рдВрджрд░ рдЬрд░реА рдмрд╛рд╣реЗрд░ рдЖрд▓реА рддрд░реА рдШрдВрдЯрд╛ рдлрд░рдХ рдкрдбрдд рдирд╛рд╣реА. рдПрдХ рдЧреЛрд╖реНрдЯ рдорд╛рддреНрд░ рдЦрд░реА рдЖрд╣реЗ рд╣рд┐рдВрджреВ рд▓реЛрдХрд╛рдВрдЪреА рдПрдХреА рд╣реА рдХрд╛рдорд╛рд▓рд╛ рдЖрд▓реА. рддреНрдпрд╛тАж,mr
RT @9900Vikram: рд╣реЗ рдЖрд░реНрдпрди рдЦрд╛рди рд╕рд╛рд░рдЦреА рджрд▓рд┐рдВрджрд░ рдЬрд░реА рдмрд╛рд╣реЗрд░ рдЖрд▓реА рддрд░реА рдШрдВрдЯрд╛ рдлрд░рдХ рдкрдбрдд рдирд╛рд╣реА. рдПрдХ рдЧреЛрд╖реНрдЯ рдорд╛рддреНрд░ рдЦрд░реА рдЖрд╣реЗ рд╣рд┐рдВрджреВ рд▓реЛрдХрд╛рдВрдЪреА рдПрдХреА рд╣реА рдХрд╛рдорд╛рд▓рд╛ рдЖрд▓реА. рддреНрдпрд╛тАж,mr
"@TV9Marathi @iamsrk @nawabmalikncp @OfficeofNM рд╡рд╛ рдХрд╛рдп рдЪрд╛рд╣рддреЗ рдЖрд╣реЗрдд рдЕрд╕реЗ, рдЙрджреНрдпрд╛ рдпрд╛ рдЪрд╛рд╣рддреНрдпрд╛рдВрдирд╛ рд╢рд╛рд╣рд░реБрдЦ рдЪреНрдпрд╛ рдШрд░рд╛рддрд▓реНрдпрд╛рдВрдЪреАтАж https://t.co/DVdwXLdHEv",mr
RT @9900Vikram: рд╣реЗ рдЖрд░реНрдпрди рдЦрд╛рди рд╕рд╛рд░рдЦреА рджрд▓рд┐рдВрджрд░ рдЬрд░реА рдмрд╛рд╣реЗрд░ рдЖрд▓реА рддрд░реА рдШрдВрдЯрд╛ рдлрд░рдХ рдкрдбрдд рдирд╛рд╣реА. рдПрдХ рдЧреЛрд╖реНрдЯ рдорд╛рддреНрд░ рдЦрд░реА рдЖрд╣реЗ рд╣рд┐рдВрджреВ рд▓реЛрдХрд╛рдВрдЪреА рдПрдХреА рд╣реА рдХрд╛рдорд╛рд▓рд╛ рдЖрд▓реА. рддреНрдпрд╛тАж,mr
RT @9900Vikram: рд╣реЗ рдЖрд░реНрдпрди рдЦрд╛рди рд╕рд╛рд░рдЦреА рджрд▓рд┐рдВрджрд░ рдЬрд░реА рдмрд╛рд╣реЗрд░ рдЖрд▓реА рддрд░реА рдШрдВрдЯрд╛ рдлрд░рдХ рдкрдбрдд рдирд╛рд╣реА. рдПрдХ рдЧреЛрд╖реНрдЯ рдорд╛рддреНрд░ рдЦрд░реА рдЖрд╣реЗ рд╣рд┐рдВрджреВ рд▓реЛрдХрд╛рдВрдЪреА рдПрдХреА рд╣реА рдХрд╛рдорд╛рд▓рд╛ рдЖрд▓реА. рддреНрдпрд╛тАж,mr
RT @9900Vikram: рд╣реЗ рдЖрд░реНрдпрди рдЦрд╛рди рд╕рд╛рд░рдЦреА рджрд▓рд┐рдВрджрд░ рдЬрд░реА рдмрд╛рд╣реЗрд░ рдЖрд▓реА рддрд░реА рдШрдВрдЯрд╛ рдлрд░рдХ рдкрдбрдд рдирд╛рд╣реА. рдПрдХ рдЧреЛрд╖реНрдЯ рдорд╛рддреНрд░ рдЦрд░реА рдЖрд╣реЗ рд╣рд┐рдВрджреВ рд▓реЛрдХрд╛рдВрдЪреА рдПрдХреА рд╣реА рдХрд╛рдорд╛рд▓рд╛ рдЖрд▓реА. рддреНрдпрд╛тАж,mr
RT @9900Vikram: рд╣реЗ рдЖрд░реНрдпрди рдЦрд╛рди рд╕рд╛рд░рдЦреА рджрд▓рд┐рдВрджрд░ рдЬрд░реА рдмрд╛рд╣реЗрд░ рдЖрд▓реА рддрд░реА рдШрдВрдЯрд╛ рдлрд░рдХ рдкрдбрдд рдирд╛рд╣реА. рдПрдХ рдЧреЛрд╖реНрдЯ рдорд╛рддреНрд░ рдЦрд░реА рдЖрд╣реЗ рд╣рд┐рдВрджреВ рд▓реЛрдХрд╛рдВрдЪреА рдПрдХреА рд╣реА рдХрд╛рдорд╛рд▓рд╛ рдЖрд▓реА. рддреНрдпрд╛тАж,mr
RT @9900Vikram: рд╣реЗ рдЖрд░реНрдпрди рдЦрд╛рди рд╕рд╛рд░рдЦреА рджрд▓рд┐рдВрджрд░ рдЬрд░реА рдмрд╛рд╣реЗрд░ рдЖрд▓реА рддрд░реА рдШрдВрдЯрд╛ рдлрд░рдХ рдкрдбрдд рдирд╛рд╣реА. рдПрдХ рдЧреЛрд╖реНрдЯ рдорд╛рддреНрд░ рдЦрд░реА рдЖрд╣реЗ рд╣рд┐рдВрджреВ рд▓реЛрдХрд╛рдВрдЪреА рдПрдХреА рд╣реА рдХрд╛рдорд╛рд▓рд╛ рдЖрд▓реА. рддреНрдпрд╛тАж,mr
RT @9900Vikram: рд╣реЗ рдЖрд░реНрдпрди рдЦрд╛рди рд╕рд╛рд░рдЦреА рджрд▓рд┐рдВрджрд░ рдЬрд░реА рдмрд╛рд╣реЗрд░ рдЖрд▓реА рддрд░реА рдШрдВрдЯрд╛ рдлрд░рдХ рдкрдбрдд рдирд╛рд╣реА. рдПрдХ рдЧреЛрд╖реНрдЯ рдорд╛рддреНрд░ рдЦрд░реА рдЖрд╣реЗ рд╣рд┐рдВрджреВ рд▓реЛрдХрд╛рдВрдЪреА рдПрдХреА рд╣реА рдХрд╛рдорд╛рд▓рд╛ рдЖрд▓реА. рддреНрдпрд╛тАж,mr
RT @9900Vikram: рд╣реЗ рдЖрд░реНрдпрди рдЦрд╛рди рд╕рд╛рд░рдЦреА рджрд▓рд┐рдВрджрд░ рдЬрд░реА рдмрд╛рд╣реЗрд░ рдЖрд▓реА рддрд░реА рдШрдВрдЯрд╛ рдлрд░рдХ рдкрдбрдд рдирд╛рд╣реА. рдПрдХ рдЧреЛрд╖реНрдЯ рдорд╛рддреНрд░ рдЦрд░реА рдЖрд╣реЗ рд╣рд┐рдВрджреВ рд▓реЛрдХрд╛рдВрдЪреА рдПрдХреА рд╣реА рдХрд╛рдорд╛рд▓рд╛ рдЖрд▓реА. рддреНрдпрд╛тАж,mr
@prasad_wayal рдХрд╕рд▓рд╛ рджрд│рднрджреНрд░реА рдЖрд╣реЗрд╕ рдмреЗ,mr
рд╣реЗ рдЖрд░реНрдпрди рдЦрд╛рди рд╕рд╛рд░рдЦреА рджрд▓рд┐рдВрджрд░ рдЬрд░реА рдмрд╛рд╣реЗрд░ рдЖрд▓реА рддрд░реА рдШрдВрдЯрд╛ рдлрд░рдХ рдкрдбрдд рдирд╛рд╣реА. рдПрдХ рдЧреЛрд╖реНрдЯ рдорд╛рддреНрд░ рдЦрд░реА рдЖрд╣реЗ рд╣рд┐рдВрджреВ рд▓реЛрдХрд╛рдВрдЪреА рдПрдХреА рд╣реА рдХрд╛рдорд╛рд▓рд╛ рдЖтАж https://t.co/0dzacaiQ5k,mr
"RT @SAGARBRATHOD2: @lokmat рдЧреЛрд│реНрдпрд╛ рдШрд╛рд▓реВрди рдорд╛рд░рд▓ рдкрд╛рд╣рд┐рдЬреЗ рдпрд╛рдВрдирд╛, рдпрд╛рдВрдирд╛ рдлрдХреНрдд рд╕рддреНрддрд╛ рдкрдж рдкреИрд╕рд╛ рд╣рд╡рд╛ рдЖрд╣реЗ, рдпрд╛рдЪреНрдпрд╛ рд╡реНрдпрддрд┐рд░рд┐рдХреНрдд рджреБрд╕рд░реЗ рдХрд╛рд╣реА рдирдХреЛ. рдПрдХрд╛ рдХрд░реНрддрд╡реНрдптАж",mr
@nawabmalikncp рдР рджрд│рднрджреНрд░реА рд╢рд╛рдВрдд рдмрд╕ рдХреА,hi
"RT @OmkarThatte: рд╕реНрддреБрддреНрдп decision!!!
рдкрдг рджрд│рднрджреНрд░реА opposition рд╣реНрдпрд╛ рд╡рд░ Tata рд▓рд╛ рдкреИрд╕реЗ рдкреБрд░рд╡рд╛рдпрдЪреЗ рдкреНрд░рдпрддреНрди рдореНрд╣рдгреВрди рд░рд╛рд│ рдЙрдард╡реЗрд▓

ЁЯдж https://t.co/Fu16JDjK8P",mr
RT @AmarMWarishe: @TV9Marathi @narendramodi @Dev_Fadnavis @BJP4Maharashtra @ShindePraniti @INCMaharashtra рдЖрдгрд┐ рдорд╣рд╛рд░рд╛рд╖реНрдЯреНрд░рд╛рдд рджрд│рднрджреНрд░реА рдпреБрддреА рдЭрд╛тАж,mr
"RT @OmkarThatte: рд╕реНрддреБрддреНрдп decision!!!
рдкрдг рджрд│рднрджреНрд░реА opposition рд╣реНрдпрд╛ рд╡рд░ Tata рд▓рд╛ рдкреИрд╕реЗ рдкреБрд░рд╡рд╛рдпрдЪреЗ рдкреНрд░рдпрддреНрди рдореНрд╣рдгреВрди рд░рд╛рд│ рдЙрдард╡реЗрд▓

ЁЯдж https://t.co/Fu16JDjK8P",mr
"RT @OmkarThatte: рд╕реНрддреБрддреНрдп decision!!!
рдкрдг рджрд│рднрджреНрд░реА opposition рд╣реНрдпрд╛ рд╡рд░ Tata рд▓рд╛ рдкреИрд╕реЗ рдкреБрд░рд╡рд╛рдпрдЪреЗ рдкреНрд░рдпрддреНрди рдореНрд╣рдгреВрди рд░рд╛рд│ рдЙрдард╡реЗрд▓

ЁЯдж https://t.co/Fu16JDjK8P",mr
"RT @OmkarThatte: рд╕реНрддреБрддреНрдп decision!!!
рдкрдг рджрд│рднрджреНрд░реА opposition рд╣реНрдпрд╛ рд╡рд░ Tata рд▓рд╛ рдкреИрд╕реЗ рдкреБрд░рд╡рд╛рдпрдЪреЗ рдкреНрд░рдпрддреНрди рдореНрд╣рдгреВрди рд░рд╛рд│ рдЙрдард╡реЗрд▓

ЁЯдж https://t.co/Fu16JDjK8P",mr
@KrantiRedkar @CMOMaharashtra @NarvekarMilind_ @republic @indiatvnews @ZeeNews @zee24taasnews @ABPNews @News18IndiaтАж https://t.co/ZYNe1ijzCM,mr
"@lokmat рдЧреЛрд│реНрдпрд╛ рдШрд╛рд▓реВрди рдорд╛рд░рд▓ рдкрд╛рд╣рд┐рдЬреЗ рдпрд╛рдВрдирд╛, рдпрд╛рдВрдирд╛ рдлрдХреНрдд рд╕рддреНрддрд╛ рдкрдж рдкреИрд╕рд╛ рд╣рд╡рд╛ рдЖрд╣реЗ, рдпрд╛рдЪреНрдпрд╛ рд╡реНрдпрддрд┐рд░рд┐рдХреНрдд рджреБрд╕рд░реЗ рдХрд╛рд╣реА рдирдХреЛ. рдПрдХрд╛ рдХтАж https://t.co/PV7XzMXIQU",mr
RT @BalajiZunje1: @mechetandixit рджрд│рднрджреНрд░реА рд╣реБрдХреБрдордд! рднрдВрдЧрд╛рд░ рд╡рд╛рд▓реНрдпрд╛рдЪрд╛ рдорд╛рдЬ!,mr
"RT @proudmarathiMH: рдлрдХреНрдд 2 рдЬрд┐рд▓реНрд╣реЗ рдмрд╛рдХреА рд╣реЛрддреЗ.
рд╕рдЧрд│рд╛ рдорд╣рд╛рд░рд╛рд╖реНрдЯреНрд░ рднрд┐рд░рд▓рд╛ рдЕрд╕рддрд╛ рдЖрдкрд▓рд╛ рдорд┐рддреНрд░...ЁЯШа(рджрд│рднрджреНрд░реА рдХреБрдард▓реЗ).
рдорд╣рд╛рднрдХрд╛рд╕ рдЖрдШрд╛рдбреА...
#рд░рд╛рдЬреЗрд╢_рдЯреЛрдкреЗ_рд░рд╛рдЬреАрдирд╛тАж",mr
"рд▓реЛрдХрдЬрд╛рдЧрд░ : рдЙрдкрдЯрд╕реБрдВрдн тАШрд╡реГрдХреНрд╖рдкреНрд░реЗрдореАтАЩ! 
https://t.co/Ktqe2xBFPa 
рдЕрдЬрдиреАрдЪрд╛ рдкреНрд░рдХрд▓реНрдк рдЬрдВрдЧрд▓рд╛рдд рдирд╛рд╣реА рддрд░ рд╢рд╣рд░рд╛рдЪреНрдпрд╛ рдордзреНрдпрднрд╛рдЧреА рдЙрднрд╛ рд░рд╛рд╣тАж https://t.co/YwU5BrBLKY",mr
"RT @OmkarThatte: рд╕реНрддреБрддреНрдп decision!!!
рдкрдг рджрд│рднрджреНрд░реА opposition рд╣реНрдпрд╛ рд╡рд░ Tata рд▓рд╛ рдкреИрд╕реЗ рдкреБрд░рд╡рд╛рдпрдЪреЗ рдкреНрд░рдпрддреНрди рдореНрд╣рдгреВрди рд░рд╛рд│ рдЙрдард╡реЗрд▓

ЁЯдж https://t.co/Fu16JDjK8P",mr
"RT @OmkarThatte: рд╕реНрддреБрддреНрдп decision!!!
рдкрдг рджрд│рднрджреНрд░реА opposition рд╣реНрдпрд╛ рд╡рд░ Tata рд▓рд╛ рдкреИрд╕реЗ рдкреБрд░рд╡рд╛рдпрдЪреЗ рдкреНрд░рдпрддреНрди рдореНрд╣рдгреВрди рд░рд╛рд│ рдЙрдард╡реЗрд▓

ЁЯдж https://t.co/Fu16JDjK8P",mr
"RT @OmkarThatte: рд╕реНрддреБрддреНрдп decision!!!
рдкрдг рджрд│рднрджреНрд░реА opposition рд╣реНрдпрд╛ рд╡рд░ Tata рд▓рд╛ рдкреИрд╕реЗ рдкреБрд░рд╡рд╛рдпрдЪреЗ рдкреНрд░рдпрддреНрди рдореНрд╣рдгреВрди рд░рд╛рд│ рдЙрдард╡реЗрд▓

ЁЯдж https://t.co/Fu16JDjK8P",mr
"рд╕реНрддреБрддреНрдп decision!!!
рдкрдг рджрд│рднрджреНрд░реА opposition рд╣реНрдпрд╛ рд╡рд░ Tata рд▓рд╛ рдкреИрд╕реЗ рдкреБрд░рд╡рд╛рдпрдЪреЗ рдкреНрд░рдпрддреНрди рдореНрд╣рдгреВрди рд░рд╛рд│ рдЙрдард╡реЗрд▓

ЁЯдж https://t.co/Fu16JDjK8P",mr
"рдЦрд░рдВрдЪ рджрд│рднрджреНрд░реА рдкрдгрд╛ рдЖрд╣реЗ, рд╕рд░рдХрд╛рд░ рдХреЛрдгрддрд╛рд╣реА рдЕрд╕реЛ рд╢реЗрддрдХрд▒реНрдпрд╛рдЪреА рдЕрд╡рд╕реНрдерд╛ рдЕрд╢реАрдЪ рдЕрд╕рдгрд╛рд░ рдпрд╛рдВрдирд╛ рдлрдХреНрдд рдпрд╛рдВрдЪреНрдпрд╛ рд╕рддреНрддреЗрдЪ рдкрдбрд▓реЗрд▓рдВ рдЖрд╣реЗ рдПрдХ рджрд┐рд╡рд╕тАж https://t.co/AbwIhY93rm",mr
@UnmeshPatilBjp @CMOMaharashtra @Jayant_R_Patil @dadajibhuse @GulabraojiP @AbdulSattar_99 рдпрд╛ рджрд│рднрджреНрд░реА рд╕рд░рдХрд╛рд░ рд╕рд╛рдареА рдктАж https://t.co/H7nFQQwMYO,mr
@mechetandixit рджрд│рднрджреНрд░реА рд╣реБрдХреБрдордд! рднрдВрдЧрд╛рд░ рд╡рд╛рд▓реНрдпрд╛рдЪрд╛ рдорд╛рдЬ!,mr
"@LoksattaLive *рдЪрд░рд╕-рдЧрд╛рдВрдЬрд╛ рдЪреНрдпрд╛ рдЖрд╣рд╛рд░реА рдЧреЗрд▓реЗрд▓реНрдпрд╛ рддреНрдпрд╛ рджрд│рднрджреНрд░реА 'Star Kid'* рдЪреА рдЪрд░реНрдЪрд╛ рдХрд░рдгреНрдпрд╛рдкреЗрдХреНрд╖рд╛... *рдЕрд╢рд╛ ""Star Kid"" рдЪреА рдЪтАж https://t.co/3n5vOtMzg1",mr
@BhushanAsks @Mahadev_Balgude рдЬрд░ рд╡рд╛рдирдЦрдбреЗ рдЪ рдЦреЛрдЯреНрдпрд╛ cert рд╡рд░ IRS рдЭрд╛рд▓рд╛ рдЕрд╕реЗрд▓ рддрд░ рддреНрдпрд╛рдЪреА рдХреЗрд╕ рддрд░реА рдХрд┐рддреА рдЦрд░реА рдЕрд╕реЗрд▓.. рджреЛрд╖реАрдВрдирд╛ рд╢рд┐тАж https://t.co/J0AQ5Zn9re,mr
@_Siddhesh_wagh рджрд│рднрджреНрд░реА рд╢реЗрд│реАрдмреНрд░реЗрдЯреА рдкрд┐рд╡реНрд╡рд░ рдорд░рд╛рдареАрдд рдкрд╛рдВрдЪрдЯ рдорд╛рд▓ рдЕрд╕рддреЛ рддреЛ ЁЯШВ,mr
рдорд▓рд╛ рд╣рд╛рдЪ рдкреНрд░рд╢реНрди рдкрдбрд▓рд╛ рд╣реЛрддрд╛ рдХреА рд╣рд╛ рджрд│рднрджреНрд░реА рдЬрд┐рддреБрджреНрдпреАрди рдЖрдЬреБрди рдХрд╕рд╛ рднреБрдХрд▓рд╛ рдирд╛рд╣реА #рджрд╛рдКрдж https://t.co/LycvOHjLfc,mr
"рдлрдХреНрдд 2 рдЬрд┐рд▓реНрд╣реЗ рдмрд╛рдХреА рд╣реЛрддреЗ.
рд╕рдЧрд│рд╛ рдорд╣рд╛рд░рд╛рд╖реНрдЯреНрд░ рднрд┐рд░рд▓рд╛ рдЕрд╕рддрд╛ рдЖрдкрд▓рд╛ рдорд┐рддреНрд░...ЁЯШа(рджрд│рднрджреНрд░реА рдХреБрдард▓реЗ).
рдорд╣рд╛рднрдХрд╛рд╕ рдЖрдШрд╛рдбреА...тАж https://t.co/QBfxWerwWn",mr
"@abpmajhatv @nawabmalikncp @7_ganesh рджрд│рднрджреНрд░реА рдЪрд╛рдпрдмрд┐рд╕реНрдХреВрдЯ, 

рдХрд┐рддреА рд╣реА рд▓рд╛рдЪрд╛рд░реА
рдЕрд╢рд╛ рдЪреЕрдирд▓ рдЪреЗ рджрд░реНрд╢рдХ рдЖрд╣реЛрдд рдЬреЗ рдирд╛рд╡рд╛рдЪрд╛ рд▓реЛрдЧреЛ рд╕реБрдзреНрджрд╛ рдорд░рд╛рдареАрдд рджрд╛рдЦрд╡рдд рдирд╛рд╣реАрдд",mr
@Dev_Fadnavis @ChDadaPatil рд╣реЗ рджрд│рднрджреНрд░реА рдорд╣рд╛рд╡рд┐рдирд╛рд╢рдХ рдЖрдШрд╛рдбреА рд╕рд░рдХрд╛рд░ рд╣рд░рдкреНрд░рдпрддреНрдирд╛рдиреЗ рд╣рд╛рдХрд▓реВрди рдорд╣рд╛рд░рд╛рд╖реНрдЯреНрд░рд╛рдЪреА рдлрд░рдлрдЯ рдерд╛рдВрдмрд╡рд╛ рд╣реАрдЪ рдорд░рд╛рдареАтАж https://t.co/91Neqwfmv4,mr
"@waqyounis99 рджрд│рднрджреНрд░реА

#INDvPAK",hi
@LoksattaLive @nawabmalikncp @NCPspeaks рддреБрдореНрд╣реА рдкрдг рдЕрдорд╛рдиреНрдп рджрд│рднрджреНрд░реА рдпреБрддреАрдХрдбреВрди рдордВрддреНрд░реА рдЭрд╛рд▓рд╛ рдЖрд╣рд╛рдд рд░рд╛рдЬреАрдирд╛рдорд╛ рджреНрдпрд╛,mr
... рдЖрддрд╛ рджреЗрд╡реЗрдВрджреНрд░ рдЬреАрдВрдиреА рдорд┐рд│рд╡рд▓реЗрд▓реНрдпрд╛ CDR рдЪреА рдЪреМрдХрд╢реА рдХрд░рд╛... рдкрд╛рдЪ рд╡рд░реНрд╖реЗ рдпрд╛рдЪ рдкреЛрд░рдЦреЗрд│рд╛рдд рдШрд╛рд▓рд╡рд╛... рдорд╣рд╛ рджрд│рднрджреНрд░реА рдЖрдШрд╛рдбреА рд╕рд░рдХрд╛рд░... https://t.co/WuK66xLts7,mr
"RT @SBP_Nationalist: рддреНрдпрд╛ рд░рд╛рддреНрд░реА рд╕рд▓рдорд╛рди рджрд╛рд░реВ рдкрд┐рдКрди рдЧрд╛рдбреА рдЪрд╛рд▓рд╡рдд рд╣реЛрддрд╛' рд╣реЗ рдЦрд░рдВ рдмреЛрд▓рдгрдВрдЪ рддреНрдпрд╛рд▓рд╛ рднреЛрд╡рд▓рдВ.рдиреАрдЯ рдЖрдард╡реВрди рдмрдШрд╛,рддреЗрд╡реНрд╣рд╛рд╣реА рд╣реЗрдЪ рджрд│рднрджреНрд░реА рд╣рд░рд╛рдордЦреЛрд░ рдЦреБтАж",mr
рдЬрдЧрд╛рддрд▓рд╛ рд╕рдЧрд│реНрдпрд╛рдд рджрд│рднрджреНрд░реА рдЖрд╡рд╛рдЬ рд╡рд╛рдЯрддреЛ рдорд▓рд╛ рддрд░ рд╕реНрд╡рддрдГрдЪрд╛ ....ЁЯе▓ЁЯе▓ https://t.co/6JjWz0X0lv,mr
"@pras501 @begin_crazy @paddy__064 рдЬреНрдпрд╛рд▓рд╛ рдПрдХрдкрдг рд╕реАрдЯ рдЯрд┐рдХрд╡рддрд╛ рдпреЗрдд рдирд╛рд╣реА рддреЛ рдореЛрдард╛ рджрд│рднрджреНрд░реА..,.ЁЯШВЁЯШВЁЯШВ",mr
"@MeeTejaBoltoy рдЬреЗ рдХрд╛рд░рд╡рд╛рдИ рдХрд░рдд рдЖрд╣реЗрдд рддреНрдпрд╛рдВрдЪреА рдмрдВрдбрд▓ рдмрд╛рдЬреА, рджрд│рднрджреНрд░реА рдкрдгрд╛ рд╕рдЧрд│реНрдпрд╛ рдЬрдЧрд╛рд╕рдореЛрд░ рдЖрддрд╛ рдЖрд▓рд╛рдЪ рдЖрд╣реЗ, рдХреЛрдг рдХреБрдард▓рд╛ рдЧреЛрд╕рд╛рд╡реА рднрд╛рдиреБтАж https://t.co/6VJ5LxGB7n",mr
@Secular_babaa рдХрд┐рддреА рджрд│рднрджреНрд░реА рдЕрд╕рддрд╛рдд рд╣реНрдпрд╛рдЪреЗ рддрдерд╛рдХрдереАрдд рдорд╛рдореБ рдЬрд╛рдо рдШрд╛рдмрд░рддрд╛рдд  рдХрд╛рд░рд╡рд╛рдИ рдХрд░рд╛рдпрд▓рд╛ рдЕрд╕ рдХрд╛рдп рдорд╛рд╣рд┐рддреАрдп рд░рд╛рдЬрд╕рд╛рд╣реЗрдмрд╛рдирд╛ рдХреА рдПрд╡рдвреЗ рдШрд╛рдмрд░рддрд╛рдд,mr
@begin_crazy @paddy__064 рдЕрдВрдХреБрд╢ рд░рд╛рдКрдд рдореНрд╣рдгрдЬреЗ рдКрдзрд╡ рдИрддрдХрд╛ рджрд│рднрджреНрд░реА рд╣рд╛рдп рддрд░ рдХрд╛рд╣реАрдЪ рдХрд╛рд░рд╡рд╛рдИ  рдирд╛рдп рдХрд░рдд,mr
@ypxuhOSCWpcRder @paddy__064 рдЕрдВрдХреБрд╢ рд░рд╛рдКрдд рдореНрд╣рдгрдЬреЗ рдКрдзрд╡ рдИрддрдХрд╛ рджрд│рднрджреНрд░реА рд╣рд╛рдп рддрд░ рдХрд╛рд╣реАрдЪ рдХрд╛рд░рд╡рд╛рдИ  рдирд╛рдп рдХрд░рдд,mr
"@AmartyaR01 @GloriousHindu @BJP4Maharashtra рднрд╛рдЬрдкрд▓рд╛ рддреНрдпрд╛рдВрдЪреНрдпрд╛ рджрд│рднрджреНрд░реА ""рд╕рдмрдХрд╛ рд╡рд┐рд╢реНрд╡рд╛рд╕"" рд╣реНрдпрд╛ рддрддреНрд╡рд╛рдореБрд│реЗ рдХрд╛рд╣реАрд╣реА рднреВрдорд┐рдХрд╛ рдШреЗтАж https://t.co/BPLNYNbXJH",mr
@somraje рдЕрд░реЗ рджрд│рднрджреНрд░реА рдЧреЗрд▓реЗ рдЕрд╕рддреАрд▓ рдЖрдгрд┐ рдЧреЗрд▓реЗрдд рдлрд░рдХ рдкрдг рдирд╛рдп рд╕рдордЬрдд рдХрдареАрдг рд╣рд╛рдп рдХрдареАрдг рд╣рд╛рдп,mr
"RT @SBP_Nationalist: рддреНрдпрд╛ рд░рд╛рддреНрд░реА рд╕рд▓рдорд╛рди рджрд╛рд░реВ рдкрд┐рдКрди рдЧрд╛рдбреА рдЪрд╛рд▓рд╡рдд рд╣реЛрддрд╛' рд╣реЗ рдЦрд░рдВ рдмреЛрд▓рдгрдВрдЪ рддреНрдпрд╛рд▓рд╛ рднреЛрд╡рд▓рдВ.рдиреАрдЯ рдЖрдард╡реВрди рдмрдШрд╛,рддреЗрд╡реНрд╣рд╛рд╣реА рд╣реЗрдЪ рджрд│рднрджреНрд░реА рд╣рд░рд╛рдордЦреЛрд░ рдЦреБтАж",mr
"RT @SBP_Nationalist: рддреНрдпрд╛ рд░рд╛рддреНрд░реА рд╕рд▓рдорд╛рди рджрд╛рд░реВ рдкрд┐рдКрди рдЧрд╛рдбреА рдЪрд╛рд▓рд╡рдд рд╣реЛрддрд╛' рд╣реЗ рдЦрд░рдВ рдмреЛрд▓рдгрдВрдЪ рддреНрдпрд╛рд▓рд╛ рднреЛрд╡рд▓рдВ.рдиреАрдЯ рдЖрдард╡реВрди рдмрдШрд╛,рддреЗрд╡реНрд╣рд╛рд╣реА рд╣реЗрдЪ рджрд│рднрджреНрд░реА рд╣рд░рд╛рдордЦреЛрд░ рдЦреБтАж",mr
"RT @SBP_Nationalist: рддреНрдпрд╛ рд░рд╛рддреНрд░реА рд╕рд▓рдорд╛рди рджрд╛рд░реВ рдкрд┐рдКрди рдЧрд╛рдбреА рдЪрд╛рд▓рд╡рдд рд╣реЛрддрд╛' рд╣реЗ рдЦрд░рдВ рдмреЛрд▓рдгрдВрдЪ рддреНрдпрд╛рд▓рд╛ рднреЛрд╡рд▓рдВ.рдиреАрдЯ рдЖрдард╡реВрди рдмрдШрд╛,рддреЗрд╡реНрд╣рд╛рд╣реА рд╣реЗрдЪ рджрд│рднрджреНрд░реА рд╣рд░рд╛рдордЦреЛрд░ рдЦреБтАж",mr
@somraje рдХрд╛рдп рдХрд░рддреНрдпрд╛рдд рдирдХреНрдХреА рджреБрдмрдИрдд рддреИ рджрд│рднрджреНрд░реА,mr
@somraje рд╡реНрд╡рд╛ рдЦреБрдкрдЫрд╛рди рджрд│рднрджреНрд░реА рдХреЛрдЧреНрд░реЗрд╕ рд░рд╛рд╖реНрдЯреНрд░рд╡рд╛рджреА  рдЖрдорджрд╛рд░рд╛рдирд╛ рдУрд│рдЦрдд рдирд╛рд╣реА рддреБрдореНрд╣реА,mr
@somraje рдорд▓рд╛ рд╕рд╛рдВрдЧ рдкреНрд░рддрд┐рдХ рд╕рдорд░рд╛рдЬ  рд╣реЗ рддреБрдордЪреЗ рдЖрдорджрд╛рд░ рджрд│рднрджреНрд░реА рджреБрдмрдИ рд▓рд╛ рдХрд╛рдп рдПрдХрдореЗрдХрд╛рдЪреА рдорд╛рд░рд╛рдпрд▓рд╛ рдЧреЗрд▓реЗ рдЖрд╣реЗрдд рдХрд╛ рднрд╛рдИ рдЪреНрдпрд╛ рд╕рд╛рдЧрдгреНрдпрд╛рд╡тАж https://t.co/h6ITMmwv7i,mr
@praveengavit11 @somraje рдЕрд░реЗ рдореНрд╣рдгрдЬреЗ рдЕрд╕реЗ рдореНрд╣рдгрд╛рдпрдЪреЗ рд╣рд╛рдп рджрд│рднрджреНрд░реА рд╣рд╛рдп рдКрдзрд╡ рдирд╛ рдХрд╛рд╣реАрдЪ рдХрд╛рд░рд╡рд╛рдИ рдХрд░реБ рд╢рдХрдд рдирд╛рдп,mr
"RT @SBP_Nationalist: рддреНрдпрд╛ рд░рд╛рддреНрд░реА рд╕рд▓рдорд╛рди рджрд╛рд░реВ рдкрд┐рдКрди рдЧрд╛рдбреА рдЪрд╛рд▓рд╡рдд рд╣реЛрддрд╛' рд╣реЗ рдЦрд░рдВ рдмреЛрд▓рдгрдВрдЪ рддреНрдпрд╛рд▓рд╛ рднреЛрд╡рд▓рдВ.рдиреАрдЯ рдЖрдард╡реВрди рдмрдШрд╛,рддреЗрд╡реНрд╣рд╛рд╣реА рд╣реЗрдЪ рджрд│рднрджреНрд░реА рд╣рд░рд╛рдордЦреЛрд░ рдЦреБтАж",mr
"RT @MaheshS52606683: рджрд░рд┐рджреНрд░реА рдЕрд╕рд╛рд╡рдВ рд╣реЛ рдкрдг рджрд│рднрджреНрд░реА рдЕрд╕реБ рдирдпреЗ..
рджрд│рднрджреНрд░реА рд╕рд░рдХрд╛рд░рдЪрд╛ рдирд┐рд╖реЗрдз... рдирд╛рдХрд░реНрддреЗрдкрдгрд╛рдЪрд╛ рдХрд│рд╕ рдЖрд╣реЗ рд╣рд╛ .. рд╢рд╛рд╣рд░реБрдЦрдЪреНрдпрд╛ рдкреЛрд░рд╛рдВрдЪрдВ рд╢реЗрдВрдмреВрдб рдкреБтАж",mr
@ChitraKWagh @ChitraKWagh рдЙрд░реНрдл рд╡рд┐рдЪрд┐рддреНрд░рд╛ рдмрд╛рдИ рддреБрдореНрд╣реА рдпрд╛ рдЖрдзреА рд▓рдп рдЖрднрд╛рд│ рд╣реЗрдкрд│рд▓рдВ рдЖрд╣реЗ.рдХреГрдкрд╛ рдХрд░реВрди рднрд┐рдорд╛рдЪреЗ рдирд╛рд╡ рдЕрд╕рд▓реНрдпрд╛ рджрд│рднрджреНрд░реА рд╕реЛтАж https://t.co/7xItQsRQ0I,mr
"RT @MaheshS52606683: рджрд░рд┐рджреНрд░реА рдЕрд╕рд╛рд╡рдВ рд╣реЛ рдкрдг рджрд│рднрджреНрд░реА рдЕрд╕реБ рдирдпреЗ..
рджрд│рднрджреНрд░реА рд╕рд░рдХрд╛рд░рдЪрд╛ рдирд┐рд╖реЗрдз... рдирд╛рдХрд░реНрддреЗрдкрдгрд╛рдЪрд╛ рдХрд│рд╕ рдЖрд╣реЗ рд╣рд╛ .. рд╢рд╛рд╣рд░реБрдЦрдЪреНрдпрд╛ рдкреЛрд░рд╛рдВрдЪрдВ рд╢реЗрдВрдмреВрдб рдкреБтАж",mr
@MarathiBrain рдПрдХ рджрд│рднрджреНрд░реА рдЬрд╛рддреАрдп рд░рд╛рдЬрдХрд╛рд░рдгреА рдЖрдкрд▓реНрдпрд╛ рдЬрд╛рддреАрдЪреНрдпрд╛ рдирд╢реЗрдбреА рдЧреБрдиреНрд╣рд╛рдЧрд╛рд░рд╛рд▓рд╛ рд╡рд╛рдЪрд╡рдгреНрдпрд╛рд╕рд╛рдареА рдкреНрд░рдпрддреНрди рдХрд░рдд рдЖрд╣реЗ. рд╣рд╛ рдЦреБрдк рдорд╣тАж https://t.co/8kXRLmdtW1,mr
"RT @SBP_Nationalist: рддреНрдпрд╛ рд░рд╛рддреНрд░реА рд╕рд▓рдорд╛рди рджрд╛рд░реВ рдкрд┐рдКрди рдЧрд╛рдбреА рдЪрд╛рд▓рд╡рдд рд╣реЛрддрд╛' рд╣реЗ рдЦрд░рдВ рдмреЛрд▓рдгрдВрдЪ рддреНрдпрд╛рд▓рд╛ рднреЛрд╡рд▓рдВ.рдиреАрдЯ рдЖрдард╡реВрди рдмрдШрд╛,рддреЗрд╡реНрд╣рд╛рд╣реА рд╣реЗрдЪ рджрд│рднрджреНрд░реА рд╣рд░рд╛рдордЦреЛрд░ рдЦреБтАж",mr
RT @RangaRaje_H: Vacuum cleaner рдЪреНрдпрд╛ рдЬрдорд╛рдиреНрдпрд╛рдд рд╕реНрд╡рддрдГ рдХрдЪрд░рд╛ рдХрд░реВрди рддреЛрдЪ рдХрдЪрд░рд╛ рдлреЛрдЯреБ рдХрд╛рдврдгреНрдпрд╛рдкреБрд░рддрд╛ рд╕рд╛рдл рдХрд░рддрд╛рдирд╛ рдЕрд╕рд▓реА рджрд│рднрджреНрд░реА рд▓реЛрдХрдВ рджрд┐рд╕рд▓реА рдХреА рд╕рдордЬрд╛рдпрдЪрдВ рдирд┐рд╡рдбтАж,mr
рд╣реЛрддрд╛' рд╣реЗ рдЦрд░рдВ рдмреЛрд▓рдгрдВрдЪ рддреНрдпрд╛рд▓рд╛ рднреЛрд╡рд▓рдВ рдиреАрдЯ рдЖрдард╡реВрди рдмрдШрд╛.рддреЗрд╡реНрд╣рд╛рд╣реА рд╣реЗрдЪ рджрд│рднрджреНрд░реА рдЦреБрд░реНрдЪреНрдпрд╛ рдЙрдмрд╡рдд рд╣реЛрддреЗ.рд░рд╕реНрддреНрдпрд╛рд╡рд░ рдЪрд┐рд░рдбрд▓реЗрд▓реНрдпрд╛ рдЧрд░реАрдмрд╛рдВтАж https://t.co/bE76dHbJDL,mr
рдКрд╕ рдЙрддреНрдкрд╛рджрдХ рд╢реЗрддрдХрд▒реНрдпрд╛рдВрдирд╛ рдЧрд╛рд│рдк рдХрд░рдгрд╛рд▒реНрдпрд╛ рд╕рд╛рдЦрд░ рдХрд╛рд░рдЦрд╛рдирджрд╛рд░рд╛рдВрдиреА рдКрд╕ рдЧрд╛рд│рдк рдХрд░реВрди рдлрдХреНрдд  рдЪрд┐рдкрд╛рдбрд╛рдЪреЗрдЪ рдкреИрд╕реЗ рджрд┐рд▓реЗ рддрд░реА рддреЗ рдЧрдк рд╕реЛрд╕рд╛рддрд╛рдд рдХрд╛тАж https://t.co/JBp0diScay,mr
@jayeshwani @NmNSpeaksXOXO рд░рдбрд╡реЗ рджрд│рднрджреНрд░реА. . .,mr
#AntimTrailer рджрд│рднрджреНрд░реА https://t.co/8lSR673PTT,hi
"@khadaksingh_ рд╣реЛ рдХрд╛ рддреАрдЪ рднрд┐рдХрд╛рд░реА рд╣рд┐рдВрджреА рдореАрдбрд┐рдпрд╛ рджреЗрд╢ рдХрд┐рддреА рдорд╛рддреАрдд рдЯрд╛рдХрд▓рд╛рдп рд╣реЗ рдЖрдкрд▓реЗ рддрдЬреНрдЮ рд▓реЛрдХ рд╕рд╛рдВрдЧрдд рдЖрд╣реЗ рддреЗ рдХрд╛ рдирд╛рд╣реА рд░реЗ рджрд╛рдЦрд╡рдд
рджрд┐тАж https://t.co/MNsDGwM7xm",mr
RT @rkaralespeaks: .@nitin_gadkari рд╕рд╛рд╣реЗрдм рдЖрдЬ рдЖрдкрдг рдЕрд╣рдорджрдирдЧрд░ рдЬрд┐рд▓реНрд╣реНрдпрд╛рдд рдЖрд╣рд╛рдд рддрд░ рддреЗрд╡рдврдВ рдирдЧрд░ рд╢рд╣рд░рд╛рддреВрди рдмрд╛рд╣реЗрд░ рдкрдбреВрди рдкреБрдвреЗ рд╢рд┐рд░реНрдбреАрдХреЛрдкрд░рдЧрд╛рд╡ рдкрд░реНрдпрдВрдд рдирдЧрд░ рдордирдорд╛рдбтАж,mr
"@TV9Marathi @AGSawant рджрд│рднрджреНрд░реА рдХреБрдареЗ рдЦреБрдВрдЯреАрд▓рд╛ рдЯрд╛рдВрдЧрд▓реАрдд рдХрд╛ #рдорд░рд╛рдареАрдЕрд╕реНрдорд┐рддрд╛ ...?
#рднрд┐рдХрд╛рд░рдбреА_рд╕реЗрдирд╛",mr
"@ChitraKWagh @KrantiRedkar @nawabmalikncp рдиреЗ рдЧрд╛рдВрдЬрд╛рдЪрд╛ рдЬреЗрд╡рдврд╛ рдЕрднреНрдпрд╛рд╕ рдХреЗрд▓рд╛ рддреЗрд╡рдврд╛ рдЕрднреНрдпрд╛рд╕ рд╢реЗрддрдХрд▒реНрдпрд╛рдВрдЪреНрдпрд╛ рдХрд╛рдВрджреНрдпрд╛рдЪрд╛, рджреБрдзрд╛рдЪрд╛тАж https://t.co/Zcs8YXOZ3A",mr
"@nawabmalikncp рдиреЗ рдЧрд╛рдВрдЬрд╛рдЪрд╛ рдЬреЗрд╡рдврд╛ рдЕрднреНрдпрд╛рд╕ рдХреЗрд▓рд╛ рддреЗрд╡рдврд╛рдЪ рдЕрднреНрдпрд╛рд╕ рдЬрд░ рд╢реЗрддрдХрд▒реНрдпрд╛рдВрдЪреНрдпрд╛ рдХрд╛рдВрджреНрдпрд╛рдЪрд╛, рджреБрдзрд╛рдЪреНрдпрд╛ рднрд╛рд╡рд╛рдЪрд╛ рдЖрдгреА рдЕрддрд┐рд╡реГрд╖реНрдЯреАтАж https://t.co/2U9S3KKviS",mr
Vacuum cleaner рдЪреНрдпрд╛ рдЬрдорд╛рдиреНрдпрд╛рдд рд╕реНрд╡рддрдГ рдХрдЪрд░рд╛ рдХрд░реВрди рддреЛрдЪ рдХрдЪрд░рд╛ рдлреЛрдЯреБ рдХрд╛рдврдгреНрдпрд╛рдкреБрд░рддрд╛ рд╕рд╛рдл рдХрд░рддрд╛рдирд╛ рдЕрд╕рд▓реА рджрд│рднрджреНрд░реА рд▓реЛрдХрдВ рджрд┐рд╕рд▓реА рдХреА рд╕рдордЬрд╛рдптАж https://t.co/AJqPRIjhVZ,mr
"RT @SBP_Nationalist: рддреНрдпрд╛ рд░рд╛рддреНрд░реА рд╕рд▓рдорд╛рди рджрд╛рд░реВ рдкрд┐рдКрди рдЧрд╛рдбреА рдЪрд╛рд▓рд╡рдд рд╣реЛрддрд╛' рд╣реЗ рдЦрд░рдВ рдмреЛрд▓рдгрдВрдЪ рддреНрдпрд╛рд▓рд╛ рднреЛрд╡рд▓рдВ.рдиреАрдЯ рдЖрдард╡реВрди рдмрдШрд╛,рддреЗрд╡реНрд╣рд╛рд╣реА рд╣реЗрдЪ рджрд│рднрджреНрд░реА рд╣рд░рд╛рдордЦреЛрд░ рдЦреБтАж",mr
@mechetandixit рдмрд░ рдПрдХрд╛рд╡реЗрд│реА рдорд╛рдиреНрдп рдХреЗрд▓рдВ рдЕрд╕реЗрд▓ рддреНрдпрд╛рдЪреНрдпрд╛ рд╡рдбрд┐рд▓рд╛рдВрдЪ рдирд╛рд╡ рджрд╛рдКрдж рддрд░ рд╣реЗ рдЬреЗ рдирд╢реЗрдВрдбреА рдкрдХрдбрд▓реЗ рдЖрд╣реЗрдд рддреНрдпрд╛рдВрдирд╛ рд╕реЛрдбреВрди рджреНрдпрд╛рдЪрдВтАж https://t.co/0Wl52zWe5N,mr
"RT @SBP_Nationalist: рддреНрдпрд╛ рд░рд╛рддреНрд░реА рд╕рд▓рдорд╛рди рджрд╛рд░реВ рдкрд┐рдКрди рдЧрд╛рдбреА рдЪрд╛рд▓рд╡рдд рд╣реЛрддрд╛' рд╣реЗ рдЦрд░рдВ рдмреЛрд▓рдгрдВрдЪ рддреНрдпрд╛рд▓рд╛ рднреЛрд╡рд▓рдВ.рдиреАрдЯ рдЖрдард╡реВрди рдмрдШрд╛,рддреЗрд╡реНрд╣рд╛рд╣реА рд╣реЗрдЪ рджрд│рднрджреНрд░реА рд╣рд░рд╛рдордЦреЛрд░ рдЦреБтАж",mr
"рдЪреВрдХ рдХрд╛рдп рд╣реЛрддреА рдорд╛рд╣реАрддреНрдпреЗ?
'рдЦрд░рдВ рдмреЛрд▓рдгрдВ'...
 рдмрд╕реНрд╕...!
'рддреНрдпрд╛ рд░рд╛рддреНрд░реА рд╕рд▓рдорд╛рди рджрд╛рд░реВ рдкрд┐рдКрди рдЧрд╛рдбреА рдЪрд╛рд▓рд╡рдд рд╣реЛрддрд╛' рд╣реЗ рдЦрд░рдВ рдмреЛрд▓рдгрдВрдЪ рддреНрдпрд╛рд▓рд╛тАж https://t.co/wSiZoprwt2",mr
"RT @SBP_Nationalist: рддреНрдпрд╛ рд░рд╛рддреНрд░реА рд╕рд▓рдорд╛рди рджрд╛рд░реВ рдкрд┐рдКрди рдЧрд╛рдбреА рдЪрд╛рд▓рд╡рдд рд╣реЛрддрд╛' рд╣реЗ рдЦрд░рдВ рдмреЛрд▓рдгрдВрдЪ рддреНрдпрд╛рд▓рд╛ рднреЛрд╡рд▓рдВ.рдиреАрдЯ рдЖрдард╡реВрди рдмрдШрд╛,рддреЗрд╡реНрд╣рд╛рд╣реА рд╣реЗрдЪ рджрд│рднрджреНрд░реА рд╣рд░рд╛рдордЦреЛрд░ рдЦреБтАж",mr
"рдЪреНрдпрд╛ рдорд╛рд░реА рдЧрдЬрдмрд╕рд░рдХрд╛рд░ рдЖрд╣реЗ, рдЖрдзреА рдЧрд╛рдВрдЬрд╛ рд╕рд╛рдкрдбрдд рд╣реЛрддрд╛ рдЖрддрд╛ рд▓реЛрдХ рдбрд╛рдпрд░реЗрдХреНрдЯ рдШрд░реА рдЭрд╛рдб рд╕рд╛рдкрдбрд╛рдпрд▓рд╛ рд▓рд╛рдЧрд▓реА,рд╣реЗ рд╕рд░рдХрд╛рд░ рдЖрд▓реНрдпрд╛ рдкрд╛рд╕реВрди рдЬреЗрд╡рдвреЗ рдХрд╛тАж https://t.co/2tNQTWFVir",mr
"RT @MaheshS52606683: рджрд░рд┐рджреНрд░реА рдЕрд╕рд╛рд╡рдВ рд╣реЛ рдкрдг рджрд│рднрджреНрд░реА рдЕрд╕реБ рдирдпреЗ..
рджрд│рднрджреНрд░реА рд╕рд░рдХрд╛рд░рдЪрд╛ рдирд┐рд╖реЗрдз... рдирд╛рдХрд░реНрддреЗрдкрдгрд╛рдЪрд╛ рдХрд│рд╕ рдЖрд╣реЗ рд╣рд╛ .. рд╢рд╛рд╣рд░реБрдЦрдЪреНрдпрд╛ рдкреЛрд░рд╛рдВрдЪрдВ рд╢реЗрдВрдмреВрдб рдкреБтАж",mr
"RT @SBP_Nationalist: рддреНрдпрд╛ рд░рд╛рддреНрд░реА рд╕рд▓рдорд╛рди рджрд╛рд░реВ рдкрд┐рдКрди рдЧрд╛рдбреА рдЪрд╛рд▓рд╡рдд рд╣реЛрддрд╛' рд╣реЗ рдЦрд░рдВ рдмреЛрд▓рдгрдВрдЪ рддреНрдпрд╛рд▓рд╛ рднреЛрд╡рд▓рдВ.рдиреАрдЯ рдЖрдард╡реВрди рдмрдШрд╛,рддреЗрд╡реНрд╣рд╛рд╣реА рд╣реЗрдЪ рджрд│рднрджреНрд░реА рд╣рд░рд╛рдордЦреЛрд░ рдЦреБтАж",mr
"RT @SBP_Nationalist: рддреНрдпрд╛ рд░рд╛рддреНрд░реА рд╕рд▓рдорд╛рди рджрд╛рд░реВ рдкрд┐рдКрди рдЧрд╛рдбреА рдЪрд╛рд▓рд╡рдд рд╣реЛрддрд╛' рд╣реЗ рдЦрд░рдВ рдмреЛрд▓рдгрдВрдЪ рддреНрдпрд╛рд▓рд╛ рднреЛрд╡рд▓рдВ.рдиреАрдЯ рдЖрдард╡реВрди рдмрдШрд╛,рддреЗрд╡реНрд╣рд╛рд╣реА рд╣реЗрдЪ рджрд│рднрджреНрд░реА рд╣рд░рд╛рдордЦреЛрд░ рдЦреБтАж",mr
"@Coolkiranj рдкрд╣рд┐рд▓рд╛ рд╡рд╛рдЯрд▓рдВ рджрд┐рд╡рд╛рд│реА рдпреЗрддреЗрдп,рдореНрд╣рдгреВрди рд╡рд╛рдЬрдд рдЕрд╕рддреАрд▓ рдкрдг рдирдВрддрд░ рд▓рдХреНрд╖рд╛рдд рдЖрд▓рдВ рдХреА рдмрд░реЛрдмрд░ рднрд╛рд░рддрд╛рдЪреА рд╡рд┐рдХреЗрдЯ рдкрдбрд▓реНрдпрд╛рд╡рд░ рд╡рд╛рдЬрдд рдЖрд╣реЗрддтАж https://t.co/sf0I2jJLol",mr
"RT @SBP_Nationalist: рддреНрдпрд╛ рд░рд╛рддреНрд░реА рд╕рд▓рдорд╛рди рджрд╛рд░реВ рдкрд┐рдКрди рдЧрд╛рдбреА рдЪрд╛рд▓рд╡рдд рд╣реЛрддрд╛' рд╣реЗ рдЦрд░рдВ рдмреЛрд▓рдгрдВрдЪ рддреНрдпрд╛рд▓рд╛ рднреЛрд╡рд▓рдВ.рдиреАрдЯ рдЖрдард╡реВрди рдмрдШрд╛,рддреЗрд╡реНрд╣рд╛рд╣реА рд╣реЗрдЪ рджрд│рднрджреНрд░реА рд╣рд░рд╛рдордЦреЛрд░ рдЦреБтАж",mr
"RT @MaheshS52606683: рджрд░рд┐рджреНрд░реА рдЕрд╕рд╛рд╡рдВ рд╣реЛ рдкрдг рджрд│рднрджреНрд░реА рдЕрд╕реБ рдирдпреЗ..
рджрд│рднрджреНрд░реА рд╕рд░рдХрд╛рд░рдЪрд╛ рдирд┐рд╖реЗрдз... рдирд╛рдХрд░реНрддреЗрдкрдгрд╛рдЪрд╛ рдХрд│рд╕ рдЖрд╣реЗ рд╣рд╛ .. рд╢рд╛рд╣рд░реБрдЦрдЪреНрдпрд╛ рдкреЛрд░рд╛рдВрдЪрдВ рд╢реЗрдВрдмреВрдб рдкреБтАж",mr
"рддреНрдпрд╛ рд░рд╛рддреНрд░реА рд╕рд▓рдорд╛рди рджрд╛рд░реВ рдкрд┐рдКрди рдЧрд╛рдбреА рдЪрд╛рд▓рд╡рдд рд╣реЛрддрд╛' рд╣реЗ рдЦрд░рдВ рдмреЛрд▓рдгрдВрдЪ рддреНрдпрд╛рд▓рд╛ рднреЛрд╡рд▓рдВ.рдиреАрдЯ рдЖрдард╡реВрди рдмрдШрд╛,рддреЗрд╡реНрд╣рд╛рд╣реА рд╣реЗрдЪ рджрд│рднрджреНрд░реА рд╣рд░рд╛рдордЦреЛрд░тАж https://t.co/uevDBXqIoF",mr
"рд╣реЗ рдЦрд░рдВ рдмреЛрд▓рдгрдВрдЪ рддреНрдпрд╛рд▓рд╛ рднреЛрд╡рд▓рдВ.рдиреАрдЯ рдЖрдард╡реВрди рдмрдШрд╛.
рддреЗрд╡реНрд╣рд╛рд╣реА рд╣реЗрдЪ рджрд│рднрджреНрд░реА рд╣рд░рд╛рдордЦреЛрд░ рдЦреБрд░реНрдЪреНрдпрд╛ рдЙрдмрд╡рдд рд╣реЛрддреЗ.
рд░рд╕реНрддреНрдпрд╛рд╡рд░ рдЪрд┐рд░рдбрд▓реЗрд▓реНрдпрд╛ рдЧрд░реАтАж https://t.co/tzPttT2Msx",mr
"RT @MaheshS52606683: рджрд░рд┐рджреНрд░реА рдЕрд╕рд╛рд╡рдВ рд╣реЛ рдкрдг рджрд│рднрджреНрд░реА рдЕрд╕реБ рдирдпреЗ..
рджрд│рднрджреНрд░реА рд╕рд░рдХрд╛рд░рдЪрд╛ рдирд┐рд╖реЗрдз... рдирд╛рдХрд░реНрддреЗрдкрдгрд╛рдЪрд╛ рдХрд│рд╕ рдЖрд╣реЗ рд╣рд╛ .. рд╢рд╛рд╣рд░реБрдЦрдЪреНрдпрд╛ рдкреЛрд░рд╛рдВрдЪрдВ рд╢реЗрдВрдмреВрдб рдкреБтАж",mr
@Chav0_ @AmartyaR01 @sanjaygaikwad34 рднрд╛рдК рдореА рддрд░ рдбрд╛рдпрд░реЗрдХреНрдЯ рдЦрд░рд╛рдЯрд╛ рд╢реЙрдЯ рджреЗрддреЛ рдмрдШ .. рдлрдХреНрдд рдорд┐рд╕ рдХреЙрд▓ рджреЗ....рд╣реЗ рдЕрд╕рд▓реЗ рджрд│рднрджреНрд░реА рдиреБрд╕тАж https://t.co/YUpMIaRNbJ,mr
@meNeeleshNRane рджрд│рднрджреНрд░рд┐ рдард╛рдХрд░реЗ рд╕рд░рдХрд╛рд░,hi
"@TV9Marathi @nawabmalikncp рдХрд╛рд╣реАрд╣реА... рддреБрд▓рд╛ рдШреНрдпрд╛рдпрд▓рд╛ рд░рд┐рдХрд╛рдореЗ рдирд╛рд╣реАрдд... рдПрд╡рдвреЗ рджрд░рд┐рджреНрд░реА, рджрд│рднрджреНрд░реА рд▓реЛрдХрд╛рдВрдирд╛ рднрд╛рдЬрдк рдордзреЗ рд╕реНрдерд╛рди рдирд╛рд╣реА ...",mr
"RT @MaheshS52606683: рджрд░рд┐рджреНрд░реА рдЕрд╕рд╛рд╡рдВ рд╣реЛ рдкрдг рджрд│рднрджреНрд░реА рдЕрд╕реБ рдирдпреЗ..
рджрд│рднрджреНрд░реА рд╕рд░рдХрд╛рд░рдЪрд╛ рдирд┐рд╖реЗрдз... рдирд╛рдХрд░реНрддреЗрдкрдгрд╛рдЪрд╛ рдХрд│рд╕ рдЖрд╣реЗ рд╣рд╛ .. рд╢рд╛рд╣рд░реБрдЦрдЪреНрдпрд╛ рдкреЛрд░рд╛рдВрдЪрдВ рд╢реЗрдВрдмреВрдб рдкреБтАж",mr
"RT @MaheshS52606683: рджрд░рд┐рджреНрд░реА рдЕрд╕рд╛рд╡рдВ рд╣реЛ рдкрдг рджрд│рднрджреНрд░реА рдЕрд╕реБ рдирдпреЗ..
рджрд│рднрджреНрд░реА рд╕рд░рдХрд╛рд░рдЪрд╛ рдирд┐рд╖реЗрдз... рдирд╛рдХрд░реНрддреЗрдкрдгрд╛рдЪрд╛ рдХрд│рд╕ рдЖрд╣реЗ рд╣рд╛ .. рд╢рд╛рд╣рд░реБрдЦрдЪреНрдпрд╛ рдкреЛрд░рд╛рдВрдЪрдВ рд╢реЗрдВрдмреВрдб рдкреБтАж",mr
@bakshi_speaks @JAYD1114 рдПрдХрд╣реА рдореИрдЪ рди рдЬрд┐рдВрдХреЛ рд╣реЗ рджрд│рднрджреНрд░реА....,hi
рджрд│рднрджреНрд░реА рдЧреЛрд▓рдВрджрд╛рдЬрд╛рдВрдиреА рдХреЗрд▓рд╛ рд╣рд┐рдВрджреБрд╕реНрдерд╛рдирд╛рдЪрд╛ рдШрд╛рдд!ЁЯШТЁЯШТ,mr
"RT @MaheshS52606683: рджрд░рд┐рджреНрд░реА рдЕрд╕рд╛рд╡рдВ рд╣реЛ рдкрдг рджрд│рднрджреНрд░реА рдЕрд╕реБ рдирдпреЗ..
рджрд│рднрджреНрд░реА рд╕рд░рдХрд╛рд░рдЪрд╛ рдирд┐рд╖реЗрдз... рдирд╛рдХрд░реНрддреЗрдкрдгрд╛рдЪрд╛ рдХрд│рд╕ рдЖрд╣реЗ рд╣рд╛ .. рд╢рд╛рд╣рд░реБрдЦрдЪреНрдпрд╛ рдкреЛрд░рд╛рдВрдЪрдВ рд╢реЗрдВрдмреВрдб рдкреБтАж",mr
"RT @MaheshS52606683: рджрд░рд┐рджреНрд░реА рдЕрд╕рд╛рд╡рдВ рд╣реЛ рдкрдг рджрд│рднрджреНрд░реА рдЕрд╕реБ рдирдпреЗ..
рджрд│рднрджреНрд░реА рд╕рд░рдХрд╛рд░рдЪрд╛ рдирд┐рд╖реЗрдз... рдирд╛рдХрд░реНрддреЗрдкрдгрд╛рдЪрд╛ рдХрд│рд╕ рдЖрд╣реЗ рд╣рд╛ .. рд╢рд╛рд╣рд░реБрдЦрдЪреНрдпрд╛ рдкреЛрд░рд╛рдВрдЪрдВ рд╢реЗрдВрдмреВрдб рдкреБтАж",mr
RT @rohanreplies: рдкреБрдврдЪреНрдпрд╛ рд╡реЗрд│реА рд▓реЛрдХ рднрд╛рдЬрдкрд▓рд╛ рдЬрд┐рдВрдХрд╡рдгреНрдпрд╛рд╕рд╛рдареА рдирд╛рд╣реАрддрд░ рд╣реЗ рджрд│рднрджреНрд░реА рд╕рд░рдХрд╛рд░ рдкрд╛рдбрдгреНрдпрд╛рд╕рд╛рдареА рдорддрджрд╛рди рдХрд░рддреАрд▓.,mr
"RT @MaheshS52606683: рджрд░рд┐рджреНрд░реА рдЕрд╕рд╛рд╡рдВ рд╣реЛ рдкрдг рджрд│рднрджреНрд░реА рдЕрд╕реБ рдирдпреЗ..
рджрд│рднрджреНрд░реА рд╕рд░рдХрд╛рд░рдЪрд╛ рдирд┐рд╖реЗрдз... рдирд╛рдХрд░реНрддреЗрдкрдгрд╛рдЪрд╛ рдХрд│рд╕ рдЖрд╣реЗ рд╣рд╛ .. рд╢рд╛рд╣рд░реБрдЦрдЪреНрдпрд╛ рдкреЛрд░рд╛рдВрдЪрдВ рд╢реЗрдВрдмреВрдб рдкреБтАж",mr
"RT @vinodtalekar: рдЖрдореНрд╣реА рдПрд╡рдвреЗ рд╡рд┐рд╢реНрд╡рдЧреБрд░реВ рдЖрдгрд┐ рдлрдХреНрдд рджреАрдбрд╢реЗ рд░рди рдХрд░рддрд╛ рддреБрдореНрд╣реА..

рджрд│рднрджреНрд░реА рдХреБрдардЪреЗ..

рдерд╛рдВрдмрд╛ рджреБрдмрдИрддреВрди рдЖрд▓реНрдпрд╛рд╡рд░ тАШрдорди рдХреА рдмрд╛рддтАЩрдЪ рдШреЗрддреЛ рддреБрдордЪреА
#INDтАж",mr
"рдЖрдореНрд╣реА рдПрд╡рдвреЗ рд╡рд┐рд╢реНрд╡рдЧреБрд░реВ рдЖрдгрд┐ рдлрдХреНрдд рджреАрдбрд╢реЗ рд░рди рдХрд░рддрд╛ рддреБрдореНрд╣реА..

рджрд│рднрджреНрд░реА рдХреБрдардЪреЗ..

рдерд╛рдВрдмрд╛ рджреБрдмрдИрддреВрди рдЖрд▓реНрдпрд╛рд╡рд░ тАШрдорди рдХреА рдмрд╛рддтАЩрдЪ рдШреЗрддреЛ рддреБрдордЪреА
#INDvPAK",mr
"RT @MaheshS52606683: рджрд░рд┐рджреНрд░реА рдЕрд╕рд╛рд╡рдВ рд╣реЛ рдкрдг рджрд│рднрджреНрд░реА рдЕрд╕реБ рдирдпреЗ..
рджрд│рднрджреНрд░реА рд╕рд░рдХрд╛рд░рдЪрд╛ рдирд┐рд╖реЗрдз... рдирд╛рдХрд░реНрддреЗрдкрдгрд╛рдЪрд╛ рдХрд│рд╕ рдЖрд╣реЗ рд╣рд╛ .. рд╢рд╛рд╣рд░реБрдЦрдЪреНрдпрд╛ рдкреЛрд░рд╛рдВрдЪрдВ рд╢реЗрдВрдмреВрдб рдкреБтАж",mr
"RT @MaheshS52606683: рджрд░рд┐рджреНрд░реА рдЕрд╕рд╛рд╡рдВ рд╣реЛ рдкрдг рджрд│рднрджреНрд░реА рдЕрд╕реБ рдирдпреЗ..
рджрд│рднрджреНрд░реА рд╕рд░рдХрд╛рд░рдЪрд╛ рдирд┐рд╖реЗрдз... рдирд╛рдХрд░реНрддреЗрдкрдгрд╛рдЪрд╛ рдХрд│рд╕ рдЖрд╣реЗ рд╣рд╛ .. рд╢рд╛рд╣рд░реБрдЦрдЪреНрдпрд╛ рдкреЛрд░рд╛рдВрдЪрдВ рд╢реЗрдВрдмреВрдб рдкреБтАж",mr
"RT @MaheshS52606683: рджрд░рд┐рджреНрд░реА рдЕрд╕рд╛рд╡рдВ рд╣реЛ рдкрдг рджрд│рднрджреНрд░реА рдЕрд╕реБ рдирдпреЗ..
рджрд│рднрджреНрд░реА рд╕рд░рдХрд╛рд░рдЪрд╛ рдирд┐рд╖реЗрдз... рдирд╛рдХрд░реНрддреЗрдкрдгрд╛рдЪрд╛ рдХрд│рд╕ рдЖрд╣реЗ рд╣рд╛ .. рд╢рд╛рд╣рд░реБрдЦрдЪреНрдпрд╛ рдкреЛрд░рд╛рдВрдЪрдВ рд╢реЗрдВрдмреВрдб рдкреБтАж",mr
@TV9Marathi рд╡реИрдЪрд╛рд░рд┐рдХ рджрд│рднрджреНрд░реА рдкрдгрд╛,mr
"RT @MaheshS52606683: рджрд░рд┐рджреНрд░реА рдЕрд╕рд╛рд╡рдВ рд╣реЛ рдкрдг рджрд│рднрджреНрд░реА рдЕрд╕реБ рдирдпреЗ..
рджрд│рднрджреНрд░реА рд╕рд░рдХрд╛рд░рдЪрд╛ рдирд┐рд╖реЗрдз... рдирд╛рдХрд░реНрддреЗрдкрдгрд╛рдЪрд╛ рдХрд│рд╕ рдЖрд╣реЗ рд╣рд╛ .. рд╢рд╛рд╣рд░реБрдЦрдЪреНрдпрд╛ рдкреЛрд░рд╛рдВрдЪрдВ рд╢реЗрдВрдмреВрдб рдкреБтАж",mr
"RT @MaheshS52606683: рджрд░рд┐рджреНрд░реА рдЕрд╕рд╛рд╡рдВ рд╣реЛ рдкрдг рджрд│рднрджреНрд░реА рдЕрд╕реБ рдирдпреЗ..
рджрд│рднрджреНрд░реА рд╕рд░рдХрд╛рд░рдЪрд╛ рдирд┐рд╖реЗрдз... рдирд╛рдХрд░реНрддреЗрдкрдгрд╛рдЪрд╛ рдХрд│рд╕ рдЖрд╣реЗ рд╣рд╛ .. рд╢рд╛рд╣рд░реБрдЦрдЪреНрдпрд╛ рдкреЛрд░рд╛рдВрдЪрдВ рд╢реЗрдВрдмреВрдб рдкреБтАж",mr
"RT @MaheshS52606683: рджрд░рд┐рджреНрд░реА рдЕрд╕рд╛рд╡рдВ рд╣реЛ рдкрдг рджрд│рднрджреНрд░реА рдЕрд╕реБ рдирдпреЗ..
рджрд│рднрджреНрд░реА рд╕рд░рдХрд╛рд░рдЪрд╛ рдирд┐рд╖реЗрдз... рдирд╛рдХрд░реНрддреЗрдкрдгрд╛рдЪрд╛ рдХрд│рд╕ рдЖрд╣реЗ рд╣рд╛ .. рд╢рд╛рд╣рд░реБрдЦрдЪреНрдпрд╛ рдкреЛрд░рд╛рдВрдЪрдВ рд╢реЗрдВрдмреВрдб рдкреБтАж",mr
"RT @MaheshS52606683: рджрд░рд┐рджреНрд░реА рдЕрд╕рд╛рд╡рдВ рд╣реЛ рдкрдг рджрд│рднрджреНрд░реА рдЕрд╕реБ рдирдпреЗ..
рджрд│рднрджреНрд░реА рд╕рд░рдХрд╛рд░рдЪрд╛ рдирд┐рд╖реЗрдз... рдирд╛рдХрд░реНрддреЗрдкрдгрд╛рдЪрд╛ рдХрд│рд╕ рдЖрд╣реЗ рд╣рд╛ .. рд╢рд╛рд╣рд░реБрдЦрдЪреНрдпрд╛ рдкреЛрд░рд╛рдВрдЪрдВ рд╢реЗрдВрдмреВрдб рдкреБтАж",mr
"RT @MaheshS52606683: рджрд░рд┐рджреНрд░реА рдЕрд╕рд╛рд╡рдВ рд╣реЛ рдкрдг рджрд│рднрджреНрд░реА рдЕрд╕реБ рдирдпреЗ..
рджрд│рднрджреНрд░реА рд╕рд░рдХрд╛рд░рдЪрд╛ рдирд┐рд╖реЗрдз... рдирд╛рдХрд░реНрддреЗрдкрдгрд╛рдЪрд╛ рдХрд│рд╕ рдЖрд╣реЗ рд╣рд╛ .. рд╢рд╛рд╣рд░реБрдЦрдЪреНрдпрд╛ рдкреЛрд░рд╛рдВрдЪрдВ рд╢реЗрдВрдмреВрдб рдкреБтАж",mr
"RT @MaheshS52606683: рджрд░рд┐рджреНрд░реА рдЕрд╕рд╛рд╡рдВ рд╣реЛ рдкрдг рджрд│рднрджреНрд░реА рдЕрд╕реБ рдирдпреЗ..
рджрд│рднрджреНрд░реА рд╕рд░рдХрд╛рд░рдЪрд╛ рдирд┐рд╖реЗрдз... рдирд╛рдХрд░реНрддреЗрдкрдгрд╛рдЪрд╛ рдХрд│рд╕ рдЖрд╣реЗ рд╣рд╛ .. рд╢рд╛рд╣рд░реБрдЦрдЪреНрдпрд╛ рдкреЛрд░рд╛рдВрдЪрдВ рд╢реЗрдВрдмреВрдб рдкреБтАж",mr
"RT @MaheshS52606683: рджрд░рд┐рджреНрд░реА рдЕрд╕рд╛рд╡рдВ рд╣реЛ рдкрдг рджрд│рднрджреНрд░реА рдЕрд╕реБ рдирдпреЗ..
рджрд│рднрджреНрд░реА рд╕рд░рдХрд╛рд░рдЪрд╛ рдирд┐рд╖реЗрдз... рдирд╛рдХрд░реНрддреЗрдкрдгрд╛рдЪрд╛ рдХрд│рд╕ рдЖрд╣реЗ рд╣рд╛ .. рд╢рд╛рд╣рд░реБрдЦрдЪреНрдпрд╛ рдкреЛрд░рд╛рдВрдЪрдВ рд╢реЗрдВрдмреВрдб рдкреБтАж",mr
@meNeeleshNRane @rautsanjay61 рд╕рдВрдЬреНрдпрд╛ рджреЛрди рджрд┐рд╡рд╕рд╛рдВрдкреВрд░реНрд╡реА рдмреЛрд▓рд▓рд╛ рд╣реЛрддрд╛ рдХреА рдорд╣рд╛рд╡рд┐рдХрд╛рд╕ рдЖрдШрд╛рдбреАрдЪрдВ рд╕рд░рдХрд░ рд╣реЗ рджреЗрд╢рд╛рддреАрд▓ рд╕рд░реНрд╡реЛрддреНрддрдо рд╕рд░рдХрд╛тАж https://t.co/Sl0IQ0ApoP,mr
RT @rohanreplies: рдкреБрдврдЪреНрдпрд╛ рд╡реЗрд│реА рд▓реЛрдХ рднрд╛рдЬрдкрд▓рд╛ рдЬрд┐рдВрдХрд╡рдгреНрдпрд╛рд╕рд╛рдареА рдирд╛рд╣реАрддрд░ рд╣реЗ рджрд│рднрджреНрд░реА рд╕рд░рдХрд╛рд░ рдкрд╛рдбрдгреНрдпрд╛рд╕рд╛рдареА рдорддрджрд╛рди рдХрд░рддреАрд▓.,mr
@BhausahebAjabe @Dwalsepatil @nawabmalikncp рд╡рд╛ рдЯ рдР рджрд│рднрджреНрд░реА ....рдмрд░реАрдмрд╛рдЪрд╛ рдЬреЗрдореНрд╕ рдмреЛрдиреНрдб ...ЁЯШВ,mr
"RT @MaheshS52606683: рджрд░рд┐рджреНрд░реА рдЕрд╕рд╛рд╡рдВ рд╣реЛ рдкрдг рджрд│рднрджреНрд░реА рдЕрд╕реБ рдирдпреЗ..
рджрд│рднрджреНрд░реА рд╕рд░рдХрд╛рд░рдЪрд╛ рдирд┐рд╖реЗрдз... рдирд╛рдХрд░реНрддреЗрдкрдгрд╛рдЪрд╛ рдХрд│рд╕ рдЖрд╣реЗ рд╣рд╛ .. рд╢рд╛рд╣рд░реБрдЦрдЪреНрдпрд╛ рдкреЛрд░рд╛рдВрдЪрдВ рд╢реЗрдВрдмреВрдб рдкреБтАж",mr
"RT @MaheshS52606683: рджрд░рд┐рджреНрд░реА рдЕрд╕рд╛рд╡рдВ рд╣реЛ рдкрдг рджрд│рднрджреНрд░реА рдЕрд╕реБ рдирдпреЗ..
рджрд│рднрджреНрд░реА рд╕рд░рдХрд╛рд░рдЪрд╛ рдирд┐рд╖реЗрдз... рдирд╛рдХрд░реНрддреЗрдкрдгрд╛рдЪрд╛ рдХрд│рд╕ рдЖрд╣реЗ рд╣рд╛ .. рд╢рд╛рд╣рд░реБрдЦрдЪреНрдпрд╛ рдкреЛрд░рд╛рдВрдЪрдВ рд╢реЗрдВрдмреВрдб рдкреБтАж",mr
RT @rohanreplies: рдкреБрдврдЪреНрдпрд╛ рд╡реЗрд│реА рд▓реЛрдХ рднрд╛рдЬрдкрд▓рд╛ рдЬрд┐рдВрдХрд╡рдгреНрдпрд╛рд╕рд╛рдареА рдирд╛рд╣реАрддрд░ рд╣реЗ рджрд│рднрджреНрд░реА рд╕рд░рдХрд╛рд░ рдкрд╛рдбрдгреНрдпрд╛рд╕рд╛рдареА рдорддрджрд╛рди рдХрд░рддреАрд▓.,mr
рдкреБрдврдЪреНрдпрд╛ рд╡реЗрд│реА рд▓реЛрдХ рднрд╛рдЬрдкрд▓рд╛ рдЬрд┐рдВрдХрд╡рдгреНрдпрд╛рд╕рд╛рдареА рдирд╛рд╣реАрддрд░ рд╣реЗ рджрд│рднрджреНрд░реА рд╕рд░рдХрд╛рд░ рдкрд╛рдбрдгреНрдпрд╛рд╕рд╛рдареА рдорддрджрд╛рди рдХрд░рддреАрд▓. https://t.co/omEp2EGKJQ,mr
"RT @MaheshS52606683: рджрд░рд┐рджреНрд░реА рдЕрд╕рд╛рд╡рдВ рд╣реЛ рдкрдг рджрд│рднрджреНрд░реА рдЕрд╕реБ рдирдпреЗ..
рджрд│рднрджреНрд░реА рд╕рд░рдХрд╛рд░рдЪрд╛ рдирд┐рд╖реЗрдз... рдирд╛рдХрд░реНрддреЗрдкрдгрд╛рдЪрд╛ рдХрд│рд╕ рдЖрд╣реЗ рд╣рд╛ .. рд╢рд╛рд╣рд░реБрдЦрдЪреНрдпрд╛ рдкреЛрд░рд╛рдВрдЪрдВ рд╢реЗрдВрдмреВрдб рдкреБтАж",mr
"RT @MaheshS52606683: рджрд░рд┐рджреНрд░реА рдЕрд╕рд╛рд╡рдВ рд╣реЛ рдкрдг рджрд│рднрджреНрд░реА рдЕрд╕реБ рдирдпреЗ..
рджрд│рднрджреНрд░реА рд╕рд░рдХрд╛рд░рдЪрд╛ рдирд┐рд╖реЗрдз... рдирд╛рдХрд░реНрддреЗрдкрдгрд╛рдЪрд╛ рдХрд│рд╕ рдЖрд╣реЗ рд╣рд╛ .. рд╢рд╛рд╣рд░реБрдЦрдЪреНрдпрд╛ рдкреЛрд░рд╛рдВрдЪрдВ рд╢реЗрдВрдмреВрдб рдкреБтАж",mr
"RT @MaheshS52606683: рджрд░рд┐рджреНрд░реА рдЕрд╕рд╛рд╡рдВ рд╣реЛ рдкрдг рджрд│рднрджреНрд░реА рдЕрд╕реБ рдирдпреЗ..
рджрд│рднрджреНрд░реА рд╕рд░рдХрд╛рд░рдЪрд╛ рдирд┐рд╖реЗрдз... рдирд╛рдХрд░реНрддреЗрдкрдгрд╛рдЪрд╛ рдХрд│рд╕ рдЖрд╣реЗ рд╣рд╛ .. рд╢рд╛рд╣рд░реБрдЦрдЪреНрдпрд╛ рдкреЛрд░рд╛рдВрдЪрдВ рд╢реЗрдВрдмреВрдб рдкреБтАж",mr
"RT @MaheshS52606683: рджрд░рд┐рджреНрд░реА рдЕрд╕рд╛рд╡рдВ рд╣реЛ рдкрдг рджрд│рднрджреНрд░реА рдЕрд╕реБ рдирдпреЗ..
рджрд│рднрджреНрд░реА рд╕рд░рдХрд╛рд░рдЪрд╛ рдирд┐рд╖реЗрдз... рдирд╛рдХрд░реНрддреЗрдкрдгрд╛рдЪрд╛ рдХрд│рд╕ рдЖрд╣реЗ рд╣рд╛ .. рд╢рд╛рд╣рд░реБрдЦрдЪреНрдпрд╛ рдкреЛрд░рд╛рдВрдЪрдВ рд╢реЗрдВрдмреВрдб рдкреБтАж",mr
"RT @MaheshS52606683: рджрд░рд┐рджреНрд░реА рдЕрд╕рд╛рд╡рдВ рд╣реЛ рдкрдг рджрд│рднрджреНрд░реА рдЕрд╕реБ рдирдпреЗ..
рджрд│рднрджреНрд░реА рд╕рд░рдХрд╛рд░рдЪрд╛ рдирд┐рд╖реЗрдз... рдирд╛рдХрд░реНрддреЗрдкрдгрд╛рдЪрд╛ рдХрд│рд╕ рдЖрд╣реЗ рд╣рд╛ .. рд╢рд╛рд╣рд░реБрдЦрдЪреНрдпрд╛ рдкреЛрд░рд╛рдВрдЪрдВ рд╢реЗрдВрдмреВрдб рдкреБтАж",mr
"RT @MaheshS52606683: рджрд░рд┐рджреНрд░реА рдЕрд╕рд╛рд╡рдВ рд╣реЛ рдкрдг рджрд│рднрджреНрд░реА рдЕрд╕реБ рдирдпреЗ..
рджрд│рднрджреНрд░реА рд╕рд░рдХрд╛рд░рдЪрд╛ рдирд┐рд╖реЗрдз... рдирд╛рдХрд░реНрддреЗрдкрдгрд╛рдЪрд╛ рдХрд│рд╕ рдЖрд╣реЗ рд╣рд╛ .. рд╢рд╛рд╣рд░реБрдЦрдЪреНрдпрд╛ рдкреЛрд░рд╛рдВрдЪрдВ рд╢реЗрдВрдмреВрдб рдкреБтАж",mr
"RT @MaheshS52606683: рджрд░рд┐рджреНрд░реА рдЕрд╕рд╛рд╡рдВ рд╣реЛ рдкрдг рджрд│рднрджреНрд░реА рдЕрд╕реБ рдирдпреЗ..
рджрд│рднрджреНрд░реА рд╕рд░рдХрд╛рд░рдЪрд╛ рдирд┐рд╖реЗрдз... рдирд╛рдХрд░реНрддреЗрдкрдгрд╛рдЪрд╛ рдХрд│рд╕ рдЖрд╣реЗ рд╣рд╛ .. рд╢рд╛рд╣рд░реБрдЦрдЪреНрдпрд╛ рдкреЛрд░рд╛рдВрдЪрдВ рд╢реЗрдВрдмреВрдб рдкреБтАж",mr
"RT @MaheshS52606683: рджрд░рд┐рджреНрд░реА рдЕрд╕рд╛рд╡рдВ рд╣реЛ рдкрдг рджрд│рднрджреНрд░реА рдЕрд╕реБ рдирдпреЗ..
рджрд│рднрджреНрд░реА рд╕рд░рдХрд╛рд░рдЪрд╛ рдирд┐рд╖реЗрдз... рдирд╛рдХрд░реНрддреЗрдкрдгрд╛рдЪрд╛ рдХрд│рд╕ рдЖрд╣реЗ рд╣рд╛ .. рд╢рд╛рд╣рд░реБрдЦрдЪреНрдпрд╛ рдкреЛрд░рд╛рдВрдЪрдВ рд╢реЗрдВрдмреВрдб рдкреБтАж",mr
"RT @MaheshS52606683: рджрд░рд┐рджреНрд░реА рдЕрд╕рд╛рд╡рдВ рд╣реЛ рдкрдг рджрд│рднрджреНрд░реА рдЕрд╕реБ рдирдпреЗ..
рджрд│рднрджреНрд░реА рд╕рд░рдХрд╛рд░рдЪрд╛ рдирд┐рд╖реЗрдз... рдирд╛рдХрд░реНрддреЗрдкрдгрд╛рдЪрд╛ рдХрд│рд╕ рдЖрд╣реЗ рд╣рд╛ .. рд╢рд╛рд╣рд░реБрдЦрдЪреНрдпрд╛ рдкреЛрд░рд╛рдВрдЪрдВ рд╢реЗрдВрдмреВрдб рдкреБтАж",mr
"RT @MaheshS52606683: рджрд░рд┐рджреНрд░реА рдЕрд╕рд╛рд╡рдВ рд╣реЛ рдкрдг рджрд│рднрджреНрд░реА рдЕрд╕реБ рдирдпреЗ..
рджрд│рднрджреНрд░реА рд╕рд░рдХрд╛рд░рдЪрд╛ рдирд┐рд╖реЗрдз... рдирд╛рдХрд░реНрддреЗрдкрдгрд╛рдЪрд╛ рдХрд│рд╕ рдЖрд╣реЗ рд╣рд╛ .. рд╢рд╛рд╣рд░реБрдЦрдЪреНрдпрд╛ рдкреЛрд░рд╛рдВрдЪрдВ рд╢реЗрдВрдмреВрдб рдкреБтАж",mr
"RT @MaheshS52606683: рджрд░рд┐рджреНрд░реА рдЕрд╕рд╛рд╡рдВ рд╣реЛ рдкрдг рджрд│рднрджреНрд░реА рдЕрд╕реБ рдирдпреЗ..
рджрд│рднрджреНрд░реА рд╕рд░рдХрд╛рд░рдЪрд╛ рдирд┐рд╖реЗрдз... рдирд╛рдХрд░реНрддреЗрдкрдгрд╛рдЪрд╛ рдХрд│рд╕ рдЖрд╣реЗ рд╣рд╛ .. рд╢рд╛рд╣рд░реБрдЦрдЪреНрдпрд╛ рдкреЛрд░рд╛рдВрдЪрдВ рд╢реЗрдВрдмреВрдб рдкреБтАж",mr
"RT @MaheshS52606683: рджрд░рд┐рджреНрд░реА рдЕрд╕рд╛рд╡рдВ рд╣реЛ рдкрдг рджрд│рднрджреНрд░реА рдЕрд╕реБ рдирдпреЗ..
рджрд│рднрджреНрд░реА рд╕рд░рдХрд╛рд░рдЪрд╛ рдирд┐рд╖реЗрдз... рдирд╛рдХрд░реНрддреЗрдкрдгрд╛рдЪрд╛ рдХрд│рд╕ рдЖрд╣реЗ рд╣рд╛ .. рд╢рд╛рд╣рд░реБрдЦрдЪреНрдпрд╛ рдкреЛрд░рд╛рдВрдЪрдВ рд╢реЗрдВрдмреВрдб рдкреБтАж",mr
"RT @MaheshS52606683: рджрд░рд┐рджреНрд░реА рдЕрд╕рд╛рд╡рдВ рд╣реЛ рдкрдг рджрд│рднрджреНрд░реА рдЕрд╕реБ рдирдпреЗ..
рджрд│рднрджреНрд░реА рд╕рд░рдХрд╛рд░рдЪрд╛ рдирд┐рд╖реЗрдз... рдирд╛рдХрд░реНрддреЗрдкрдгрд╛рдЪрд╛ рдХрд│рд╕ рдЖрд╣реЗ рд╣рд╛ .. рд╢рд╛рд╣рд░реБрдЦрдЪреНрдпрд╛ рдкреЛрд░рд╛рдВрдЪрдВ рд╢реЗрдВрдмреВрдб рдкреБтАж",mr
"RT @MaheshS52606683: рджрд░рд┐рджреНрд░реА рдЕрд╕рд╛рд╡рдВ рд╣реЛ рдкрдг рджрд│рднрджреНрд░реА рдЕрд╕реБ рдирдпреЗ..
рджрд│рднрджреНрд░реА рд╕рд░рдХрд╛рд░рдЪрд╛ рдирд┐рд╖реЗрдз... рдирд╛рдХрд░реНрддреЗрдкрдгрд╛рдЪрд╛ рдХрд│рд╕ рдЖрд╣реЗ рд╣рд╛ .. рд╢рд╛рд╣рд░реБрдЦрдЪреНрдпрд╛ рдкреЛрд░рд╛рдВрдЪрдВ рд╢реЗрдВрдмреВрдб рдкреБтАж",mr
"RT @MaheshS52606683: рджрд░рд┐рджреНрд░реА рдЕрд╕рд╛рд╡рдВ рд╣реЛ рдкрдг рджрд│рднрджреНрд░реА рдЕрд╕реБ рдирдпреЗ..
рджрд│рднрджреНрд░реА рд╕рд░рдХрд╛рд░рдЪрд╛ рдирд┐рд╖реЗрдз... рдирд╛рдХрд░реНрддреЗрдкрдгрд╛рдЪрд╛ рдХрд│рд╕ рдЖрд╣реЗ рд╣рд╛ .. рд╢рд╛рд╣рд░реБрдЦрдЪреНрдпрд╛ рдкреЛрд░рд╛рдВрдЪрдВ рд╢реЗрдВрдмреВрдб рдкреБтАж",mr
"RT @MaheshS52606683: рджрд░рд┐рджреНрд░реА рдЕрд╕рд╛рд╡рдВ рд╣реЛ рдкрдг рджрд│рднрджреНрд░реА рдЕрд╕реБ рдирдпреЗ..
рджрд│рднрджреНрд░реА рд╕рд░рдХрд╛рд░рдЪрд╛ рдирд┐рд╖реЗрдз... рдирд╛рдХрд░реНрддреЗрдкрдгрд╛рдЪрд╛ рдХрд│рд╕ рдЖрд╣реЗ рд╣рд╛ .. рд╢рд╛рд╣рд░реБрдЦрдЪреНрдпрд╛ рдкреЛрд░рд╛рдВрдЪрдВ рд╢реЗрдВрдмреВрдб рдкреБтАж",mr
"RT @MaheshS52606683: рджрд░рд┐рджреНрд░реА рдЕрд╕рд╛рд╡рдВ рд╣реЛ рдкрдг рджрд│рднрджреНрд░реА рдЕрд╕реБ рдирдпреЗ..
рджрд│рднрджреНрд░реА рд╕рд░рдХрд╛рд░рдЪрд╛ рдирд┐рд╖реЗрдз... рдирд╛рдХрд░реНрддреЗрдкрдгрд╛рдЪрд╛ рдХрд│рд╕ рдЖрд╣реЗ рд╣рд╛ .. рд╢рд╛рд╣рд░реБрдЦрдЪреНрдпрд╛ рдкреЛрд░рд╛рдВрдЪрдВ рд╢реЗрдВрдмреВрдб рдкреБтАж",mr
"RT @MaheshS52606683: рджрд░рд┐рджреНрд░реА рдЕрд╕рд╛рд╡рдВ рд╣реЛ рдкрдг рджрд│рднрджреНрд░реА рдЕрд╕реБ рдирдпреЗ..
рджрд│рднрджреНрд░реА рд╕рд░рдХрд╛рд░рдЪрд╛ рдирд┐рд╖реЗрдз... рдирд╛рдХрд░реНрддреЗрдкрдгрд╛рдЪрд╛ рдХрд│рд╕ рдЖрд╣реЗ рд╣рд╛ .. рд╢рд╛рд╣рд░реБрдЦрдЪреНрдпрд╛ рдкреЛрд░рд╛рдВрдЪрдВ рд╢реЗрдВрдмреВрдб рдкреБтАж",mr
"RT @MaheshS52606683: рджрд░рд┐рджреНрд░реА рдЕрд╕рд╛рд╡рдВ рд╣реЛ рдкрдг рджрд│рднрджреНрд░реА рдЕрд╕реБ рдирдпреЗ..
рджрд│рднрджреНрд░реА рд╕рд░рдХрд╛рд░рдЪрд╛ рдирд┐рд╖реЗрдз... рдирд╛рдХрд░реНрддреЗрдкрдгрд╛рдЪрд╛ рдХрд│рд╕ рдЖрд╣реЗ рд╣рд╛ .. рд╢рд╛рд╣рд░реБрдЦрдЪреНрдпрд╛ рдкреЛрд░рд╛рдВрдЪрдВ рд╢реЗрдВрдмреВрдб рдкреБтАж",mr
"RT @MaheshS52606683: рджрд░рд┐рджреНрд░реА рдЕрд╕рд╛рд╡рдВ рд╣реЛ рдкрдг рджрд│рднрджреНрд░реА рдЕрд╕реБ рдирдпреЗ..
рджрд│рднрджреНрд░реА рд╕рд░рдХрд╛рд░рдЪрд╛ рдирд┐рд╖реЗрдз... рдирд╛рдХрд░реНрддреЗрдкрдгрд╛рдЪрд╛ рдХрд│рд╕ рдЖрд╣реЗ рд╣рд╛ .. рд╢рд╛рд╣рд░реБрдЦрдЪреНрдпрд╛ рдкреЛрд░рд╛рдВрдЪрдВ рд╢реЗрдВрдмреВрдб рдкреБтАж",mr
"RT @MaheshS52606683: рджрд░рд┐рджреНрд░реА рдЕрд╕рд╛рд╡рдВ рд╣реЛ рдкрдг рджрд│рднрджреНрд░реА рдЕрд╕реБ рдирдпреЗ..
рджрд│рднрджреНрд░реА рд╕рд░рдХрд╛рд░рдЪрд╛ рдирд┐рд╖реЗрдз... рдирд╛рдХрд░реНрддреЗрдкрдгрд╛рдЪрд╛ рдХрд│рд╕ рдЖрд╣реЗ рд╣рд╛ .. рд╢рд╛рд╣рд░реБрдЦрдЪреНрдпрд╛ рдкреЛрд░рд╛рдВрдЪрдВ рд╢реЗрдВрдмреВрдб рдкреБтАж",mr
"RT @MaheshS52606683: рджрд░рд┐рджреНрд░реА рдЕрд╕рд╛рд╡рдВ рд╣реЛ рдкрдг рджрд│рднрджреНрд░реА рдЕрд╕реБ рдирдпреЗ..
рджрд│рднрджреНрд░реА рд╕рд░рдХрд╛рд░рдЪрд╛ рдирд┐рд╖реЗрдз... рдирд╛рдХрд░реНрддреЗрдкрдгрд╛рдЪрд╛ рдХрд│рд╕ рдЖрд╣реЗ рд╣рд╛ .. рд╢рд╛рд╣рд░реБрдЦрдЪреНрдпрд╛ рдкреЛрд░рд╛рдВрдЪрдВ рд╢реЗрдВрдмреВрдб рдкреБтАж",mr
@rautsanjay61 @Dwalsepatil @CMOMaharashtra рдЧрд╛рдВрдЬрд╛ рдЪреА рдЭрд┐рдВрдЧ рдЙрддрд░рд▓реА рдирд╛рд╣реА рдХрд╛ рдпрд╛рдВрдЪреА? рдХрд╛ рдХрдВрдкрд╛рдКрдВрдбрд░ рдиреЗ рджрд┐рд▓реЗрд▓реНрдпрд╛ рдЧреЛрд│реНрдпрд╛ рд╕рдВрдкрд▓реНрдпрд╛? рджрд│рднрджреНрд░реА рдиреЗрддрд╛.,mr
"RT @MaheshS52606683: рджрд░рд┐рджреНрд░реА рдЕрд╕рд╛рд╡рдВ рд╣реЛ рдкрдг рджрд│рднрджреНрд░реА рдЕрд╕реБ рдирдпреЗ..
рджрд│рднрджреНрд░реА рд╕рд░рдХрд╛рд░рдЪрд╛ рдирд┐рд╖реЗрдз... рдирд╛рдХрд░реНрддреЗрдкрдгрд╛рдЪрд╛ рдХрд│рд╕ рдЖрд╣реЗ рд╣рд╛ .. рд╢рд╛рд╣рд░реБрдЦрдЪреНрдпрд╛ рдкреЛрд░рд╛рдВрдЪрдВ рд╢реЗрдВрдмреВрдб рдкреБтАж",mr
"RT @MaheshS52606683: рджрд░рд┐рджреНрд░реА рдЕрд╕рд╛рд╡рдВ рд╣реЛ рдкрдг рджрд│рднрджреНрд░реА рдЕрд╕реБ рдирдпреЗ..
рджрд│рднрджреНрд░реА рд╕рд░рдХрд╛рд░рдЪрд╛ рдирд┐рд╖реЗрдз... рдирд╛рдХрд░реНрддреЗрдкрдгрд╛рдЪрд╛ рдХрд│рд╕ рдЖрд╣реЗ рд╣рд╛ .. рд╢рд╛рд╣рд░реБрдЦрдЪреНрдпрд╛ рдкреЛрд░рд╛рдВрдЪрдВ рд╢реЗрдВрдмреВрдб рдкреБтАж",mr
"RT @MaheshS52606683: рджрд░рд┐рджреНрд░реА рдЕрд╕рд╛рд╡рдВ рд╣реЛ рдкрдг рджрд│рднрджреНрд░реА рдЕрд╕реБ рдирдпреЗ..
рджрд│рднрджреНрд░реА рд╕рд░рдХрд╛рд░рдЪрд╛ рдирд┐рд╖реЗрдз... рдирд╛рдХрд░реНрддреЗрдкрдгрд╛рдЪрд╛ рдХрд│рд╕ рдЖрд╣реЗ рд╣рд╛ .. рд╢рд╛рд╣рд░реБрдЦрдЪреНрдпрд╛ рдкреЛрд░рд╛рдВрдЪрдВ рд╢реЗрдВрдмреВрдб рдкреБтАж",mr
"RT @MaheshS52606683: рджрд░рд┐рджреНрд░реА рдЕрд╕рд╛рд╡рдВ рд╣реЛ рдкрдг рджрд│рднрджреНрд░реА рдЕрд╕реБ рдирдпреЗ..
рджрд│рднрджреНрд░реА рд╕рд░рдХрд╛рд░рдЪрд╛ рдирд┐рд╖реЗрдз... рдирд╛рдХрд░реНрддреЗрдкрдгрд╛рдЪрд╛ рдХрд│рд╕ рдЖрд╣реЗ рд╣рд╛ .. рд╢рд╛рд╣рд░реБрдЦрдЪреНрдпрд╛ рдкреЛрд░рд╛рдВрдЪрдВ рд╢реЗрдВрдмреВрдб рдкреБтАж",mr
"RT @MaheshS52606683: рджрд░рд┐рджреНрд░реА рдЕрд╕рд╛рд╡рдВ рд╣реЛ рдкрдг рджрд│рднрджреНрд░реА рдЕрд╕реБ рдирдпреЗ..
рджрд│рднрджреНрд░реА рд╕рд░рдХрд╛рд░рдЪрд╛ рдирд┐рд╖реЗрдз... рдирд╛рдХрд░реНрддреЗрдкрдгрд╛рдЪрд╛ рдХрд│рд╕ рдЖрд╣реЗ рд╣рд╛ .. рд╢рд╛рд╣рд░реБрдЦрдЪреНрдпрд╛ рдкреЛрд░рд╛рдВрдЪрдВ рд╢реЗрдВрдмреВрдб рдкреБтАж",mr
"RT @MaheshS52606683: рджрд░рд┐рджреНрд░реА рдЕрд╕рд╛рд╡рдВ рд╣реЛ рдкрдг рджрд│рднрджреНрд░реА рдЕрд╕реБ рдирдпреЗ..
рджрд│рднрджреНрд░реА рд╕рд░рдХрд╛рд░рдЪрд╛ рдирд┐рд╖реЗрдз... рдирд╛рдХрд░реНрддреЗрдкрдгрд╛рдЪрд╛ рдХрд│рд╕ рдЖрд╣реЗ рд╣рд╛ .. рд╢рд╛рд╣рд░реБрдЦрдЪреНрдпрд╛ рдкреЛрд░рд╛рдВрдЪрдВ рд╢реЗрдВрдмреВрдб рдкреБтАж",mr
"RT @MaheshS52606683: рджрд░рд┐рджреНрд░реА рдЕрд╕рд╛рд╡рдВ рд╣реЛ рдкрдг рджрд│рднрджреНрд░реА рдЕрд╕реБ рдирдпреЗ..
рджрд│рднрджреНрд░реА рд╕рд░рдХрд╛рд░рдЪрд╛ рдирд┐рд╖реЗрдз... рдирд╛рдХрд░реНрддреЗрдкрдгрд╛рдЪрд╛ рдХрд│рд╕ рдЖрд╣реЗ рд╣рд╛ .. рд╢рд╛рд╣рд░реБрдЦрдЪреНрдпрд╛ рдкреЛрд░рд╛рдВрдЪрдВ рд╢реЗрдВрдмреВрдб рдкреБтАж",mr
"RT @MaheshS52606683: рджрд░рд┐рджреНрд░реА рдЕрд╕рд╛рд╡рдВ рд╣реЛ рдкрдг рджрд│рднрджреНрд░реА рдЕрд╕реБ рдирдпреЗ..
рджрд│рднрджреНрд░реА рд╕рд░рдХрд╛рд░рдЪрд╛ рдирд┐рд╖реЗрдз... рдирд╛рдХрд░реНрддреЗрдкрдгрд╛рдЪрд╛ рдХрд│рд╕ рдЖрд╣реЗ рд╣рд╛ .. рд╢рд╛рд╣рд░реБрдЦрдЪреНрдпрд╛ рдкреЛрд░рд╛рдВрдЪрдВ рд╢реЗрдВрдмреВрдб рдкреБтАж",mr
"RT @MaheshS52606683: рджрд░рд┐рджреНрд░реА рдЕрд╕рд╛рд╡рдВ рд╣реЛ рдкрдг рджрд│рднрджреНрд░реА рдЕрд╕реБ рдирдпреЗ..
рджрд│рднрджреНрд░реА рд╕рд░рдХрд╛рд░рдЪрд╛ рдирд┐рд╖реЗрдз... рдирд╛рдХрд░реНрддреЗрдкрдгрд╛рдЪрд╛ рдХрд│рд╕ рдЖрд╣реЗ рд╣рд╛ .. рд╢рд╛рд╣рд░реБрдЦрдЪреНрдпрд╛ рдкреЛрд░рд╛рдВрдЪрдВ рд╢реЗрдВрдмреВрдб рдкреБтАж",mr
"рджрд░рд┐рджреНрд░реА рдЕрд╕рд╛рд╡рдВ рд╣реЛ рдкрдг рджрд│рднрджреНрд░реА рдЕрд╕реБ рдирдпреЗ..
рджрд│рднрджреНрд░реА рд╕рд░рдХрд╛рд░рдЪрд╛ рдирд┐рд╖реЗрдз... рдирд╛рдХрд░реНрддреЗрдкрдгрд╛рдЪрд╛ рдХрд│рд╕ рдЖрд╣реЗ рд╣рд╛ .. рд╢рд╛рд╣рд░реБрдЦрдЪреНрдпрд╛ рдкреЛрд░рд╛рдВрдЪрдВ рд╢реЗрдВрдмреВрдбтАж https://t.co/Baouw6F0pe",mr
RT @desaipankaj1: @IndiaToday @kamleshsutar @OfficeofUT @nawabmalikncp @Dwalsepatil рддрд╛рдмрдбрддреЛрдм рдЧреБрдиреНрд╣рд╛ рджрд╛рдЦрд▓ рдХреЗрд▓рд╛ рдЧреЗрд▓рд╛ рдкрд╛рд╣реАрдЬреЗ. ЁЯЩПЁЯЩП рджрд░реЛрдбреЗрдЦреЛрд░ рдкрд░рд╡рдбтАж,mr
рд╢рд░рдж рдкрд╡рд╛рд░ рд╕рд╛рд╣реЗрдм рдпрд╛рдВрдиреА рдорд╣рд╛рд░рд╛рд╖реНрдЯреНрд░рд╛рдЪреЗ рдЖрд░реЛрдЧреНрдп рдордВрддреНрд░реА. рд░рд╛рдЬреЗрд╢ рдЯреЛрдкреЗ рдпрд╛рдВрдирд╛ рджрд│рднрджреНрд░реА рдкреБрд░рд╕реНрдХрд╛рд░ рджреНрдпрд╛ рдЕрд╢реА рдорд╛рдЧрдгреА рдореБрдЦреНрдпрдордВрддреНрд░реНрдпрд╛рдХрдбреЗтАж https://t.co/juf2Ef9W4e,mr
RT @desaipankaj1: @IndiaToday @kamleshsutar @OfficeofUT @nawabmalikncp @Dwalsepatil рддрд╛рдмрдбрддреЛрдм рдЧреБрдиреНрд╣рд╛ рджрд╛рдЦрд▓ рдХреЗрд▓рд╛ рдЧреЗрд▓рд╛ рдкрд╛рд╣реАрдЬреЗ. ЁЯЩПЁЯЩП рджрд░реЛрдбреЗрдЦреЛрд░ рдкрд░рд╡рдбтАж,mr
RT @desaipankaj1: @IndiaToday @kamleshsutar @OfficeofUT @nawabmalikncp @Dwalsepatil рддрд╛рдмрдбрддреЛрдм рдЧреБрдиреНрд╣рд╛ рджрд╛рдЦрд▓ рдХреЗрд▓рд╛ рдЧреЗрд▓рд╛ рдкрд╛рд╣реАрдЬреЗ. ЁЯЩПЁЯЩП рджрд░реЛрдбреЗрдЦреЛрд░ рдкрд░рд╡рдбтАж,mr
RT @desaipankaj1: @IndiaToday @kamleshsutar @OfficeofUT @nawabmalikncp @Dwalsepatil рддрд╛рдмрдбрддреЛрдм рдЧреБрдиреНрд╣рд╛ рджрд╛рдЦрд▓ рдХреЗрд▓рд╛ рдЧреЗрд▓рд╛ рдкрд╛рд╣реАрдЬреЗ. ЁЯЩПЁЯЩП рджрд░реЛрдбреЗрдЦреЛрд░ рдкрд░рд╡рдбтАж,mr
@IndiaToday @kamleshsutar @OfficeofUT @nawabmalikncp @Dwalsepatil рддрд╛рдмрдбрддреЛрдм рдЧреБрдиреНрд╣рд╛ рджрд╛рдЦрд▓ рдХреЗрд▓рд╛ рдЧреЗрд▓рд╛ рдкрд╛рд╣реАрдЬреЗ. ЁЯЩПЁЯЩП рджрд░реЛрдбреЗрдЦреЛрд░тАж https://t.co/DFxpBbS56w,mr
RT @Matter0045: @TV9Marathi рдорд░рд╛рдареА рд▓рд╛рдЪрд╛рд░ рд╡ рджрд│рднрджреНрд░реА рдорд┐рдбреАрдпрд╛,mr
@Mpsc_Andolan @rajeshtope11 @OfficeofUT @RRPSpeaks @AjitPawarSpeaks @PrasannJOSHI рдпрд╛ рджрд│рднрджреНрд░реА рдордВрддреНрд░реНрдпрд╛рдЪрд╛ рд░рд╛рдЬреАрдирд╛рдорд╛ рдШреЗтАж https://t.co/ga5daU6Kud,mr
RT @maharaj_121212: @TV9Marathi NCB рдХрд╛рд╣реА рдмреЛрд▓рд▓реА рдХреА рддреЛ рдЖрд░реЛрдк .... рдЖрдгрд┐ @nawabmalikncp рдХрд╛рд╣реА рдмрд╛рд░рдЧрд│рд▓рд╛ рдХреА рдЦреБрд▓рд╛рд╕рд╛ ... рдЕрд╕рд▓реНрдпрд╛ рджрд│рднрджреНрд░реА рдкрддреНрд░рдХрд╛рд░рд╛рдВрдиреА рдорд╣рд╛тАж,mr
@TV9Marathi NCB рдХрд╛рд╣реА рдмреЛрд▓рд▓реА рдХреА рддреЛ рдЖрд░реЛрдк .... рдЖрдгрд┐ @nawabmalikncp рдХрд╛рд╣реА рдмрд╛рд░рдЧрд│рд▓рд╛ рдХреА рдЦреБрд▓рд╛рд╕рд╛ ... рдЕрд╕рд▓реНрдпрд╛ рджрд│рднрджреНрд░реА рдкрддреНрд░рдХрд╛рд░рд╛рдВрдиреАтАж https://t.co/CeTuloV33C,mr
@TV9Marathi рдорд░рд╛рдареА рд▓рд╛рдЪрд╛рд░ рд╡ рджрд│рднрджреНрд░реА рдорд┐рдбреАрдпрд╛,mr
