@UDAYLN @thodkyaat @GopichandP_MLC ‡§≤‡§µ‡§°‡•ç‡§Ø‡§æ ‡§≤‡§ø‡§π‡§æ‡§Ø‡§≤‡§æ ‡§∂‡§ø‡§ï ‡§Ö‡§ó‡•ã‡§¶‡§∞ ‡§Æ‡§ó ‡§¨‡•ã‡§≤‡§æ‡§Ø‡§≤‡§æ ‡§∂‡§ø‡§ï‡§µ‡§§‡•ã ‡§§‡•Å‡§≤‡§æ,mr
@HakunahMatata_ @BhaiyaPatil ‡§≤‡§µ‡§°‡•ç‡§Ø‡§æ ‡§´‡§æ‡§≤‡§§‡•Ç ‡§ï‡§æ‡§Ø ‡§¨‡•ã‡§≤‡•Ç ‡§®‡§ï‡•ã‡§∏ ‡§§‡•Å‡§ù‡•ç‡§Ø‡§æ ‡§§‡§∞ ‡§ó‡§æ‡§Ç‡§°‡•Ä‡§§ ‡§¶‡§Æ ‡§Ö‡§∏‡•á‡§≤ ‡§§‡§∞ ‡§¨‡§æ‡§π‡•á‡§∞ ‡§ï‡§æ‡§¢‡•Ç‡§® ‡§¶‡§æ‡§ñ‡§µ ‡§®‡§æ‡§π‡•Ä‡§§‡§∞ ‡§§‡•Å‡§ù‡•ç‡§Ø‡§æ‚Ä¶ https://t.co/QcJperqKxj,mr
@rajuparulekar ‡§≤‡§µ‡§°‡•ç‡§Ø‡§æ ‡§§‡•Ç ‡§™‡§æ‡§ï‡§ø‡§∏‡•ç‡§§‡§æ‡§®‡§ö‡§æ ‡§ö‡•ã‡§ñ‡§§ ‡§¨‡§∏ ‡§ö‡•Å‡§∞‡§≤‡•á‡§ï‡§∞,mr
"@prash_2712 ‡§ö‡•Å‡§™ ‡§∞‡•á ‡§≤‡§µ‡§°‡•ç‡§Ø‡§æ ‡§∂‡§æ‡§£‡§æ ‡§¨‡§®....
‡§≤‡§ø‡§π‡§æ‡§Ø‡§ö ‡§§‡§∞ ‡§®‡§ø‡§ü ‡§∂‡§ø‡§µ‡•ç‡§Ø‡§æ ‡§Ü‡§Ç‡§Æ‡•ç‡§π‡§æ‡§≤‡§æ ‡§™‡§£ ‡§¶‡•á‡§§‡§æ ‡§Ø‡•á‡§§‡§æ‡§§.
‡§§‡•ç‡§Ø‡§æ ‡§®‡§ø‡§ï‡§æ‡§π‡§®‡§æ‡§Æ‡•ç‡§Ø‡§æ‡§ö‡•Ä ‡§™‡•Å‡§Ç‡§ó‡§≥‡•Ä ‡§ï‡§∞‡•Å‡§® ‡§ü‡§æ‡§ï‡•Å‡§® ‡§ò‡•á.",mr
@nawabmalikncp ‡§Ö‡§∞‡•á ‡§≠‡§°‡§µ‡•ç‡§Ø‡§æ ‡§Æ‡§π‡§æ‡§∞‡§æ‡§∑‡•ç‡§ü‡•ç‡§∞ ‡§Æ‡§ß‡•ç‡§Ø‡•á ‡§ñ‡•Ç‡§™ ‡§™‡•ç‡§∞‡§∂‡•ç‡§® ‡§Ü‡§π‡•á ‡§≤‡§µ‡§°‡•ç‡§Ø‡§æ ‡§§‡•ç‡§Ø‡§æ ‡§Ö‡§®‡§ø‡§≤ ‡§¶‡•á‡§∂‡§Æ‡•Å‡§ñ ‡§≤‡§æ ‡§∂‡•ã‡§ß‡•Ç‡§® ‡§ï‡§æ‡§¢ ...,mr
@SanjayKarale1 ‡§Ö‡§∞‡•á ‡§Ø‡•á‡§° ‡§ù‡•ç‡§µ‡•ç‡§Ø‡§æ ‡§§‡•Ç ‡§ú‡•á ‡§Æ‡•ã‡§¶‡•Ä ‡§Æ‡•ã‡§¶‡•Ä ‡§Æ‡•ç‡§π‡§£‡•Ç‡§® ‡§ó‡§æ‡§Ç‡§° ‡§ö‡§æ‡§ü‡§§ ‡§Ö‡§∏‡§§‡•ã‡§∏ ‡§®‡§æ ‡§§‡•ç‡§Ø‡§æ‡§ö‡§æ ‡§π‡§æ ‡§™‡§∞‡§ø‡§£‡§æ‡§Æ ‡§Ü‡§π‡•á. ‡§ú‡§∞‡§æ ‡§Ö‡§ï‡§≤‡•á‡§ö‡§æ ‡§µ‡§æ‡§™‡§∞ ‡§ï‡§∞ ‡§Ø‡•á‚Ä¶ https://t.co/1s8NypSPUZ,mr
@iamhmmad1 @BCCI ‡§≤‡§µ‡§°‡•ç‡§Ø‡§æ ‡§™‡§π‡§ø‡§≤‡§æ ‡§ò‡§∞‡§æ‡§§ ‡§ï‡§æ‡§Ø ‡§ñ‡§æ‡§Ø‡§≤‡§æ ‡§Ü‡§π‡•á ‡§ï‡§æ ‡§¨‡§ó ‡§®‡§Ç‡§§‡§∞ ‡§Ü‡§Æ‡§ö‡•ç‡§Ø‡§æ ‡§¶‡•á‡§∂‡§æ‡§ö‡•ç‡§Ø‡§æ ‡§®‡§æ‡§µ‡§æ‡§®‡•á ‡§¨‡•ã‡§Ç‡§¨‡§≤‡§§ ‡§¨‡§∏ ‡§§‡•Å‡§≤‡§æ ‡§≤‡§µ‡§°‡•ç‡§Ø‡§æ ‡§Ö‡§Ç‡§¨‡§æ‡§®‡•Ä ‡§Æ‡§æ‚Ä¶ https://t.co/q45H1A3BCZ,mr
@Pravins93403892 @Rajgurunagar ‡§≤‡§µ‡§°‡•ç‡§Ø‡§æ ‡§∏‡§æ‡§µ‡§∞‡§ï‡§∞ ‡§®‡•á ‡§∏‡§ó‡§≥‡•ç‡§Ø‡§æ‡§§ ‡§Ü‡§ß‡•Ä ‡§´‡§æ‡§≥‡§£‡•Ä ‡§Æ‡§æ‡§ó‡§ø‡§§‡§≤‡•Ä ‡§π‡•ã‡§§‡•Ä ‡§ö‡•Å‡§§‡•ç‡§Ø‡§æ.,mr
"@nawabmalikncp  ‡§Ø‡•á ‡§≠‡§°‡§µ‡•ç‡§Ø‡§æ ‡§§‡•Å‡§ù‡§Ç ‡§≠‡§æ‡§ä ‡§≤‡§µ‡§°‡•ç‡§Ø‡§æ ‡§ï‡§∏‡§Ç ‡§¶‡§æ‡§¶‡§æ ‡§ó‡§ø‡§∞‡•Ä ‡§ï‡§∞‡§§ ‡§π‡•ã‡§§‡§æ ,‡•§‡•§ ‡§§‡•ç‡§Ø‡§æ ‡§â‡§ß‡•ç‡§¶‡§µ ‡§Æ‡•Å‡§≥‡•á ‡§§‡•Ç ‡§Æ‡§Ç‡§§‡•ç‡§∞‡•Ä ‡§ù‡§æ‡§≤‡§æ‡§∏ ‡§ç‡§°‡§ù‡§µ‡•ç‡§Ø‡§æ... https://t.co/opVrkgz3ik",mr
@FaceOfKingKhan ‡§Ö‡§∞‡•á ‡§≤‡§µ‡§°‡•ç‡§Ø‡§æ ‡§∏‡§æ‡§Ç‡§ó ‡§®‡§æ ‡§ï‡§æ ‡§Æ‡§≤‡•á‡§∂‡•Ä‡§Ø‡§æ‡§§‡§≤‡•Ä ‡§ü‡•â‡§™ ‡§∞‡§Ç‡§°‡•Ä ‡§Ü‡§π‡•á ‡§ï‡§æ?,mr
"@FaceOfKingKhan ‡§è ‡§≤‡§µ‡§°‡•ç‡§Ø‡§æ,‡§§‡•Å‡§ù‡•ç‡§Ø‡§æ ‡§Ü‡§Ø‡§ö‡§æ ‡§≠‡•ã‡§∏‡§°‡§æ ‡§Æ‡§æ‡§¶‡§∞‡§ö‡•ã‡§¶",mr
@rautsanjay61 ‡§≤‡§µ‡§°‡•ç‡§Ø‡§æ,mr
"@yuzi_chahal @MdShami11 ‡§≤‡§µ‡§°‡•ç‡§Ø‡§æ ‡§è‡§ï ‡§§‡§∞ ‡§Æ‡•à‡§ö ‡§ú‡§ø‡§§‡§≤‡•á ‡§®‡§π‡•Ä‡§∏ 
‡§¶‡•Å‡§∏‡§∞‡§æ Shami ‡§≤‡§æ ‡§ï‡•ã‡§®‡•Ä ‡§è‡§¨‡•ç‡§Ø‡•Ç‡§ú ‡§ï‡•á‡§≤ ‡§§‡•á ‡§§‡•Å‡§≤‡§æ ‡§Æ‡§æ‡§π‡§ø‡§§ ‡§®‡§π‡•Ä
‡§§‡•Ä‡§∏‡§∞‡§æ ‡§§‡•Ç‡§≤‡§æ ‡§¨‡§æ‚Ä¶ https://t.co/Tnw732sg1N",mr
@nawabmalikncp ‡§§‡•Å‡§ù‡§æ ‡§¨‡§æ‡§™ ‡§Ü‡§π‡•á ‡§π‡§æ...‡§≤‡§µ‡§°‡•ç‡§Ø‡§æ ‡§≤‡§æ‡§Ç‡§°‡•ç‡§Ø‡§æ ‡§Æ‡§≤‡§ø‡§ï,mr
@nawabmalikncp ‡§Ö‡§∞‡•á ‡§®‡§µ‡§æ‡§¨ ‡§è‡§µ‡§¢‡§Ç ‡§ç‡§°‡§ù‡§µ‡§æ ‡§ï‡§∏ ‡§Æ‡§Ç‡§§‡•ç‡§∞‡•Ä ‡§Ö‡§∏‡•Ç ‡§∂‡§ï‡§§‡•ã‡§∏ ‡§§‡•Ç ‡§≤‡§µ‡§°‡•ç‡§Ø‡§æ....,mr
"@LoksattaLive ‡§Ö‡§¨‡•á ‡§≠‡•ã‡§ó‡§∏‡§§‡•ç‡§§‡§æ liveüò° ‡§π‡§æ‡§∞‡•ç‡§¶‡§ø‡§ï ‡§™‡§æ‡§Ç‡§°‡•ç‡§Ø‡§æ ‡§è‡§ï ‡§∞‡§® ‡§∏‡§æ‡§†‡•Ä ‡§ß‡§æ‡§µ‡§≤‡§æ ‡§§‡•á‡§µ‡•ç‡§π‡§æ,‡§≠‡§æ‡§∞‡§§‡§æ‡§≤‡§æ ‡§ì‡§µ‡•ç‡§π‡§∞‡§•‡•ç‡§∞‡•ã ‡§ö‡•á 4 ‡§∞‡§® extra ‡§Æ‡§ø‡§≥‡§æ‡§≤‡•á ‡§Ü‡§£‡§ø‚Ä¶ https://t.co/5s3cBdreNW",mr
@Uturn6660 @nawabmalikncp @PawarSpeaks ‡§≤‡§µ‡§°‡•ç‡§Ø‡§æ ‡§Ü‡§Æ‡•ç‡§π‡•Ä ‡§ù‡•ã‡§™‡§°‡§™‡§ü‡•ç‡§ü‡•Ä ‡§Æ‡§ß‡•ç‡§Ø‡•á ‡§∞‡§æ‡§π‡§§‡•ã ‡§Æ‡§ó ‡§ï‡§æ‡§Ø ‡§Ü‡§Æ‡§ö‡•á ‡§µ‡§ø‡§ö‡§æ‡§∞ ‡§ñ‡§æ‡§≤‡§ö‡•ç‡§Ø‡§æ ‡§™‡§æ‡§§‡§≥‡•Ä‡§ö‡•á ‡§Ü‡§π‡•á‡§§ ‡§ï‡§æ‚Ä¶ https://t.co/uQGrfopAim,mr
@khadaksingh_ ‡§≤‡§µ‡§°‡•ç‡§Ø‡§æ ‡§∏‡•ç‡§ï‡•ã‡§∞‡§ï‡§æ‡§∞‡•ç‡§° ‡§¨‡§ò ‡§Ü‡§ß‡•Ä ‡§Æ‡§ó ‡§¨‡•ã‡§Ç‡§¨‡§æ ‡§Æ‡§æ‡§∞,mr
RT @Roniinx_: ‡§Ü‡§†‡§µ‡§≤‡•ç‡§Ø‡§æ ‡§≤‡§µ‡§°‡•ç‡§Ø‡§æ ‡§§‡•Ç ‡§≠‡•á‡§ü ‡§∞‡•á ‡§è‡§ï‡§¶‡§æ ‡§Ü‡§à ‡§ò‡§æ‡§≤‡•ç‡§Ø‡§æ,mr
‡§Ü‡§†‡§µ‡§≤‡•ç‡§Ø‡§æ ‡§≤‡§µ‡§°‡•ç‡§Ø‡§æ ‡§§‡•Ç ‡§≠‡•á‡§ü ‡§∞‡•á ‡§è‡§ï‡§¶‡§æ ‡§Ü‡§à ‡§ò‡§æ‡§≤‡•ç‡§Ø‡§æ https://t.co/25SHCAHF6z,mr
