@RahulGandhi рднрд╛рдВрдЧ рдУрд░ рднреЛрд╕рдбрд╝рд╛ред,hi
"@AdityaRajKaul рдмрд╛рдмрд░ рдХреА рдорд╛рдВ рдХрд╛ рднреЛрд╕рдбрд╝рд╛ ред

рд╕реЙрд░реА for bad words",hi
@Shakeel96572009 @Pandey_Ji0 @Ashoksh02629248 @indpuja @Kum_100 @Rahul10416535 @Ravi73174220 @paras_sanghiтАж https://t.co/uMkRoylU3s,hi
@tickooindian @sudhirchaudhary рддреЗрд░рд╛ рдЕрдореНрдорд╛ рдХрд╛ рднреЛрд╕рдбрд╛ рдорд╛рд░рдиреЗ рдореЗ рд▓рдЧрд╛ рдерд╛  рдУрд░ рддреЗрд░рд╛ рдЕрдмреНрдмрд╛ рдореЗрд░реЗ рдЖрдВрдбреЛ рдХрд┐ рдорд╛рд▓реАрд╕ рдореИ рд▓рдЧрд╛ рдерд╛,hi
@Asthapanditain @money_136 @Kamuk_Aurat2 @Pratikasharmaa @Riddhima_27 @ZaalimAlauddin @Aamir696969 @zalim_karimтАж https://t.co/GKfGACZnEB,hi
"@ndtv рдЖрдЬ рдлрд┐рд░ рд╕реЗ рдЬрдЬ рд╕рд╛рд╣рдм рдЖрдпреЗ рдФрд░ рдЖрд░реНрдпрди рдХреА рддрд░рдл рджреЗрдЦрд╛,

рдЪрд╢реНрдорд╛ рдЙрддрд╛рд░рд╛ рдФрд░ рдПрдХ рдЧрд╣рд░реА рд╕рд╛рдБрд╕ рд▓реЗрдХрд░ рдмреЛрд▓реЗ

рднрдЧ рддреЗрд░реА рдорд╛рдБ рдХрд╛ рднреЛрд╕рдбрд╝рд╛ред

ЁЯдгЁЯдгЁЯдгЁЯдгЁЯдгЁЯдг",hi
"RT @PachporAbhinav: @samant_uday рд╕рд╛рд╣реЗрдм рдЦреБрд╢ рдЕрд╕рддреАрд▓ ,рдХреА рддреНрдпрд╛рдВрдЪреНрдпрд╛ рдЕрдХрд╛рд░реНрдпрдХреНрд╖рдорддреЗрдореБрд│реЗ MBA CET рдЪреЗ рд▓рд╛рдЧрд▓реЗрд▓реЗ рд▓рд╡*** рд╣реНрдпрд╛рдЪ рд╢реНрд░реЗрдп рд╡рд┐рджреНрдпрд╛рд░реНрдереА 35 рдХреЗрд╕ рдХрд░рдгрд╛тАж",mr
"рдЖрдЬ рдХрд╛ рд╕реБрд╡рд┐рдЪрд╛рд░:

рдЖрджрдореА рдХрд╛ тАШрд╣реМрд╕рд▓рд╛тАЩ рдФрд░ рдФрд░рдд рдХрд╛ тАШрднреЛрд╕рдбрд╛тАЩ, рджреБрдирд┐рдпрд╛ рдореЗрдВ рдХреБрдЫ рднреА рдХрд░рд╡рд╛ рд╕рдХрддреА рд╣реИред  @AroraKanchann @SexyGauriBhabhiтАж https://t.co/jAmp9CUIZT",hi
"*Breaking news*
рдЖрдЬ рдлрд┐рд░ рд╕реЗ рдЬрдЬ рд╕рд╛рд╣рдм рдЖрдпреЗ рдФрд░ рдЖрд░реНрдпрди рдХреА рддрд░рдл рджреЗрдЦрд╛,

рдЪрд╢реНрдорд╛ рдЙрддрд╛рд░рд╛ рдФрд░ рдПрдХ рдЧрд╣рд░реА рд╕рд╛рдБрд╕ рд▓реЗрдХрд░ рдмреЛрд▓реЗ

рднрдЧ рддреЗрд░реА рдорд╛рдБ рдХрд╛ рднреЛрд╕рдбрд╝рд╛ред

ЁЯдгЁЯдгЁЯдгЁЯдгЁЯдгЁЯдг",hi
@holy_rod @MMsk22044 рднреЛрд╕рдбрд╝рд╛ рдлрдЯ рдЬрд╛рдПрдЧрд╛,hi
@SChoudharyNews рдЕрд░реЗ рд░**рдбреА рд╡рд╛рд▓рд╛ рдЬрдм рдЗрдВрдбрд┐рдпрд╛ рд╣рд╛рд░рд╛ рдкрд╛рдХрд┐рд╕реНрддрд╛рди рд╕реЗ рддреЛ рд╣рд░ рдЬрдЧрд╣ рдкрдЯрд╛рдЦреЗ рдлреБрдЯ рд░рд╣реЗ рдереЗ рджреЛрдЧрд▓рд╛ рдореВрд▓реЛ рдХреЗ рдмрдВрд╕рдЬ рдХреЗ рдирд╛рдЬрд╛рдпрдЬтАж https://t.co/T9xFtRuIdk,hi
@Goldenthrust @TeamHHB1 @airtelindia @airtelindia рддреБрдореНрд╣рд╛рд░реА рдЕрдореНрдореА рдХрд╛ рднреЛрд╕рдбрд╝рд╛ рдИрдж рдкрд░ рдЗрдиреНрд╣реА рд╢рдмреНрджреЛ рд╕реЗ рдЕрдкрдиреА рдЕрдореНрдореА рдЪреБрджрд╛рдУ рддреЛтАж https://t.co/ZcVtrBj4PI,hi
@MoRaY1959 рдкрд╛рдХрд┐рд╕реНрддрд╛рди рдХреА рдорд╛рдБ рдХрд╛ рднреЛрд╕рдбрд╝рд╛,hi
@RahulGandhi рдХрд╛рдВрдЧреНрд░реЗрд╕ рдХрд┐ рдорд╛рдВ рдХрд╛ рднреЛрд╕рдбрд╝рд╛,hi
@rudraayurhealth @Uppolice @UPGovt @PMOIndia @narendramodi @PIB_India @AmitShah @myogiadityanath @CMOfficeUPтАж https://t.co/rQnJYZgjkR,hi
@govinda26933776 @Uppolice @UPGovt @PMOIndia @narendramodi @PIB_India @AmitShah @myogiadityanath @CMOfficeUPтАж https://t.co/OdZycYncVh,hi
@shadab_chouhan1 @Uppolice @UPGovt @PMOIndia @narendramodi @PIB_India @AmitShah @myogiadityanath @CMOfficeUPтАж https://t.co/jMciKC6K5b,hi
@Shehla_Rashid Then say рдкрд╛рдХрд┐рд╕реНрддрд╛рди рдХреА рдорд╛рдВ рдХрд╛ рднреЛрд╕рдбрд╝рд╛,hi
@Dr_fizakhan рдкрд╛рдХрд┐рд╕реНрддрд╛рди рдХреА рдорд╛рдВ рдХрд╛ рднреЛрд╕рдбрд╝рд╛,hi
@BOLNETWORK @Dr_fizakhan рдкрд╛рдХрд┐рд╕реНрддрд╛рди рдХреА рдорд╛рдВ рдХрд╛ рднреЛрд╕рдбрд╝рд╛,hi
@Dr_fizakhan рдкрд╛рдХрд┐рд╕реНрддрд╛рди рдХреА рдорд╛рдВ рдХрд╛ рднреЛрд╕рдбрд╝рд╛,hi
@Dr_fizakhan рдкрд╛рдХрд┐рд╕реНрддрд╛рди рдХреА рдорд╛рдВ рдХрд╛ рднреЛрд╕рдбрд╝рд╛,hi
рдорд╛рдВ рдХрд╛ рднреЛрд╕рдбрд╝рд╛ рдмреАрдЬреЗрдкреА рдФрд░ рдореЛрджреА рдХреА рдкреВрд░реЗ рджреЗрд╢ рдХреА рдПрдХрддрд╛ рдФрд░ рдЕрд░реНрдерд╡реНрдпрд╡рд╕реНрдерд╛ рдХреА рдорд╛рдВ рдЪреЛрдж рдХреЗ рд░рдЦрддреА,hi
"@daniak_shay_45 рдпреЗ рджреЗрд╢ рдХрд╛ рдЧрджреНрджрд╛рд░ рд╣реИ, рдЗрд╕рдХреА рдорд╛рдБ рдХрд╛ рднреЛрд╕рдбрд╝рд╛",hi
@noumanmuzaffar4 @M4maira @anas_facts @im_vikash12 рд╣рдо рддреЛ рдкрд╣рд▓реЗ рд╕реЗ рд╣реА рдмреЛрд▓рддреЗ рдЖ рд░рд╣реЗ рдкрд╛рдХрд┐рд╕реНрддрд╛рдиреА рдФрд░ рдкрд╛рдХрд┐рд╕реНрддрд╛рди рдХреА рдорд╛рдБ рдХрд╛тАж https://t.co/qh7SqFZ4C9,hi
@payalrohatagi1 @GR_MUNDEL_ @kavita1429 @yaduvancy_baba @Rahulsingh_RL @PM_1008 @Indupradip @iamwitwickyтАж https://t.co/ISSm6SNuBE,hi
@iihtishamm @harbhajan_singh рддреЗрд░реА рдкрд╛рдХрд┐рд╕реНрдерд╛рди рдХрд╛ рднреЛрд╕рдбрд╝рд╛,hi
@Deepak78352557 @ChakankarSpeaks @narendramodi @BJP4India @BJP4Maharashtra рддреБрдЭреНрдпрд╛ рдЖрдИрдЪрд╛ рднреЛрд╕рдбрд╛ рдЭрдЯрдпрд╛...,mr
"RT @iamBakchodguru: рдЖрдЬ рдлрд┐рд░ рд╕реЗ рдЬрдЬ рд╕рд╛рд╣рдм рдЖрдпреЗ рдФрд░ рдЖрд░реНрдпрди рдХреА рддрд░рдл рджреЗрдЦрд╛, рдЪрд╢реНрдорд╛ рдЙрддрд╛рд░рд╛ рдФрд░ рдПрдХ рдЧрд╣рд░реА рд╕рд╛рдБрд╕ рд▓реЗрдХрд░ рдмреЛрд▓реЗ рднрдЧ рддреЗрд░реА рдорд╛рдБ рдХрд╛ рднреЛрд╕рдбрд╝рд╛ред
ЁЯдгЁЯдг
#AryanKhan",hi
"рдЖрдЬ рдлрд┐рд░ рд╕реЗ рдЬрдЬ рд╕рд╛рд╣рдм рдЖрдпреЗ рдФрд░ рдЖрд░реНрдпрди рдХреА рддрд░рдл рджреЗрдЦрд╛, рдЪрд╢реНрдорд╛ рдЙрддрд╛рд░рд╛ рдФрд░ рдПрдХ рдЧрд╣рд░реА рд╕рд╛рдБрд╕ рд▓реЗрдХрд░ рдмреЛрд▓реЗ рднрдЧ рддреЗрд░реА рдорд╛рдБ рдХрд╛ рднреЛрд╕рдбрд╝рд╛ред
ЁЯдгЁЯдг
#AryanKhan",hi
@ShayarImran @iamsrk рд╣реМрд╕рд▓рд╛ рдирд╣реА рднреЛрд╕рдбрд╝рд╛ЁЯШВ,hi
"@luckyschawla рдирд╢реЗрдд рдХреА рд╣рд╛рд▓рдд рдореЗ рдкрд╛рдХрд┐рд╕реНрддрд╛рди рдХреА рдорд╛реЕ рдХрд╛ рднреЛрд╕рдбрд╛ рдирд╣реА рдмреЛрд▓рд╛ рдпрд╣ рднреЛрд╕рдбреАрд╡рд╛рд▓рд╛ 
рдЗрддрдХреА рдпрд╣реА рд╕рдЪреНрдЪрд╛рдИ рд╣реИ рдирд╢рд╛ рдореЗ рд╣реЛ рдпрд╛ рдирд╛ рд╣реЛ |",hi
@Banachaudhry рдЗрд╕рдХреЛ рддреЛ рдЬрдмрд░рджрд╕реНрддреА рдкрд╛рдХ рднреЗрдЬ рджреЛ рддрдм рдЕрдкрдиреА рдорд╛рдВ рдХрд╛ рднреЛрд╕рдбрд╝рд╛ рдмреЛрд▓реЗрдЧрд╛ред,hi
@ekhivillain рднреЛрд╕рдбрд╝рд╛ рдкрддреНрд░*ЁЯдгЁЯдг,hi
@KapilMishra_IND рдЗрд╕рдХрд╛ рднреЛрд╕рдбрд╝рд╛ рдирд┐рдХрд▓рд╛ рдпрд╛ рдирд╣реАрдВ ?,hi
@MohdUsama01 рд╡реЛ рдЪрд╛рд╣реЗ рдХреБрдЫ рднреА рдХрд░реЗрдВ рд▓реЗрдХрд┐рди рднрд╛рд░рдд рдореЗрдВ рдкрд╛рдХрд┐рд╕реНрддрд╛рди рдЬрд┐рдВрджрд╛рдмрд╛рдж рдХрд╛ рдирд╛рд░рд╛ рдЬреЛ рд▓рдЧрд╛рдПрдЧрд╛ рд╡реЛ рджреЗрд╢рджреНрд░реЛрд╣реА рд╣реИ рдЙрд╕рдХреА рдорд╛рдВ рдХрд╛ рднреЛрд╕рдбрд╝рд╛ЁЯШбЁЯШбЁЯШб,hi
@GovindRam98 рдЗрд╕ рдХреА рдорд╛ рдХрд╛ рднреЛрд╕рдбрд╝рд╛ рдорджрд░ рдЪреЛрдж рдореБрд▓реНрд▓реЗред,hi
"рдЖрдЬ рдлрд┐рд░ рд╕реЗ рдЬрдЬ рд╕рд╛рд╣рдм рдЖрдпреЗ рдФрд░ рдЖрд░реНрдпрди рдХреА рддрд░рдл рджреЗрдЦрд╛,

рдЪрд╢реНрдорд╛ рдЙрддрд╛рд░рд╛ рдФрд░ рдПрдХ рдЧрд╣рд░реА рд╕рд╛рдБрд╕ рд▓реЗрдХрд░ рдмреЛрд▓реЗ

рднрдЧ рддреЗрд░реА рдорд╛рдБ рдХрд╛ рднреЛрд╕рдбрд╝рд╛ред

ЁЯдгЁЯдгЁЯдгЁЯдгЁЯдгЁЯдг",hi
"RT @Sanatan08258639: BC Chinese, рдФрд░ рдпрд╣ рд▓рд┐рдЦрд╛ рдХреНрдпрд╛ рд╣реИ рдкрд╛рдХрд┐рд╕реНрддрд╛рди рдХреА рдорд╛рдВ рдХрд╛ рднреЛрд╕рдбрд╝рд╛ https://t.co/OhT5OiDKKz",hi
RT @pipers__100: рдЬрдм рднреА рдЖрдк рджрд╛рд░реВ рдкреАрдиреЗ рдХреЗ рд▓рд┐рдП рдмреИрдареЛ рдЕрдкрдиреЗ рдЙрд╕ рджреЛрд╕реНрдд рдХреЛ рдХрднреА рдордд рдмреБрд▓рд╛рдирд╛ рдЬрд┐рд╕рдХреА рдХрд┐рд╕реА рд▓реМрдВрдбрд┐рдпрд╛ рд╕реЗ рд╕реЗрдЯрд┐рдВрдЧ рдмрд╛рдЬрд╝реА рдЪрд▓ рд░рд╣реА рд╣реЛ рд╡рд░рдирд╛ рд╡реЛ рдЕрдкрдиреЗтАж,hi
@aajtak рдЖрдЬ рддрдХ рдХрд┐ рдорд╛ рдХрд╛ рднреЛрд╕рдбрд╝рд╛,hi
@jaunpurpolice @GovindRam98 рдерд╛рдирд╛ рдореЗрдВ рдЗрд╕рдХрд╛ рднреА рдорд╛рдВ рдХрд╛ рднреЛрд╕рдбрд╝рд╛ рд╕рд╣реА рдврдВрдЧ рд╕реЗ рдХрд░рдирд╛ рдЪрд╛рд╣рд┐рдП.,hi
"@samant_uday рд╕рд╛рд╣реЗрдм рдЦреБрд╢ рдЕрд╕рддреАрд▓ ,рдХреА рддреНрдпрд╛рдВрдЪреНрдпрд╛ рдЕрдХрд╛рд░реНрдпрдХреНрд╖рдорддреЗрдореБрд│реЗ MBA CET рдЪреЗ рд▓рд╛рдЧрд▓реЗрд▓реЗ рд▓рд╡*** рд╣реНрдпрд╛рдЪ рд╢реНрд░реЗрдп рд╡рд┐рджреНрдпрд╛рд░реНрдереА 35 рдХреЗрд╕тАж https://t.co/lTKx89zA4X",mr
@sumrkhan1 @harbhajan_singh рдкрд╛рдХрд┐рд╕реНрддрд╛рдирдЪреНрдпрд╛ рдЖрдИрдЪ рднреЛрд╕рдбрд╛ ЁЯдгЁЯдгЁЯдгЁЯдг,mr
@Ram_Rajya2024 рдорд╛рдБ рдХрд╛ рднреЛрд╕рдбрд╝рд╛ рднреЗрдВрдЪреЛрдж рд╡рдХрд╝рд╛рд░ рдпреВрдирд┐рд╕ рдХреЗред,hi
@aajtak @abhishek6164 рдкрд╛рдХрд┐рд╕реНрддрд╛рди рдХреА рдорд╛рдВ рдХреА рднреЛрд╕рдбрд╝рд╛,hi
@akhileshanandd рднреЛрд╕рдбрд╝рд╛ рддреЗрд░рд╛ рдмрд╣рди рдХрд╛,hi
@harbhajan_singh @iamamirofficial рдЬреЛрд░ рд╕реЗ рдмреЛрд▓реЛ.... рдкрд╛рдХрд┐рд╕реНрддрд╛рди рдХрд┐ рдорд╛рдБ рдХрд╛ рднреЛрд╕рдбрд╛,hi
RT @patilrajendra: @BhaiyaPatil рднреЛрд╕рд▓реЗ рдирд╛рд╣реА рднреЛрд╕рдбрд╛ рдЖрдбрдирд╛рд╡ рд╢реЛрднрддреЗ. рд╣рд╛ рдирдХреНрдХреАрдЪ рдорд╛рд░ рдЦрд╛рдгрд╛рд░ рдХреБрдЪрд╛рд░реНрдп,mr
@BhaiyaPatil рднреЛрд╕рд▓реЗ рдирд╛рд╣реА рднреЛрд╕рдбрд╛ рдЖрдбрдирд╛рд╡ рд╢реЛрднрддреЗ. рд╣рд╛ рдирдХреНрдХреАрдЪ рдорд╛рд░ рдЦрд╛рдгрд╛рд░ рдХреБрдЪрд╛рд░реНрдп,mr
"RT @Sanatan08258639: BC Chinese, рдФрд░ рдпрд╣ рд▓рд┐рдЦрд╛ рдХреНрдпрд╛ рд╣реИ рдкрд╛рдХрд┐рд╕реНрддрд╛рди рдХреА рдорд╛рдВ рдХрд╛ рднреЛрд╕рдбрд╝рд╛ https://t.co/OhT5OiDKKz",hi
@MonuTiw12981828 рд░рд╛рдХреЗрд╢ рдЯрд┐рдХрдЯ рдХреА рдорд╛рдВ рдХрд╛ рднреЛрд╕рдбрд╝рд╛ рдкрд╛рдЧрд▓ рд╣реЛ рдЧрдпрд╛ рд╣реИ рдХреНрдпрд╛ рдпрд╣ рд╕рд╛рд▓рд╛ рдФрд░ рддреЛ рдФрд░ рдпрд╣ рдХрдм рд╕реЗ рдХрд┐рд╕рд╛рди рдХрдм рд╕реЗ рдмрди рдЧрдпрд╛ рдФрд░ рдЗрддтАж https://t.co/wxujovSMpy,hi
@waqyounis99 рддреБрдореНрд╣рд╛рд░реА рдЕрдореНрдореА рдХрд╛ рднреЛрд╕рдбрд╝рд╛,hi
"RT @Sanatan08258639: BC Chinese, рдФрд░ рдпрд╣ рд▓рд┐рдЦрд╛ рдХреНрдпрд╛ рд╣реИ рдкрд╛рдХрд┐рд╕реНрддрд╛рди рдХреА рдорд╛рдВ рдХрд╛ рднреЛрд╕рдбрд╝рд╛ https://t.co/OhT5OiDKKz",hi
"BC Chinese, рдФрд░ рдпрд╣ рд▓рд┐рдЦрд╛ рдХреНрдпрд╛ рд╣реИ рдкрд╛рдХрд┐рд╕реНрддрд╛рди рдХреА рдорд╛рдВ рдХрд╛ рднреЛрд╕рдбрд╝рд╛ https://t.co/OhT5OiDKKz",hi
@delhichatter рдЗрд╕рдХреА рдорд╛ рдХрд╛ рднреЛрд╕рдбрд╝рд╛ ЁЯдгЁЯдг,hi
@Hassanafridi103 @BCCI @IrfanPathan 'рддреЗрд░реА рдорд╛рдБ рдХрд╛ рднреЛрд╕рдбрд╛,hi
"рдПрдХ рдореИрдЪ рдХреА рд╣рд╛рд░ рдкрд░ рдЙрддреНрд╕рд╛рд╣рд┐рдд рд╣реБрдП рдПрдХ рд╡рд░реНрдЧ рдиреЗ рдпреЗ рд╕рд╛рдмрд┐рдд рдХрд░ рджрд┐рдпрд╛ рд╣реИ рдХреА рднрд╛рд░рдд рдореЗрдВ рдЕрднреА рднреА рдПрдХ рдкрд╛рдХрд┐рд╕реНрддрд╛рди рдкрд▓ рд░рд╣рд╛ рд╣реИред

рдЙрди рдЧрджреНрджрд╛рд░реЛрдВ рдХрд┐ рдорд╛рдВ рдХрд╛ рднреЛрд╕рдбрд╝рд╛ ред",hi
@farooq2510 @OrtonWorld @iamamirofficial рдФрд░ рддреБрдореНрд╣рд╛рд░реА рдЗрддрдиреЗ рд╕рд╛рд▓реЛрдВ рд╕реЗ рд╣рдордиреЗ рдЪреЛрджреА рддреЛ рдЙрд╕ рд╣рд┐рд╕рд╛рдм рд╕реЗ рддреЛ рддреБрдореНрд╣рд╛рд░рд╛ рднреЛрд╕рдбрд╝рд╛ рдмрди рдЧрдпрд╛ рд╣реЛрдЧрд╛ рд╕рд╛рд▓реЗ,hi
"рдпреЗ рдмрдбрд╛ рд▓рд┐рдмрд░рд▓ рдХрд╛ рдЪреЛрджрд╛ рдмрди рд░рд╣рд╛ рдерд╛ рдЗрд╕рдХреЛ рд╣реА рдкрдЯрдХ рдХреЗ рдЪреЛрдж рджрд┐рдП рдкрд╛рдХрд┐рд╕реНрддрд╛рди рд╡рд╛рд▓реЗ ,, рдЕрднреА рднреА рд╡рдХреНрдд рд╣реИ рд╕рдВрднрд▓ рдЬрд╛рдУ ,, рдкрд╛рдХрд┐рд╕реНрддрд╛рди рд╣рдорд╛рд░рд╛тАж https://t.co/8EesUJdXeH",hi
RT @pipers__100: рдЬрдм рднреА рдЖрдк рджрд╛рд░реВ рдкреАрдиреЗ рдХреЗ рд▓рд┐рдП рдмреИрдареЛ рдЕрдкрдиреЗ рдЙрд╕ рджреЛрд╕реНрдд рдХреЛ рдХрднреА рдордд рдмреБрд▓рд╛рдирд╛ рдЬрд┐рд╕рдХреА рдХрд┐рд╕реА рд▓реМрдВрдбрд┐рдпрд╛ рд╕реЗ рд╕реЗрдЯрд┐рдВрдЧ рдмрд╛рдЬрд╝реА рдЪрд▓ рд░рд╣реА рд╣реЛ рд╡рд░рдирд╛ рд╡реЛ рдЕрдкрдиреЗтАж,hi
"@Hi_iamSyed @RanaAyyub рдЕрдмреЗ рдЧрдзреЛ рд╣рд░ рд╡реЛ рдЗрдВрд╕рд╛рди рддреБрдореНрд╣рд╛рд░реА рдирдЬрд░ рдореЗрдВ рднрдХреНрдд рд╣реИрдВ, рдЬреЛ рдкрд╛рдХрд┐рд╕реНрддрд╛рди рдХреЛ рдЧрд╛рд▓реА рджреЗрддрд╛ рднрдХрддреЛ рдХрд╛ рднреЛрд╕рдбрд╛ рдФрд░ рддреБтАж https://t.co/jtDnrwKmGp",hi
RT @pipers__100: рдЬрдм рднреА рдЖрдк рджрд╛рд░реВ рдкреАрдиреЗ рдХреЗ рд▓рд┐рдП рдмреИрдареЛ рдЕрдкрдиреЗ рдЙрд╕ рджреЛрд╕реНрдд рдХреЛ рдХрднреА рдордд рдмреБрд▓рд╛рдирд╛ рдЬрд┐рд╕рдХреА рдХрд┐рд╕реА рд▓реМрдВрдбрд┐рдпрд╛ рд╕реЗ рд╕реЗрдЯрд┐рдВрдЧ рдмрд╛рдЬрд╝реА рдЪрд▓ рд░рд╣реА рд╣реЛ рд╡рд░рдирд╛ рд╡реЛ рдЕрдкрдиреЗтАж,hi
RT @pipers__100: рдЬрдм рднреА рдЖрдк рджрд╛рд░реВ рдкреАрдиреЗ рдХреЗ рд▓рд┐рдП рдмреИрдареЛ рдЕрдкрдиреЗ рдЙрд╕ рджреЛрд╕реНрдд рдХреЛ рдХрднреА рдордд рдмреБрд▓рд╛рдирд╛ рдЬрд┐рд╕рдХреА рдХрд┐рд╕реА рд▓реМрдВрдбрд┐рдпрд╛ рд╕реЗ рд╕реЗрдЯрд┐рдВрдЧ рдмрд╛рдЬрд╝реА рдЪрд▓ рд░рд╣реА рд╣реЛ рд╡рд░рдирд╛ рд╡реЛ рдЕрдкрдиреЗтАж,hi
@TeamPushpendra рднреЛрд╕рдбрд╝рд╛ рднрд╛рдИ,hi
RT @pipers__100: рдЬрдм рднреА рдЖрдк рджрд╛рд░реВ рдкреАрдиреЗ рдХреЗ рд▓рд┐рдП рдмреИрдареЛ рдЕрдкрдиреЗ рдЙрд╕ рджреЛрд╕реНрдд рдХреЛ рдХрднреА рдордд рдмреБрд▓рд╛рдирд╛ рдЬрд┐рд╕рдХреА рдХрд┐рд╕реА рд▓реМрдВрдбрд┐рдпрд╛ рд╕реЗ рд╕реЗрдЯрд┐рдВрдЧ рдмрд╛рдЬрд╝реА рдЪрд▓ рд░рд╣реА рд╣реЛ рд╡рд░рдирд╛ рд╡реЛ рдЕрдкрдиреЗтАж,hi
рддреЗрд░реА рдЕрдореНрдореА рдХрд╛ рднреЛрд╕рдбрд╝рд╛ рд╕рд╛рд▓реЗ рд╕реБрдЕрд░ рд╣рд░рд╛рдо рдХреА рдФрд▓рд╛рдж https://t.co/7WcUM0pqEC,hi
RT @Cpt_Psycho___: рдЖрддрдВрдХрд╡рд╛рдж рдкреИрджрд╛ рдХрд░рдиреЗ рд╡рд╛рд▓реЗ рд░рд╛рдЬреНрдп рдХреА рдорд╛рдБ рдХрд╛ рднреЛрд╕рдбрд╝рд╛ ред,hi
рдЖрддрдВрдХрд╡рд╛рдж рдкреИрджрд╛ рдХрд░рдиреЗ рд╡рд╛рд▓реЗ рд░рд╛рдЬреНрдп рдХреА рдорд╛рдБ рдХрд╛ рднреЛрд╕рдбрд╝рд╛ ред,hi
RT @Cpt_Psycho___: рдкрд╛рдХрд┐рд╕реНрддрд╛рди рд╕рдордерд░реНрдХ рдХреА рдореЙ рднреЛрд╕рдбрд╝рд╛ ред,hi
рдкрд╛рдХрд┐рд╕реНрддрд╛рди рд╕рдордерд░реНрдХ рдХреА рдореЙ рднреЛрд╕рдбрд╝рд╛ ред,hi
RT @Cpt_Psycho___: рдкрд╛рдХрд┐рд╕реНрддрд╛рди рдХреА рдорд╛рдБ рднреЛрд╕рдбрд╝рд╛ !,hi
рдкрд╛рдХрд┐рд╕реНрддрд╛рди рдХреА рдорд╛рдБ рднреЛрд╕рдбрд╝рд╛ !,hi
RT @pipers__100: рдЬрдм рднреА рдЖрдк рджрд╛рд░реВ рдкреАрдиреЗ рдХреЗ рд▓рд┐рдП рдмреИрдареЛ рдЕрдкрдиреЗ рдЙрд╕ рджреЛрд╕реНрдд рдХреЛ рдХрднреА рдордд рдмреБрд▓рд╛рдирд╛ рдЬрд┐рд╕рдХреА рдХрд┐рд╕реА рд▓реМрдВрдбрд┐рдпрд╛ рд╕реЗ рд╕реЗрдЯрд┐рдВрдЧ рдмрд╛рдЬрд╝реА рдЪрд▓ рд░рд╣реА рд╣реЛ рд╡рд░рдирд╛ рд╡реЛ рдЕрдкрдиреЗтАж,hi
рдЬрдм рднреА рдЖрдк рджрд╛рд░реВ рдкреАрдиреЗ рдХреЗ рд▓рд┐рдП рдмреИрдареЛ рдЕрдкрдиреЗ рдЙрд╕ рджреЛрд╕реНрдд рдХреЛ рдХрднреА рдордд рдмреБрд▓рд╛рдирд╛ рдЬрд┐рд╕рдХреА рдХрд┐рд╕реА рд▓реМрдВрдбрд┐рдпрд╛ рд╕реЗ рд╕реЗрдЯрд┐рдВрдЧ рдмрд╛рдЬрд╝реА рдЪрд▓ рд░рд╣реА рд╣реЛ рд╡рд░рдирд╛ рд╡реЛтАж https://t.co/mhcWtjCd7b,hi
@Being_Brahminn рдЗрд╕рдХреА рдорд╛ рдХрд╛ рднреЛрд╕рдбрд╝рд╛,hi
@AshrafFem рдЗрдирдХреЗ рдорд╛рдВ рдХрд╛ рднреЛрд╕рдбрд╝рд╛,hi
@Radhika_Khera рддреЗрд░реА рдорд╛рдВ рдХрд╛ рднреЛрд╕рдбрд╝рд╛,hi
@ashrafm28051760 @SmeerWankhede рддреЗрд░реА рдорд╛рдВ рдХреА рднреЛрд╕рдбрд╝рд╛ рдорд╛рдзрд╛рд░ рдЪреЛрдж,hi
@MdShami11 рдЬреЛ рд▓реЛрдЧ md рд╢рдореА рдХреЛ рдЧрд▓реА рджреЗ рдЙрд╕рдХреЗ рдорд╛рдВ рдХрд╛ рднреЛрд╕рдбрд╝рд╛,hi
@Ashpak_Khan_ @naveenjindalbjp рддреЗрд░реА рдорд╛ рдХрд╛ рднреЛрд╕рдбрд╝рд╛ рдирд╣реА рд╣реИ рдмрдЧреЗрд░ рднреЛрд╕рдбрд╝реЗ рдХреА рд╣реИ рддреВ рд╕реБрдЕрд░ рдкреЛрдЯреНрдЯреА рдХреЗ рд░рд╛рд╕реНрддреЗ рдЖрдпрд╛ рдХреНрдпрд╛ рдкреЛрдЯреНрдЯреА рдЦрд╛рдиреЗ рд╡рд╛рд▓рд╛,hi
"рд░рд╣реЛрдЧреЗ рдЦрд╛рдУрдЧреЗ рд╣рд┐рдВрджреБрд╕реНрддрд╛рди рдХреА рдФрд░ рдЧрд╛рдУрдЧреЗ рдкрд╛рдХрд┐рд╕реНрддрд╛рди рдХреА.....

рддреЗрд░реА рдорд╛рдВ рдХрд╛ рднреЛрд╕рдбрд╝рд╛ редредред

рддреЗрд░реА рдЕрдХрдбрд╝ рдореЗрд░реЗ рдкреИрд░реЛрдВ рдХреА рдзреВрд▓
рд╣рдо рдмрд┐рд╣рд╛рд░реАтАж https://t.co/ElpUg0kUa6",hi
@KapilMishra_IND @AwasthiAwanishK @shalabhmani @MrityunjayUP рдЗрди рд╕реБрдЕрд░реЛ рдХреА рдмрд╣рди рдХрд╛ рднреЛрд╕рдбрд╝рд╛,hi
"@Thug28772447 @pr45423391 @_garrywalia рддреБрдореНрд╣рд╛рд░реА рдордореНрдореА рдХрд╛ рднреА рд░рд┐рд▓реЗрдЯ рдХрд░реЛ 56 рдЗрдВрдЪ рднреЛрд╕рдбрд╝рд╛ рд╣реЛ рдЧрдпрд╛ рд╣реЛрдЧрд╛ ЁЯШВЁЯШВЁЯШВ рдЧреБрдлрд╛ рдореЗрдВ рдЬрд╛рдХрд░ ,тАж https://t.co/TX8EDlYIAX",hi
@ActivistVed рд╕реБрди рдмреЗ рднреЛрд╕рдбрд╝рд╛ рдХреЗ рддрдореАрдЬ рд╕реЗ рдмрд╛рдд рдХрд░ рдмреНрд░рд╛рд╣реНрдордг  рдХреЗ рдореВрдд рд╣реА рд╣реЛ рддреБрдо рд╕рдм,hi
@userbihariamar рдирд╣реАрдВ рдкрд╛рдХрд┐рд╕реНрддрд╛рди рдХреА рдорд╛рдВ рдХрд╛ рднреЛрд╕рдбрд╝рд╛ рдХреА рд╡рдЬрд╣ рд╕реЗ рдореВрдб рдЦрд░рд╛рдм рд╣реЛ рдЧрдпрд╛ рдерд╛,hi
@ashutosh83B @imVkohli рднреЛрд╕рдбрд╝рд╛ рдХреЗ рдЬреЛ рдХрд▓ рдкрд╛рдХрд┐рд╕реНрддрд╛рди рдХреЗ рдЬреАрдд рдкреЗ рдкрдЯрд╛рдЦреЗ рдлреЛрдбрд╝ рд░рд╣реЗ рдереЗ рдЙрд╕рдкреЗ рднреА рдмреЛрд▓ рджреЗ рдЙрди рдЧрджреНрджрд╛рд░реЛрдВ рдХреЛ рдпрд╛ рддреБрдЭреЗ рдкрд╕рдВрдж рдереЗ рд╡реЛ рдЧрджреНрджрд╛рд░,hi
"RT @KappilKapoor: рд▓реЛрдЧ рдХрдИ рддрд░рд╣ рд╕реЗ рдЦрд┐рд▓рд╛рдбрд╝рд┐рдпреЛрдВ рдХреА рдЖрд▓реЛрдЪрдирд╛ рдХрд░рдиреЗ рдореЗрдВ рд▓рдЧреЗ рд╣реИрдВ,рдЦреЗрд▓ рдЕрдкрдиреА рдкреНрд░рддрд┐рднрд╛ рдХреЛ рдирд┐рдЦрд╛рд░рдиреЗ рдХрд╛ рдЦреЗрд▓ рд╣реЛрддрд╛ рд╣реИ рдЦрд┐рд▓рд╛рдбрд╝реА рдЕрдкрдиреА рдкреНрд░рддрд┐рднрд╛рдУрдВ рдХрд╛тАж",hi
"@FaceOfKingKhan рдП рд▓рд╡рдбреНрдпрд╛,рддреБрдЭреНрдпрд╛ рдЖрдпрдЪрд╛ рднреЛрд╕рдбрд╛ рдорд╛рджрд░рдЪреЛрдж",mr
"рд▓реЛрдЧ рдХрдИ рддрд░рд╣ рд╕реЗ рдЦрд┐рд▓рд╛рдбрд╝рд┐рдпреЛрдВ рдХреА рдЖрд▓реЛрдЪрдирд╛ рдХрд░рдиреЗ рдореЗрдВ рд▓рдЧреЗ рд╣реИрдВ,рдЦреЗрд▓ рдЕрдкрдиреА рдкреНрд░рддрд┐рднрд╛ рдХреЛ рдирд┐рдЦрд╛рд░рдиреЗ рдХрд╛ рдЦреЗрд▓ рд╣реЛрддрд╛ рд╣реИ рдЦрд┐рд▓рд╛рдбрд╝реА рдЕрдкрдиреА рдкреНрд░рддрд┐рднрд╛тАж https://t.co/PAf3VoyN3V",hi
@iamFirki рдЙрд╕рдХреА рдорд╛рдВ рдХрд╛ рднреЛрд╕рдбрд╝рд╛ ЁЯМЭ,hi
"рдЙрдирдХреА рдорд╛рдБ рдХрд╛ рднреЛрд╕рдбрд╝рд╛ рд╕рд╛рд▓реЗ рдЕрдВрдЧреНрд░реЗрдЬрд╝реЛ рдХреЗ рдФрд▓рд╛рдж рдЬреЛ 
рд╢рд╛рдореА рднрд╛рдИ рдкрд░ рдКрдБрдЧрд▓реА рдЙрдард╛рдпреЗ   рдЕрдВрдбрднрдХреНрдд рднреЛрд╕рдбреАрдХреЗ
#WeproudtobeanindianMuslimтАж https://t.co/IozyphmJdz",hi
"рдкрд╛рдХрд┐рд╕реНрддрд╛рди рдХреА рдорд╛рдБ рдХрд╛ рднреЛрд╕рдбрд╝рд╛..
ЁЯШВЁЯШВ",hi
"@ShkhRasheed @GovtofPakistan @ImranKhanPTI рдЗрд╕ рдореИрдЪ рд╕реЗ рдкрд╣рд▓реЗ рдкрд╛рдХрд┐рд╕реНрддрд╛рди рдХреА рдЯреАрдо
 рднрд╛рд░рдд рдХреА рдЯреАрдо рд╕реЗ 12 рдмрд╛рд░ рд╣рд╛рд░ рдЪреБрдХреА рд╣реИ
рдкрд╛рдХрд┐тАж https://t.co/wMg54Gmwq9",hi
@ippatel @imVkohli рддреЗрд░реА рдорд╛рдХрд╛ рднреЛрд╕рдбрд╝рд╛......... рддреЗрд░реА рдорд╛рдХрд╛ рд▓рдВрдж.............. рднреЛрд╕рдбреАрдХреЗ......ЁЯЦХЁЯЦХЁЯЦХ,hi
@JAfridi10 рдкрд╛рдХрд┐рд╕реНрддрд╛рди рдХреА рдорд╛рдБ рдХрд╛ рднреЛрд╕рдбрд╝рд╛,hi
@ShayarImran @INCMinority рддреЗрд░реА рдорд╛рдВ рднреЛрд╕рдбрд╝рд╛ рдЪрд╛рдЯ рд╣рдореЗрдВ рддреЗрд░реЗ рдЬреИрд╕реЗ рд▓реЛрдЧреЛрдВ рд╕реЗ рдЬреНрдЮрд╛рди рдХрд┐ рдЬрд░реВрд░рдд рдирд╣реАрдВ рд╣реИ,hi
@SumitSharmaBJP @ArvindKejriwal рдЬреЛ рдкрдЯрд╛рдЦрд╛ foрдбрд╝рд╛ рд╣реИ рдЙрд╕рдХреА рдорд╛рдВ рдХрд╛ рднреЛрд╕рдбрд╝рд╛ЁЯЪйЁЯЪйЁЯЪй,hi
@AtulAdlaw рднреЛрд╕рдбрд╝рд╛ рдХреЗ рддрдореАрдЬ m rh,hi
@BINODANDKUMAR @sambitswaraj рддреЗрд░рд╛ рджрд╛рдИ рд▓рд╛ рднреЛрд╕рдбрд╝рд╛ рджрд┐рдЦрд▓реЗ рдмрд╛рдиреАред,hi
@pakistan_untold рддреБрдореНрд╣рд╛рд░реЗ рдорд╛рдБ рдХрд╛ рднреЛрд╕рдбрд╝рд╛,hi
"рддреЗрд░реА рдорд╛рдБ рдХрд╛ рднреЛрд╕рдбрд╛ редред 
@ShkhRasheed https://t.co/dqLXGu7ANb",hi
@KapilMishra_IND рдХреЛрд╣рд▓реАрдХреА ... рдХрд╛ рднреЛрд╕рдбрд╝рд╛ @imVkohli,hi
"@Radhika_Khera рдмрд╣рди рдХреА рд▓реМрдВрдбреА    рдЗрдВрдбрд┐рдпрд╛ рд╣рд╛рд░реА рд╣реИред рдХреЛрдИ рдкрд╛рд░реНрдЯреА рдирд╣реА рдЬреЛ рддреЗрд░реА рдЧрд╛рдВрдбрд╝ рдлреВрд▓ рд░рд╣реА рд╣реИ 
рддреБрдЭ рдЬреИрд╕реА рдХреЗ рд▓рд┐рдП рдпреЗ рдЬрдЧрд╣ рд╕рд╣реАтАж https://t.co/ikOIIO0v3C",hi
"рднреЛрд╕рдбреА рдХреЗ рдореМрд▓рд╛рдирд╛ рдкрд╛рдХ рдХреА рдЬреАрдд рдкрд░ рдХреНрдпреЛ рдЦреБрд╢ рд╣реЛ рд░рд╣рд╛ рд╣реИ 
рдкрд╛рдХ рдХреА рдорд╛ рдХрд╛ рднреЛрд╕рдбрд╛
рд╕рдордЭрд╛ рдореБрд▓реНрд▓рд╛ https://t.co/QKiGa8mdU0",hi
RT @AheerBjp: рд▓реЛрдЧ рдХрдИ рддрд░рд╣ рд╕реЗ рдЦрд┐рд▓рд╛рдбрд╝рд┐рдпреЛрдВ рдХреА рдЖрд▓реЛрдЪрдирд╛ рдХрд░рдиреЗ рдореЗрдВ рд▓рдЧреЗ рд╣реИрдВрдХреЛрдИ рднреА рдЦреЗрд▓ рдЕрдкрдиреА рдкреНрд░рддрд┐рднрд╛ рдХреЛ рдирд┐рдЦрд╛рд░рдиреЗ рдХрд╛ рдЦреЗрд▓ рд╣реЛрддрд╛ рд╣реИ рдЦрд┐рд▓рд╛рдбрд╝реА рдЕрдкрдиреА рдкреНрд░рддрд┐рднрд╛рдУрдВтАж,hi
@imVkohli рддреЗрд░реА рдордХрд╛ рднреЛрд╕рдбрд╝рд╛ рд╡рд┐рд░рд╛рдЯ рдХреЛрд╣рд▓реА,hi
"@RanaAyyub рдЬрдм рдирд╣реАрдВ рдерд╛ рдзреЛрдиреА рддреЛ 
рд╣реЛрдиреА рдереА рдЕрдирд╣реЛрдиреА ЁЯдХЁЯЩЖЁЯП╗тАНтЩВя╕П рд╢рд░реНрдордирд╛рдХ рд╣рд╛рд░ ЁЯШТ
рдкрд╛рдХрд┐рд╕реНрддрд╛рди рдХрд┐ рдорд╛рдВ рдХрд╛ рддрд┐рди рдЪрд╛рд░ рдмрд╛рд░ рднреЛрд╕рдбрд╝рд╛ ЁЯЩИЁЯШЭ",hi
RT @AreSunoTo: @ReaI_buddha рдкрд╛рдХрд┐рд╕реНрддрд╛рди рдХреА рдЕрдореНрдореА рдХрд╛ рднреЛрд╕рдбрд╝рд╛. ЁЯЗоЁЯЗ│ЁЯЪй,hi
@ReaI_buddha рдкрд╛рдХрд┐рд╕реНрддрд╛рди рдХреА рдЕрдореНрдореА рдХрд╛ рднреЛрд╕рдбрд╝рд╛. ЁЯЗоЁЯЗ│ЁЯЪй,hi
"RT @AngryBird_5000: рдЕрд░реЗ рднреЛрд╕рдбрд╛ рдпрд╛рдВрдЪрд╛
рд╣реНрдпрд╛рдВрдирд╛ рдмрд╛рдкрд╛рдиреЗ рдЕрд╢рд╛ рдореЕрдЪ рдХрд╛рдврд▓реНрдпрд╛ рд╣реЛрддреНрдпрд╛ ЁЯШд",mr
"It's a part of game
рдЕрд░реЗ рдорд╛рдВ рдХрд╛ рднреЛрд╕рдбрд╝рд╛ рддреБрдореНрд╣рд╛рд░реА,
рдЙрдиреНрд╣реЛрдВрдиреЗ рдЕрдЪреНрдЫрд╛ рдЦреЗрд▓рд╛ рддреЛ рддреБрдо рдХреНрдпрд╛ рдЕрдкрдиреА рдорд╛рдВ рдЪреБрджреНрд╡рд╛рдиреЗ рдЧрдП рдереЗ
ЁЯШВЁЯШЕЁЯдг
#TeamIndia",hi
"It's a part of game
рдЕрд░реЗ рдорд╛рдВ рдХрд╛ рднреЛрд╕рдбрд╝рд╛ рддреБрдореНрд╣рд╛рд░реА,
рдЙрдиреНрд╣реЛрдВрдиреЗ рдЕрдЪреНрдЫрд╛ рдЦреЗрд▓рд╛ рддреЛ рддреБрдо рдХреНрдпрд╛ рдЕрдкрдиреА рдорд╛рдВ рдЪреБрджреНрд╡рд╛рдиреЗ рдЧрдП рдереЗ
ЁЯШВЁЯШЕЁЯдг
#TeamIndia",hi
"рдмрд┐рд╣рд╛рд░ рдореЗрдВ рд╣реИ рд░реЛрд╕рдбрд╝рд╛ 
рдХрдЯреБрдУ рдХреА рдорд╛рдВ рдХрд╛ рднреЛрд╕рдбрд╝рд╛",hi
рд▓реЛрдЧ рдХрдИ рддрд░рд╣ рд╕реЗ рдЦрд┐рд▓рд╛рдбрд╝рд┐рдпреЛрдВ рдХреА рдЖрд▓реЛрдЪрдирд╛ рдХрд░рдиреЗ рдореЗрдВ рд▓рдЧреЗ рд╣реИрдВрдХреЛрдИ рднреА рдЦреЗрд▓ рдЕрдкрдиреА рдкреНрд░рддрд┐рднрд╛ рдХреЛ рдирд┐рдЦрд╛рд░рдиреЗ рдХрд╛ рдЦреЗрд▓ рд╣реЛрддрд╛ рд╣реИ рдЦрд┐рд▓рд╛рдбрд╝реА рдЕрдкрдиреАтАж https://t.co/UiVea0x0Qf,hi
@anuraagmuskaan рджрд┐рдорд╛рдЧ рдХрд╛ рднреЛрд╕рдбрд╝рд╛ Mt kro yar,hi
@SamiaRQazi рдлрд┐рд░ рднреА рдкрд╛рдХрд┐рд╕реНрддрд╛рди рдХреА рдорд╛рдВ рдХрд╛ рднреЛрд╕рдбрд╝рд╛,hi
@lob_ju рдФрд░ рднрд╛рдВрдЧ рднреЛрд╕рдбрд╝рд╛ рдХрд╣реАрдВ рдХреЗред,hi
@imVkohli @Pinterest рддреЗрд░реА рдорд╛рдВ рдХрд╛ рднреЛрд╕рдбрд╝рд╛ рдо****** рд╕рд╡рд╛рд░реА рдХреЗ рд▓реЛрдбрд╝реЗ рдореЗрдВ рдерд╛,hi
"рдЗрдВрдбрд┐рдпрд╛ рдЯреАрдо рдХреА рдорд╛рдВ рдХрд╛ рднреЛрд╕рдбрд╝рд╛,рдпреЗ рдкреИрд╕реЗ рд╡рд╛рд▓реА рдЯреАрдо рдирд╣реА рдЪрд╛рд╣рд┐рдП рджреЗрд╢ рдХреЛ рдЗрдирдХреЛ рдмреЛрд▓реЛ рдЗрддрдирд╛ рдмрдбрд╝рд╛ рджреЗрд╢ рдЦрд┐рд▓рд╛рдбрд╝реА рдЦреЛрдЬреЗ ,рд░реЛрд╣рд┐рдд рднреЛрдВрд╕рдбрд╝реАтАж https://t.co/wGxMs7C7Ax",hi
рднрд╛рдЧ рднреЛрд╕рдбрд╝рд╛ рдХреЗ рдЪреЛрджреБ.......,hi
рд░рд╢рд┐рдж рд▓рддреАрдлрд╝ рдХреА рдЕрдореНрдорд╛ рдХрд╛ рднреЛрд╕рдбрд╝рд╛!,hi
"рдЬрд░реВрд░реА рд╕реВрдЪрдирд╛

рднрд╛рд░рдд рдФрд░ рдкрд╛рдХрд┐рд╕реНрддрд╛рди рдХреЗ рдореИрдЪ рдореЗрдВ рдЕрдкрдирд╛ рд╕рдпрдВрдо рдмрдирд╛рдпреЗ рд░рдЦреЗред
рд╣рд╛рд░ рдпрд╛ рдЬреАрдд рд╣реЛрдиреЗ рдкрд░ рдЦреБрд╢реА рдпрд╛ рджреБрдЦ рдореЗрдВ рдХреЛрдИ рдЕрдиреБрдЪрд┐рдд рдХрд╛рд░реНрдптАж https://t.co/e6W1HB14EC",hi
"@kunalkamra88 рдХреБрдгрд╛рд▓

рддреЗрд░реА рдорд╛ рдХрд╛ рднреЛрд╕рдбрд╝рд╛",hi
RT @debasis_patnaik: @nobita_org рджрд┐рдЦрдиреЗрдореЗ рдХреИрд╕рд╛ рд╣реИ рдкрд╛рдХрд┐рд╕реНрддрд╛рди  рдХреА рдЕрдореНрдореА рдХрд╛ рднреЛрд╕рдбрд╛? рдХреГрдкрдпрд╛ рдмреНрдпрд╛рдЦреНрдпрд╛ рдХрд░реЗрдВ ЁЯШЬ,hi
@nobita_org рджрд┐рдЦрдиреЗрдореЗ рдХреИрд╕рд╛ рд╣реИ рдкрд╛рдХрд┐рд╕реНрддрд╛рди  рдХреА рдЕрдореНрдореА рдХрд╛ рднреЛрд╕рдбрд╛? рдХреГрдкрдпрд╛ рдмреНрдпрд╛рдЦреНрдпрд╛ рдХрд░реЗрдВ ЁЯШЬ,hi
рдЗрд╕ рдХреА рдорд╛рдВ рднреЛрд╕рдбрд╛ рдЪрд╛рд░ рджрд┐рди рдкрд╣рд▓реЗ рд╣рдо рд╣рд┐рдиреНрджреВ рдУ рдХреЛ рдЕрдкрдирд╛ рдЕрдЧрдпрд╛рди рдмрд╛рдЯ рддрд╛ рдерд╛ https://t.co/FUGwZ2u3HI,hi
@gurjarmama1 рднрд╛рдВрдЧ рднреЛрд╕рдбрд╝рд╛редред,hi
@shivbhakt_M15 рдореЕрдЪреАрдЪрд╛ рднреЛрд╕рдбрд╛ рдХреЗрд▓рд╛рдп,mr
рдХреЛрд╣рд▓реА рдХреА рдЕрдиреБрд╖реНрдХрд╛ рдХрд╛ рднреЛрд╕рдбрд╝рд╛ рдореИрдЪ рд╣рд░рд╡рд╛ рджрд┐рдпрд╛ рд╕рд╛рд▓реЗ рдиреЗ ЁЯдмЁЯдмЁЯСИ,hi
@babarazam258 @GymArmourPK рддреЗрд░реА рдЕрдореНрдореА рдХреА рдЕрдореНрдореА рдХрд╛ рднреЛрд╕рдбрд╝рд╛ рдорд╛рджреНрд░рдЪреЛрдж рдмрд╛рдмрд░ рдЖрдЬрдо рдкрд╛рдХрд┐рд╕реНрддрд╛рдиреА ред рднрд╛рдЧ рднреЛрдВрд╕рдбрд╝реА рдХреЗред,hi
@lob_ju рднрд╛рдЧ рднреЛрд╕рдбрд╝рд╛,hi
рддреБрдореНрд╣рд╛рд░реА рдорд╛рдВ рдХреА рднреЛрд╕рдбрд╝рд╛ рдкрд╛рдХрд┐рд╕реНрддрд╛рди рд╡рд╛рд▓реЛ,hi
@lob_ju рдЖрдЬ рддреЛ рдмрд╣рд┐рдиреНрдирдЪреЛрдб рднрд╛рдВрдЧ рдХрд╛ рднреЛрд╕рдбрд╝рд╛ рд╣реЛ рдЧрдпрд╛ рд░реЗреЗ......,hi
"RT @AngryBird_5000: рдЕрд░реЗ рднреЛрд╕рдбрд╛ рдпрд╛рдВрдЪрд╛
рд╣реНрдпрд╛рдВрдирд╛ рдмрд╛рдкрд╛рдиреЗ рдЕрд╢рд╛ рдореЕрдЪ рдХрд╛рдврд▓реНрдпрд╛ рд╣реЛрддреНрдпрд╛ ЁЯШд",mr
"рдЕрд░реЗ рднреЛрд╕рдбрд╛ рдпрд╛рдВрдЪрд╛
рд╣реНрдпрд╛рдВрдирд╛ рдмрд╛рдкрд╛рдиреЗ рдЕрд╢рд╛ рдореЕрдЪ рдХрд╛рдврд▓реНрдпрд╛ рд╣реЛрддреНрдпрд╛ ЁЯШд",mr
"рднрд╛рд░рдд рдЖрддрдВрдХрд╡рд╛рджреА рд╕рдВрдЧрдарди рд▓рд╢реНрдХрд░-рдП-рддреИрдпрдмрд╛ рдХреА рдФрд░ рд╕реЗ рд╣рд╛рд░рдиреЗ рдХреА рдФрд░ рд╣рдореЗрдВ рдмрд╣реБрдд рджреБрдЦ рд╣реЛ рд░рд╣рд╛ рд╣реИред
ЁЯШФЁЯШФЁЯШФЁЯШФЁЯШФЁЯШФЁЯШФЁЯШФЁЯШФЁЯШФЁЯШФЁЯШФ

рддреЛ рднреА рддреБрдо рд▓реЛрдЧреЛрдВ рдХреА рдорд╛рдВ рдХрд╛ рднреЛрд╕рдбрд╝рд╛ ред",hi
"RT @Sauravs25097685: Forever ЁЯШН

#рдкрд╛рдХрд┐рд╕реНрддрд╛рди_рддреЗрд░реА_рдорд╛_рдХрд╛_рднреЛрд╕рдбрд╝рд╛
#pkmkb https://t.co/JVbJkHg8Yn",en
@AdityaRajKaul рдкрд╛рдХрд┐рд╕реНрддрд╛рди рдХреА рдорд╛рдВ рдХрд╛ рднреЛрд╕рдбрд╝рд╛ рдЪрд╛рд╣рд┐рдП ЁЯШЭ,hi
"RT @Rajrrsingh: рд╣рд╛рдБ рддреЛ рдкрд╛рдХрд┐рд╕реНрддрд╛рдирд┐рдпреЛ рддреБрдореНрд╣рд╛рд░реА рдорд╛рдБ рдХрд╛ рднреЛрд╕рдбрд╝рд╛
рд╣рдорд╛рд░реА рдмрд▓реНрд▓реЗрдмрд╛рдЬреА рджреЗрдЦ рдЪреБрдХреЗ рдЕрдм рдЧреЗрдВрджрдмрд╛рдЬреА рджреЗрдЦреЛ

#INDvPAK",hi
RT @RowdyTalks: рднреЛрд╕рдбрд╝рд╛ рдлрд╛рдбрд╝ рджреЗ рдЗрди рднреЛрд╕рдбрд╝реАрд╡рд╛рд▓реЛрдВ рдХрд╛ рдкрдВрдд,hi
"рд╣рд╛рдБ рддреЛ рдкрд╛рдХрд┐рд╕реНрддрд╛рдирд┐рдпреЛ рддреБрдореНрд╣рд╛рд░реА рдорд╛рдБ рдХрд╛ рднреЛрд╕рдбрд╝рд╛
рд╣рдорд╛рд░реА рдмрд▓реНрд▓реЗрдмрд╛рдЬреА рджреЗрдЦ рдЪреБрдХреЗ рдЕрдм рдЧреЗрдВрджрдмрд╛рдЬреА рджреЗрдЦреЛ

#INDvPAK",hi
RT @RowdyTalks: рднреЛрд╕рдбрд╝рд╛ рдлрд╛рдбрд╝ рджреЗ рдЗрди рднреЛрд╕рдбрд╝реАрд╡рд╛рд▓реЛрдВ рдХрд╛ рдкрдВрдд,hi
RT @RowdyTalks: рднреЛрд╕рдбрд╝рд╛ рдлрд╛рдбрд╝ рджреЗ рдЗрди рднреЛрд╕рдбрд╝реАрд╡рд╛рд▓реЛрдВ рдХрд╛ рдкрдВрдд,hi
@pra_tea_k рдЗрди рдмрд╛рд╕реБрд░реАрд╡рд╛рд▓реЛ рдкрд░ рдкреВрд░рд╛ рднреЛрд╕рдбрд╝рд╛ рд╣реИ рднрд╛рдИ,hi
рднреЛрд╕рдбрд╝рд╛ рдлрд╛рдбрд╝ рджреЗ рдЗрди рднреЛрд╕рдбрд╝реАрд╡рд╛рд▓реЛрдВ рдХрд╛ рдкрдВрдд,hi
RT @gumnaamsa: рдкрд╛рдХрд┐рд╕реНрддрд╛рди рдХреА рдорд╛рдБ рдХрд╛ рднреЛрд╕рдбрд╝рд╛,hi
рдкрд╛рдХрд┐рд╕реНрддрд╛рди рдХреА рдорд╛рдБ рдХрд╛ рднреЛрд╕рдбрд╝рд╛,hi
RT @RowdyTalks: рдЕрдлрд╝реНрд░реАрджреА рдХреА рдорд╛рдБ рдХрд╛ рднреЛрд╕рдбрд╝рд╛,hi
RT @RowdyTalks: рдорд╛рдБ рдХрд╛ рднреЛрд╕рдбрд╝рд╛ ЁЯШбЁЯШбЁЯШбЁЯШбЁЯШбЁЯШбЁЯШбЁЯШбЁЯШбЁЯШбЁЯШбЁЯШбтЭМтЭМтЭМтЭМтЭМтЭМтЭМтЭМтЭМтЭМтЭМтЭМ,hi
рдорд╛рдБ рдХрд╛ рднреЛрд╕рдбрд╝рд╛ ЁЯШбЁЯШбЁЯШбЁЯШбЁЯШбЁЯШбЁЯШбЁЯШбЁЯШбЁЯШбЁЯШбЁЯШбтЭМтЭМтЭМтЭМтЭМтЭМтЭМтЭМтЭМтЭМтЭМтЭМ,hi
@RowdyTalks рдмрд╕ рдЖрдЦрд┐рд░реА рддрдХ рдЦреЗрд▓ рджреЗ рдЗрдирдХреА рдЕрдореНрдореА рдХрд╛ рднреЛрд╕рдбрд╝рд╛ рдХрд░ рджреЗ рдЖрдЬЁЯТеЁЯТеЁЯТе,hi
@RanaAyyub рдкрд╛рдХрд┐рд╕реНрддрд╛рди рдХреА рдЕрдореНрдореА рдХрд╛ рднреЛрд╕рдбрд╝рд╛,hi
"рдЕрдлрд░реАрджреА рдХреА рдорд╛рдБ рдХрд╛ рднреЛрд╕рдбрд╝рд╛...
#INDvPAK",hi
"RT @Thaakurshaanu: рдЕрдлрд╝реНрд░реАрджреА рдХреА рдорд╛рдБ рдХрд╛ рднреЛрд╕рдбрд╝рд╛

#INDvPAK 
#indiaVsPakistan 
#T20WorldCup2021",hi
"рдЕрдлрд╝реНрд░реАрджреА рдХреА рдорд╛рдБ рдХрд╛ рднреЛрд╕рдбрд╝рд╛

#INDvPAK 
#indiaVsPakistan 
#T20WorldCup2021",hi
"RT @imabhirajbana: рдкрд╛рдХрд┐рд╕реНрддрд╛рди рдХреА рдорд╛рдБ рдХрд╛ рднреЛрд╕рдбрд╝рд╛ ЁЯдШ

рд╕рдЪреНрдЪреЗ рднрд╛рд░рддреАрдп рд╣реИ рддреЛ рдЯреНрд╡реАрдЯ рджреЗрдЦрддреЗ рд╣реА RT рдХрд░реЗ 
#IndvsPak",hi
"RT @imabhirajbana: рдкрд╛рдХрд┐рд╕реНрддрд╛рди рдХреА рдорд╛рдБ рдХрд╛ рднреЛрд╕рдбрд╝рд╛ ЁЯдШ

рд╕рдЪреНрдЪреЗ рднрд╛рд░рддреАрдп рд╣реИ рддреЛ рдЯреНрд╡реАрдЯ рджреЗрдЦрддреЗ рд╣реА RT рдХрд░реЗ 
#IndvsPak",hi
"RT @imabhirajbana: рдкрд╛рдХрд┐рд╕реНрддрд╛рди рдХреА рдорд╛рдБ рдХрд╛ рднреЛрд╕рдбрд╝рд╛ ЁЯдШ

рд╕рдЪреНрдЪреЗ рднрд╛рд░рддреАрдп рд╣реИ рддреЛ рдЯреНрд╡реАрдЯ рджреЗрдЦрддреЗ рд╣реА RT рдХрд░реЗ 
#IndvsPak",hi
RT @RowdyTalks: рдЕрдлрд╝реНрд░реАрджреА рдХреА рдорд╛рдБ рдХрд╛ рднреЛрд╕рдбрд╝рд╛,hi
RT @RowdyTalks: рдкрд╛рдХрд┐рд╕реНрддрд╛рди рдХреА рдорд╛рдБ рдХрд╛ рднреЛрд╕рдбрд╝рд╛...,hi
RT @RowdyTalks: рдЕрдлрд╝реНрд░реАрджреА рдХреА рдорд╛рдБ рдХрд╛ рднреЛрд╕рдбрд╝рд╛,hi
RT @RowdyTalks: рдЕрдлрд╝реНрд░реАрджреА рдХреА рдорд╛рдБ рдХрд╛ рднреЛрд╕рдбрд╝рд╛,hi
рдЕрдлрд╝реНрд░реАрджреА рдХреА рдорд╛рдБ рдХрд╛ рднреЛрд╕рдбрд╝рд╛,hi
RT @RowdyTalks: рдкрд╛рдХрд┐рд╕реНрддрд╛рди рдХреА рдорд╛рдБ рдХрд╛ рднреЛрд╕рдбрд╝рд╛...,hi
RT @RowdyTalks: рдкрд╛рдХрд┐рд╕реНрддрд╛рди рдХреА рдорд╛рдБ рдХрд╛ рднреЛрд╕рдбрд╝рд╛...,hi
рддреБрдореНрд╣рд╛рд░реА рдорд╛рдБ рдХрд╛ рднреЛрд╕рдбрд╝рд╛ ЁЯШбЁЯШб https://t.co/9mjTIhfH3I,hi
"RT @imabhirajbana: рдХреГрдкрдпрд╛ рдЬрд┐рдиреНрд╣реЗрдВ рдЧрд╛рд▓реА рдЧрд▓реМрдЬ рдпрд╛ рдХреНрд░рд┐рдХреЗрдЯ рдЯреНрд╡реАрдЯреНрд╕ рд╕реЗ рдкреНрд░реЙрдмреНрд▓рдо рд╣реИ рд╡реЛ рдЕрдкрдиреА рдЧреБрджрд╛ рдпрд╣рд╛рдВ рд╕реЗ рдХрд╣реА рдФрд░ рд▓реЗ рдЬрд╛рдпреЗ , рдЖрдЬ рдЕрдорди рдХреА рдЖрд╢рд╛ рдХреА рдЧрд╛рдБрдб рдорд╛тАж",hi
"RT @imabhirajbana: рдкрд╛рдХрд┐рд╕реНрддрд╛рди рдХреА рдорд╛рдБ рдХрд╛ рднреЛрд╕рдбрд╝рд╛ ЁЯдШ

рд╕рдЪреНрдЪреЗ рднрд╛рд░рддреАрдп рд╣реИ рддреЛ рдЯреНрд╡реАрдЯ рджреЗрдЦрддреЗ рд╣реА RT рдХрд░реЗ 
#IndvsPak",hi
"рдЧрд░реНрд╡ рд╕реЗ рдХрд╣реЛ рдкрд╛рдХрд┐рд╕реНрддрд╛рди рдХреА рдорд╛рдБ рдХрд╛ рднреЛрд╕рдбрд╝рд╛
#PKMKB #INDvPAK",hi
RT @SaffronAnil: рдкрд╛рдХрд┐рд╕реНрддрд╛рди рдХреА рдорд╛рдБ рдХрд╛ рднреЛрд╕рдбрд╝рд╛.........,hi
"рдкрд╛рдХрд┐рд╕реНрддрд╛рди рдХреА рдорд╛рдБ рдХрд╛ рднреЛрд╕рдбрд╝рд╛
рдкрд╛рдХрд┐рд╕реНрддрд╛рди рдХреА рдорд╛рдБ рдХрд╛ рднреЛрд╕рдбрд╝рд╛
рдкрд╛рдХрд┐рд╕реНрддрд╛рди рдХреА рдорд╛рдБ рдХрд╛ рднреЛрд╕рдбрд╝рд╛
рдкрд╛рдХрд┐рд╕реНрддрд╛рди рдХреА рдорд╛рдБ рдХрд╛ рднреЛрд╕рдбрд╝рд╛
рдкрд╛рдХрд┐тАж https://t.co/XQlDf0qAcK",hi
RT @RowdyTalks: рдкрд╛рдХрд┐рд╕реНрддрд╛рди рдХреА рдорд╛рдБ рдХрд╛ рднреЛрд╕рдбрд╝рд╛...,hi
рдкрд╛рдХрд┐рд╕реНрддрд╛рди рдХреА рдорд╛рдБ рдХрд╛ рднреЛрд╕рдбрд╝рд╛.........,hi
рдкрд╛рдХрд┐рд╕реНрддрд╛рди рдХреА рдорд╛рдБ рдХрд╛ рднреЛрд╕рдбрд╝рд╛...,hi
"RT @imabhirajbana: рдкрд╛рдХрд┐рд╕реНрддрд╛рди рдХреА рдорд╛рдБ рдХрд╛ рднреЛрд╕рдбрд╝рд╛ ЁЯдШ

рд╕рдЪреНрдЪреЗ рднрд╛рд░рддреАрдп рд╣реИ рддреЛ рдЯреНрд╡реАрдЯ рджреЗрдЦрддреЗ рд╣реА RT рдХрд░реЗ 
#IndvsPak",hi
"RT @imabhirajbana: рдХреГрдкрдпрд╛ рдЬрд┐рдиреНрд╣реЗрдВ рдЧрд╛рд▓реА рдЧрд▓реМрдЬ рдпрд╛ рдХреНрд░рд┐рдХреЗрдЯ рдЯреНрд╡реАрдЯреНрд╕ рд╕реЗ рдкреНрд░реЙрдмреНрд▓рдо рд╣реИ рд╡реЛ рдЕрдкрдиреА рдЧреБрджрд╛ рдпрд╣рд╛рдВ рд╕реЗ рдХрд╣реА рдФрд░ рд▓реЗ рдЬрд╛рдпреЗ , рдЖрдЬ рдЕрдорди рдХреА рдЖрд╢рд╛ рдХреА рдЧрд╛рдБрдб рдорд╛тАж",hi
"RT @imabhirajbana: рдкрд╛рдХрд┐рд╕реНрддрд╛рди рдХреА рдорд╛рдБ рдХрд╛ рднреЛрд╕рдбрд╝рд╛ ЁЯдШ

рд╕рдЪреНрдЪреЗ рднрд╛рд░рддреАрдп рд╣реИ рддреЛ рдЯреНрд╡реАрдЯ рджреЗрдЦрддреЗ рд╣реА RT рдХрд░реЗ 
#IndvsPak",hi
"RT @imabhirajbana: рдкрд╛рдХрд┐рд╕реНрддрд╛рди рдХреА рдорд╛рдБ рдХрд╛ рднреЛрд╕рдбрд╝рд╛ ЁЯдШ

рд╕рдЪреНрдЪреЗ рднрд╛рд░рддреАрдп рд╣реИ рддреЛ рдЯреНрд╡реАрдЯ рджреЗрдЦрддреЗ рд╣реА RT рдХрд░реЗ 
#IndvsPak",hi
"@TheDeshBhakt @sudhirchaudhary рд╕рдмрд╕реЗ рдкрд╣рд▓реЗ рдЬрдп рд╢рд╛рд╣ рдХреЛ рдмреЛрд▓ рдХрд┐ рдЗрд╕реНрддреАрдлрд╛ рджреЗред
рднреЛрд╕рдбрд╝рд╛ chaudi ka bak bak bak bakar bakar pakar pakad pajar",und
"RT @imabhirajbana: рдкрд╛рдХрд┐рд╕реНрддрд╛рди рдХреА рдорд╛рдБ рдХрд╛ рднреЛрд╕рдбрд╝рд╛ ЁЯдШ

рд╕рдЪреНрдЪреЗ рднрд╛рд░рддреАрдп рд╣реИ рддреЛ рдЯреНрд╡реАрдЯ рджреЗрдЦрддреЗ рд╣реА RT рдХрд░реЗ 
#IndvsPak",hi
"RT @imabhirajbana: рдкрд╛рдХрд┐рд╕реНрддрд╛рди рдХреА рдорд╛рдБ рдХрд╛ рднреЛрд╕рдбрд╝рд╛ ЁЯдШ

рд╕рдЪреНрдЪреЗ рднрд╛рд░рддреАрдп рд╣реИ рддреЛ рдЯреНрд╡реАрдЯ рджреЗрдЦрддреЗ рд╣реА RT рдХрд░реЗ 
#IndvsPak",hi
"RT @imabhirajbana: рдкрд╛рдХрд┐рд╕реНрддрд╛рди рдХреА рдорд╛рдБ рдХрд╛ рднреЛрд╕рдбрд╝рд╛ ЁЯдШ

рд╕рдЪреНрдЪреЗ рднрд╛рд░рддреАрдп рд╣реИ рддреЛ рдЯреНрд╡реАрдЯ рджреЗрдЦрддреЗ рд╣реА RT рдХрд░реЗ 
#IndvsPak",hi
"RT @imabhirajbana: рдкрд╛рдХрд┐рд╕реНрддрд╛рди рдХреА рдорд╛рдБ рдХрд╛ рднреЛрд╕рдбрд╝рд╛ ЁЯдШ

рд╕рдЪреНрдЪреЗ рднрд╛рд░рддреАрдп рд╣реИ рддреЛ рдЯреНрд╡реАрдЯ рджреЗрдЦрддреЗ рд╣реА RT рдХрд░реЗ 
#IndvsPak",hi
@dhaikilokatweet Meme рдореЗрдВ рд▓рд┐рдЦреЗрдВрдЧреЗ рдкрд╛рдХрд┐рд╕реНрддрд╛рди рдХреА рдорд╛рдВ рдХрд╛ рднреЛрд╕рдбрд╝рд╛,hi
RT @DSatanHunter: рдкрд╛рдХрд┐рд╕реНрддрд╛рди рдХреА рдорд╛ рдХрд╛ рдмрдо рднреЛрд╕рдбрд╝рд╛ 1 2 3....рдкрд╛рдХрд┐рд╕реНрддрд╛рди рдХреА рдорд╛ рдХрд╛ рдмрдо рднреЛрд╕рдбрд╝рд╛ 1 2 3...!!,hi
"RT @imabhirajbana: рдкрд╛рдХрд┐рд╕реНрддрд╛рди рдХреА рдорд╛рдБ рдХрд╛ рднреЛрд╕рдбрд╝рд╛ ЁЯдШ

рд╕рдЪреНрдЪреЗ рднрд╛рд░рддреАрдп рд╣реИ рддреЛ рдЯреНрд╡реАрдЯ рджреЗрдЦрддреЗ рд╣реА RT рдХрд░реЗ 
#IndvsPak",hi
"RT @imabhirajbana: рдкрд╛рдХрд┐рд╕реНрддрд╛рди рдХреА рдорд╛рдБ рдХрд╛ рднреЛрд╕рдбрд╝рд╛ ЁЯдШ

рд╕рдЪреНрдЪреЗ рднрд╛рд░рддреАрдп рд╣реИ рддреЛ рдЯреНрд╡реАрдЯ рджреЗрдЦрддреЗ рд╣реА RT рдХрд░реЗ 
#IndvsPak",hi
"рдкрд╛рдХрд┐рд╕реНрддрд╛рди рдХреА рдорд╛рдБ рдХрд╛ рднреЛрд╕рдбрд╝рд╛ ЁЯдШ

рд╕рдЪреНрдЪреЗ рднрд╛рд░рддреАрдп рд╣реИ рддреЛ рдЯреНрд╡реАрдЯ рджреЗрдЦрддреЗ рд╣реА RT рдХрд░реЗ 
#IndvsPak",hi
RT @RowdyTalks: рдкрд╛рдХрд┐рд╕реНрддрд╛рди рдХреА рд▓реМрдВрдбрд┐рдпреЛрдВ рдХрд╛ рднреЛрд╕рдбрд╝рд╛ &gt; рдкрд╛рдХрд┐рд╕реНрддрд╛рди рдХреА рдорд╛рдБ рдХрд╛ рднреЛрд╕рдбрд╝рд╛,hi
рдкрд╛рдХрд┐рд╕реНрддрд╛рди рдХреА рдорд╛ рдХрд╛ рдмрдо рднреЛрд╕рдбрд╝рд╛ 1 2 3....рдкрд╛рдХрд┐рд╕реНрддрд╛рди рдХреА рдорд╛ рдХрд╛ рдмрдо рднреЛрд╕рдбрд╝рд╛ 1 2 3...!!,hi
"рдХреГрдкрдпрд╛ рдЬрд┐рдиреНрд╣реЗрдВ рдЧрд╛рд▓реА рдЧрд▓реМрдЬ рдпрд╛ рдХреНрд░рд┐рдХреЗрдЯ рдЯреНрд╡реАрдЯреНрд╕ рд╕реЗ рдкреНрд░реЙрдмреНрд▓рдо рд╣реИ рд╡реЛ рдЕрдкрдиреА рдЧреБрджрд╛ рдпрд╣рд╛рдВ рд╕реЗ рдХрд╣реА рдФрд░ рд▓реЗ рдЬрд╛рдпреЗ , рдЖрдЬ рдЕрдорди рдХреА рдЖрд╢рд╛ рдХреАтАж https://t.co/7ToCQQE9lx",hi
"@DeepaniSuneel @TeamSaath рдЪрд╛рд░ рдЪрд╡рдиреНрдиреА рдШреЛрдбрд╝реЗ рдкреЗ,
рдкрд╛рдХрд┐рд╕реНрддрд╛рди, рдЯреАрдо рд╕рд╛рде рдФрд░ рд╕реБрдиреАрд▓ рдореЗрд░реЗ рд▓реМрдбрд╝реЗ рдкреЗред

рдЕрдХрдмрд░ рдХрд╛ рдорд╣рд▓, рдмреАрд░рдмрд▓ рдХрд╛ рдЭреЛтАж https://t.co/MPQSZAEVK9",hi
@SatishK45198893 @OTRUSHIWAT @RahulGandhi рддреБрдЭреНрдпрд╛ рдЖрдпрдЪрд╛ рднреЛрд╕рдбрд╛,mr
RT @MUKESHK69524133: @Devendr22445768 @yadavakhilesh рдЗрд╕ рднреЛрд╕рдбрд╝рд╛ рд╡рд╛рд▓рд╛ рдХреЗ рдЧрд╛рдВрдб рдореЗрдВ рдЦреЛрдИрдЪрд╣рд╡рд╛ рдмрд╛рд╕ рдбрд╛рд▓ рдХреЗ рдлрд╛рдбрд╝ рджреЗ рд╢рд╛рд╕рди рдЕрдЦрд┐рд▓реЗрд╢ рдХ рд╕рд╛рд░ рднреЛрд╕рдбрд╝рд╛ рд╡рд╛рд▓реЗред,hi
@famoserdom @khamenei_ir рдорд╛рдВ рдХрд╛ рднреЛрд╕рдбрд╝рд╛ рддреЗрд░реА,hi
"рдЕрдм рдХреА рдмрд╛рд░ рдЫрдардареА рдмрд╛рд░ рдкрд╛рдХрд┐рд╕реНрддрд╛рди рдХреА рдорд╛рдВ рдХрд╛ рднреЛрд╕рдбрд╝рд╛ред
ЁЯЗоЁЯЗ│ How the josh ЁЯЗоЁЯЗ│",hi
@erbmjha рдкрд╛рдХрд┐рд╕реНрддрд╛рди рдХреА рдорд╛рдВ рдХрд╛ рднреМрд╕рдбрд╛,hi
@SirRaowlGandhi рдЗрдирдХреА рднреА рдорд╛ рдХрд╛ рднреЛрд╕рдбрд╝рд╛ рд░рд╣реЗрдЧрд╛,hi
RT @RowdyTalks: рдкрд╛рдХрд┐рд╕реНрддрд╛рди рдХреА рд▓реМрдВрдбрд┐рдпреЛрдВ рдХрд╛ рднреЛрд╕рдбрд╝рд╛ &gt; рдкрд╛рдХрд┐рд╕реНрддрд╛рди рдХреА рдорд╛рдБ рдХрд╛ рднреЛрд╕рдбрд╝рд╛,hi
RT @RowdyTalks: рдкрд╛рдХрд┐рд╕реНрддрд╛рди рдХреА рд▓реМрдВрдбрд┐рдпреЛрдВ рдХрд╛ рднреЛрд╕рдбрд╝рд╛ &gt; рдкрд╛рдХрд┐рд╕реНрддрд╛рди рдХреА рдорд╛рдБ рдХрд╛ рднреЛрд╕рдбрд╝рд╛,hi
@SirRaowlGandhi рд╕рд░ рдореБрдЭреЗ рдХреБрдЫ рдирд╣реА рд╕реБрдиреНрдирд╛ рдХреЗрд╡рд▓ рдкрдХрд┐рд╕реНрддрд╛рди рдХреА рдорд╛рдВ рдХрд╛ рднреЛрд╕рдбрд╝рд╛ рдХрд╣рдирд╛ рд╣реИЁЯШнЁЯШн,hi
RT @RowdyTalks: рдкрд╛рдХрд┐рд╕реНрддрд╛рди рдХреА рд▓реМрдВрдбрд┐рдпреЛрдВ рдХрд╛ рднреЛрд╕рдбрд╝рд╛ &gt; рдкрд╛рдХрд┐рд╕реНрддрд╛рди рдХреА рдорд╛рдБ рдХрд╛ рднреЛрд╕рдбрд╝рд╛,hi
RT @RowdyTalks: рдкрд╛рдХрд┐рд╕реНрддрд╛рди рдХреА рд▓реМрдВрдбрд┐рдпреЛрдВ рдХрд╛ рднреЛрд╕рдбрд╝рд╛ &gt; рдкрд╛рдХрд┐рд╕реНрддрд╛рди рдХреА рдорд╛рдБ рдХрд╛ рднреЛрд╕рдбрд╝рд╛,hi
RT @RowdyTalks: рдкрд╛рдХрд┐рд╕реНрддрд╛рди рдХреА рд▓реМрдВрдбрд┐рдпреЛрдВ рдХрд╛ рднреЛрд╕рдбрд╝рд╛ &gt; рдкрд╛рдХрд┐рд╕реНрддрд╛рди рдХреА рдорд╛рдБ рдХрд╛ рднреЛрд╕рдбрд╝рд╛,hi
RT @RowdyTalks: рдкрд╛рдХрд┐рд╕реНрддрд╛рди рдХреА рд▓реМрдВрдбрд┐рдпреЛрдВ рдХрд╛ рднреЛрд╕рдбрд╝рд╛ &gt; рдкрд╛рдХрд┐рд╕реНрддрд╛рди рдХреА рдорд╛рдБ рдХрд╛ рднреЛрд╕рдбрд╝рд╛,hi
RT @RowdyTalks: рдкрд╛рдХрд┐рд╕реНрддрд╛рди рдХреА рд▓реМрдВрдбрд┐рдпреЛрдВ рдХрд╛ рднреЛрд╕рдбрд╝рд╛ &gt; рдкрд╛рдХрд┐рд╕реНрддрд╛рди рдХреА рдорд╛рдБ рдХрд╛ рднреЛрд╕рдбрд╝рд╛,hi
RT @RowdyTalks: рдкрд╛рдХрд┐рд╕реНрддрд╛рди рдХреА рд▓реМрдВрдбрд┐рдпреЛрдВ рдХрд╛ рднреЛрд╕рдбрд╝рд╛ &gt; рдкрд╛рдХрд┐рд╕реНрддрд╛рди рдХреА рдорд╛рдБ рдХрд╛ рднреЛрд╕рдбрд╝рд╛,hi
"рдЬрдм рдмрд╛рдмрд░реА рдорд╕реНрдЬрд┐рдж рдХрд╛ рдзреНрд╡рдВрд╢ рд╣реБрдЖ рддреЛ рдореИрдВрдиреЗ рдирд╛рдиреА рд╕реЗ рдкреВрдЫрд╛ рдЕрдм рддреЛ рдЖрдк рдмрдбрд╝реЗ рдЦреБрд╢ рд╣реЛрдВрдЧреЗ, рдЕрдм рд░рд╛рдо рдХрд╛ рдордВрджрд┐рд░ рдмрдиреЗрдЧрд╛ рддреЛ рдирд╛рдиреА рдиреЗ рдереЛрдбрд╝рд╛тАж https://t.co/eZXYPtXUZc",hi
RT @RowdyTalks: рдкрд╛рдХрд┐рд╕реНрддрд╛рди рдХреА рд▓реМрдВрдбрд┐рдпреЛрдВ рдХрд╛ рднреЛрд╕рдбрд╝рд╛ &gt; рдкрд╛рдХрд┐рд╕реНрддрд╛рди рдХреА рдорд╛рдБ рдХрд╛ рднреЛрд╕рдбрд╝рд╛,hi
RT @RowdyTalks: рдкрд╛рдХрд┐рд╕реНрддрд╛рди рдХреА рд▓реМрдВрдбрд┐рдпреЛрдВ рдХрд╛ рднреЛрд╕рдбрд╝рд╛ &gt; рдкрд╛рдХрд┐рд╕реНрддрд╛рди рдХреА рдорд╛рдБ рдХрд╛ рднреЛрд╕рдбрд╝рд╛,hi
RT @RowdyTalks: рдкрд╛рдХрд┐рд╕реНрддрд╛рди рдХреА рд▓реМрдВрдбрд┐рдпреЛрдВ рдХрд╛ рднреЛрд╕рдбрд╝рд╛ &gt; рдкрд╛рдХрд┐рд╕реНрддрд╛рди рдХреА рдорд╛рдБ рдХрд╛ рднреЛрд╕рдбрд╝рд╛,hi
@cpdivakar рдЗрд╕ рдХреА рдорд╛рдВ рдХрд╛ рдлрдЯрд╛ рднреЛрд╕рдбрд╝рд╛ред,hi
RT @RowdyTalks: рдкрд╛рдХрд┐рд╕реНрддрд╛рди рдХреА рд▓реМрдВрдбрд┐рдпреЛрдВ рдХрд╛ рднреЛрд╕рдбрд╝рд╛ &gt; рдкрд╛рдХрд┐рд╕реНрддрд╛рди рдХреА рдорд╛рдБ рдХрд╛ рднреЛрд╕рдбрд╝рд╛,hi
RT @RowdyTalks: рдкрд╛рдХрд┐рд╕реНрддрд╛рди рдХреА рд▓реМрдВрдбрд┐рдпреЛрдВ рдХрд╛ рднреЛрд╕рдбрд╝рд╛ &gt; рдкрд╛рдХрд┐рд╕реНрддрд╛рди рдХреА рдорд╛рдБ рдХрд╛ рднреЛрд╕рдбрд╝рд╛,hi
RT @RowdyTalks: рдкрд╛рдХрд┐рд╕реНрддрд╛рди рдХреА рд▓реМрдВрдбрд┐рдпреЛрдВ рдХрд╛ рднреЛрд╕рдбрд╝рд╛ &gt; рдкрд╛рдХрд┐рд╕реНрддрд╛рди рдХреА рдорд╛рдБ рдХрд╛ рднреЛрд╕рдбрд╝рд╛,hi
рдкрд╛рдХрд┐рд╕реНрддрд╛рди рдХреА рд▓реМрдВрдбрд┐рдпреЛрдВ рдХрд╛ рднреЛрд╕рдбрд╝рд╛ &gt; рдкрд╛рдХрд┐рд╕реНрддрд╛рди рдХреА рдорд╛рдБ рдХрд╛ рднреЛрд╕рдбрд╝рд╛,hi
@ZeeNews @Tyagiji0744 рддреБрдореНрд╣рд╛рд░реА рдорд╛ рдХрд╛ рднреЛрд╕рдбрд╛ рдЭреА рдиреНрдпреВрдЬ рд╡рд╛рд▓реЗ рдХрд┐рд╕реАрдВ рдХреЛ рд╣реАрд░реЛ рдмрдирддреЗ рд╣реЛ,hi
