@sanskaribulla рдмреБрд▓реНрд▓рд╛ рднрд╛рдИ рд╕рдЪ рд╕рдЪ рдмрддрд╛рдУ рдЗрд╕ рд╣рд░рдорд╛рд░реА рдиреЗ рддреБрдордХреЛ рдЕрднреА рддрдХ рдХреИрд╕реЗ рдмреНрд▓реЙрдХ рдирд╣реА рдХрд┐рдпрд╛ рдерд╛,hi
"RT @Khesarii: рдпреЗ рдирд┐рд░реНрдореВ, рдХреЗрд╢реВ, рдмреБрд▓реНрд▓рд╛ рдЬреИрд╕реЗ рд▓реЛрдЧ рдЯреНрд╡рд┐рдЯрд░ рдЬреИрд╕реЗ рдкрдмреНрд▓рд┐рдХ рдкреНрд▓реЗрдЯрдлрд╛рд░реНрдо рдкрд░ рдЬрд┐рд╕ рддрд░рд╣ рдХрд╛ рдЕрднрджреНрд░ рднрд╛рд╖рд╛ рдХрд╛ рдкреНрд░рдпреЛрдЧ рдХрд░рддреЗ рд╣реИрдВ, рдЙрд╕рдХреЗ рд▓рд┐рдП рдпреЗ рдЗрд╕ рд╕тАж",hi
"RT @Keshu__11: рдмреБрд▓реНрд▓рд╛ рднреИрдпрд╛ рдиреЗ рдЕрдкрдиреА рд╢рд╛рджреА рдореЗрдВ рдпреЗ рдбрд╛рдВрд╕рд░ рдмреБрд▓рд╛рдИ рд╣реИ рдЧрд╛рдЗрдЬрд╝ рдкрд░ рдпреЗ рддреЛ рдХрд╣реА рджреЗрдЦреА рджреЗрдЦреА рд╕реА рд▓рдЧ рд░рд╣реА.,ЁЯШн https://t.co/TLQsWUzNw9",hi
RT @NareshVerma0: рдЧреБрд▓рд╛рдмреЛ рджреЗрдмреА рдирд┐рд╡рд╛рд╕реА рд╣рдмреА рдмреБрд▓реНрд▓рд╛ рдЦрд╛рдВ рд╢реБрдорд▓реА рдмрдВрдВрдЧрд▓рд╛ рдХрд╛рд▓реЛрдиреА рдерд╛рдирд╛ рдмреАрд╕рд▓рдкреБрд░ рдХрд╛ рдЖрд░реЛрдк рдЧрд╛рдп рдХреЗ рдмрдЪреНрдЪреЗ рдХреЛ рдорд╛рд░рдХрд░ рдЧрд╛рдпрдм рдХрд░рдиреЗ рдХрд╛ рдЖрд░реЛрдк рдирдиреНрд╣реЗтАж,hi
"RT @Keshu__11: рдмреБрд▓реНрд▓рд╛ рднреИрдпрд╛ рдиреЗ рдЕрдкрдиреА рд╢рд╛рджреА рдореЗрдВ рдпреЗ рдбрд╛рдВрд╕рд░ рдмреБрд▓рд╛рдИ рд╣реИ рдЧрд╛рдЗрдЬрд╝ рдкрд░ рдпреЗ рддреЛ рдХрд╣реА рджреЗрдЦреА рджреЗрдЦреА рд╕реА рд▓рдЧ рд░рд╣реА.,ЁЯШн https://t.co/TLQsWUzNw9",hi
"RT @Keshu__11: рдмреБрд▓реНрд▓рд╛ рднреИрдпрд╛ рдиреЗ рдЕрдкрдиреА рд╢рд╛рджреА рдореЗрдВ рдпреЗ рдбрд╛рдВрд╕рд░ рдмреБрд▓рд╛рдИ рд╣реИ рдЧрд╛рдЗрдЬрд╝ рдкрд░ рдпреЗ рддреЛ рдХрд╣реА рджреЗрдЦреА рджреЗрдЦреА рд╕реА рд▓рдЧ рд░рд╣реА.,ЁЯШн https://t.co/TLQsWUzNw9",hi
"@Ashok_Kashmir рдпреЗ рдХреИрд╕рд╛ рд╕рд╡рд╛рд▓ рд╣реИ , рд╡реЛ рдХрд╣реА рднреА рдЬрд╛рдХрд░ рдХрд┐рд╕реА рднреА рдкрд╛рд░реНрдЯреА рдХреА рд╕рджрд╕реНрдпрддрд╛ рд▓реЗ , рдЙрдирдХрд╛ рдирд┐рдЬреА рдлреИрд╕рд▓рд╛ рд╣реИ , рдЕрдЧрд░ рдпреЗ рдХреЛрдИ рдмреБтАж https://t.co/qx1psGkrYA",hi
@Grlwithdimples рдмреБрд▓реНрд▓рд╛ рднреИрдпрд╛ рд╕реЗ рдРрд╕реА рдЙрдореНрдореАрдж рдирд╣реАрдВ рдереА ЁЯе║,hi
"RT @Keshu__11: рдмреБрд▓реНрд▓рд╛ рднреИрдпрд╛ рдиреЗ рдЕрдкрдиреА рд╢рд╛рджреА рдореЗрдВ рдпреЗ рдбрд╛рдВрд╕рд░ рдмреБрд▓рд╛рдИ рд╣реИ рдЧрд╛рдЗрдЬрд╝ рдкрд░ рдпреЗ рддреЛ рдХрд╣реА рджреЗрдЦреА рджреЗрдЦреА рд╕реА рд▓рдЧ рд░рд╣реА.,ЁЯШн https://t.co/TLQsWUzNw9",hi
@Grlwithdimples рдорд╛рд╕реНрдХ рдкрд╣рдиреЗ рд░рдЦреЛрдЧреА рдЖрдк рддреЛ рдХреИрд╕реЗ рдмреБрд▓реНрд▓рд╛ рджреЗрдЦреЗрдЧрд╛,hi
@sanskaribulla рдмреБрд▓реНрд▓рд╛ рднреИрдпреНрдпрд╛ рдПрдХ рдкреИрдХреЗрдЯ рдореЗрд░реЗ рдХреЛ рднреА рджреЗрдирд╛,hi
"RT @Khesarii: рдпреЗ рдирд┐рд░реНрдореВ, рдХреЗрд╢реВ, рдмреБрд▓реНрд▓рд╛ рдЬреИрд╕реЗ рд▓реЛрдЧ рдЯреНрд╡рд┐рдЯрд░ рдЬреИрд╕реЗ рдкрдмреНрд▓рд┐рдХ рдкреНрд▓реЗрдЯрдлрд╛рд░реНрдо рдкрд░ рдЬрд┐рд╕ рддрд░рд╣ рдХрд╛ рдЕрднрджреНрд░ рднрд╛рд╖рд╛ рдХрд╛ рдкреНрд░рдпреЛрдЧ рдХрд░рддреЗ рд╣реИрдВ, рдЙрд╕рдХреЗ рд▓рд┐рдП рдпреЗ рдЗрд╕ рд╕тАж",hi
"RT @Khesarii: рдпреЗ рдирд┐рд░реНрдореВ, рдХреЗрд╢реВ, рдмреБрд▓реНрд▓рд╛ рдЬреИрд╕реЗ рд▓реЛрдЧ рдЯреНрд╡рд┐рдЯрд░ рдЬреИрд╕реЗ рдкрдмреНрд▓рд┐рдХ рдкреНрд▓реЗрдЯрдлрд╛рд░реНрдо рдкрд░ рдЬрд┐рд╕ рддрд░рд╣ рдХрд╛ рдЕрднрджреНрд░ рднрд╛рд╖рд╛ рдХрд╛ рдкреНрд░рдпреЛрдЧ рдХрд░рддреЗ рд╣реИрдВ, рдЙрд╕рдХреЗ рд▓рд┐рдП рдпреЗ рдЗрд╕ рд╕тАж",hi
"RT @Keshu__11: рдмреБрд▓реНрд▓рд╛ рднреИрдпрд╛ рдиреЗ рдЕрдкрдиреА рд╢рд╛рджреА рдореЗрдВ рдпреЗ рдбрд╛рдВрд╕рд░ рдмреБрд▓рд╛рдИ рд╣реИ рдЧрд╛рдЗрдЬрд╝ рдкрд░ рдпреЗ рддреЛ рдХрд╣реА рджреЗрдЦреА рджреЗрдЦреА рд╕реА рд▓рдЧ рд░рд╣реА.,ЁЯШн https://t.co/TLQsWUzNw9",hi
"RT @Keshu__11: рдмреБрд▓реНрд▓рд╛ рднреИрдпрд╛ рдиреЗ рдЕрдкрдиреА рд╢рд╛рджреА рдореЗрдВ рдпреЗ рдбрд╛рдВрд╕рд░ рдмреБрд▓рд╛рдИ рд╣реИ рдЧрд╛рдЗрдЬрд╝ рдкрд░ рдпреЗ рддреЛ рдХрд╣реА рджреЗрдЦреА рджреЗрдЦреА рд╕реА рд▓рдЧ рд░рд╣реА.,ЁЯШн https://t.co/TLQsWUzNw9",hi
"RT @Keshu__11: рдмреБрд▓реНрд▓рд╛ рднреИрдпрд╛ рдиреЗ рдЕрдкрдиреА рд╢рд╛рджреА рдореЗрдВ рдпреЗ рдбрд╛рдВрд╕рд░ рдмреБрд▓рд╛рдИ рд╣реИ рдЧрд╛рдЗрдЬрд╝ рдкрд░ рдпреЗ рддреЛ рдХрд╣реА рджреЗрдЦреА рджреЗрдЦреА рд╕реА рд▓рдЧ рд░рд╣реА.,ЁЯШн https://t.co/TLQsWUzNw9",hi
RT @IamAbhay91: рдУрдирд▓реА рдмреБрд▓реНрд▓рд╛ рднрдИрдпрд╛ рдЗрдЬрд╝ рдЕрд░реНрдирд┐рдВрдЧ рдордиреА рдереНрд░реВ рдЯреНрд╡рд┐рдЯрд░редЁЯе║,hi
"RT @Keshu__11: рдмреБрд▓реНрд▓рд╛ рднреИрдпрд╛ рдиреЗ рдЕрдкрдиреА рд╢рд╛рджреА рдореЗрдВ рдпреЗ рдбрд╛рдВрд╕рд░ рдмреБрд▓рд╛рдИ рд╣реИ рдЧрд╛рдЗрдЬрд╝ рдкрд░ рдпреЗ рддреЛ рдХрд╣реА рджреЗрдЦреА рджреЗрдЦреА рд╕реА рд▓рдЧ рд░рд╣реА.,ЁЯШн https://t.co/TLQsWUzNw9",hi
"RT @Keshu__11: рдмреБрд▓реНрд▓рд╛ рднреИрдпрд╛ рдиреЗ рдЕрдкрдиреА рд╢рд╛рджреА рдореЗрдВ рдпреЗ рдбрд╛рдВрд╕рд░ рдмреБрд▓рд╛рдИ рд╣реИ рдЧрд╛рдЗрдЬрд╝ рдкрд░ рдпреЗ рддреЛ рдХрд╣реА рджреЗрдЦреА рджреЗрдЦреА рд╕реА рд▓рдЧ рд░рд╣реА.,ЁЯШн https://t.co/TLQsWUzNw9",hi
"RT @Keshu__11: рдмреБрд▓реНрд▓рд╛ рднреИрдпрд╛ рдиреЗ рдЕрдкрдиреА рд╢рд╛рджреА рдореЗрдВ рдпреЗ рдбрд╛рдВрд╕рд░ рдмреБрд▓рд╛рдИ рд╣реИ рдЧрд╛рдЗрдЬрд╝ рдкрд░ рдпреЗ рддреЛ рдХрд╣реА рджреЗрдЦреА рджреЗрдЦреА рд╕реА рд▓рдЧ рд░рд╣реА.,ЁЯШн https://t.co/TLQsWUzNw9",hi
@HCI_ACID рддреБрдЭреЗ рд▓реЛрдЧ рдмреБрд▓реНрд▓рд╛ рд╣реА рд╕рдордЭ рд░рд╣реЗ рд╣реИрдВ ЁЯШВ,hi
"RT @Keshu__11: рдмреБрд▓реНрд▓рд╛ рднреИрдпрд╛ рдиреЗ рдЕрдкрдиреА рд╢рд╛рджреА рдореЗрдВ рдпреЗ рдбрд╛рдВрд╕рд░ рдмреБрд▓рд╛рдИ рд╣реИ рдЧрд╛рдЗрдЬрд╝ рдкрд░ рдпреЗ рддреЛ рдХрд╣реА рджреЗрдЦреА рджреЗрдЦреА рд╕реА рд▓рдЧ рд░рд╣реА.,ЁЯШн https://t.co/TLQsWUzNw9",hi
"RT @Khesarii: рдпреЗ рдирд┐рд░реНрдореВ, рдХреЗрд╢реВ, рдмреБрд▓реНрд▓рд╛ рдЬреИрд╕реЗ рд▓реЛрдЧ рдЯреНрд╡рд┐рдЯрд░ рдЬреИрд╕реЗ рдкрдмреНрд▓рд┐рдХ рдкреНрд▓реЗрдЯрдлрд╛рд░реНрдо рдкрд░ рдЬрд┐рд╕ рддрд░рд╣ рдХрд╛ рдЕрднрджреНрд░ рднрд╛рд╖рд╛ рдХрд╛ рдкреНрд░рдпреЛрдЧ рдХрд░рддреЗ рд╣реИрдВ, рдЙрд╕рдХреЗ рд▓рд┐рдП рдпреЗ рдЗрд╕ рд╕тАж",hi
"RT @Khesarii: рдпреЗ рдирд┐рд░реНрдореВ, рдХреЗрд╢реВ, рдмреБрд▓реНрд▓рд╛ рдЬреИрд╕реЗ рд▓реЛрдЧ рдЯреНрд╡рд┐рдЯрд░ рдЬреИрд╕реЗ рдкрдмреНрд▓рд┐рдХ рдкреНрд▓реЗрдЯрдлрд╛рд░реНрдо рдкрд░ рдЬрд┐рд╕ рддрд░рд╣ рдХрд╛ рдЕрднрджреНрд░ рднрд╛рд╖рд╛ рдХрд╛ рдкреНрд░рдпреЛрдЧ рдХрд░рддреЗ рд╣реИрдВ, рдЙрд╕рдХреЗ рд▓рд┐рдП рдпреЗ рдЗрд╕ рд╕тАж",hi
"RT @Khesarii: рдпреЗ рдирд┐рд░реНрдореВ, рдХреЗрд╢реВ, рдмреБрд▓реНрд▓рд╛ рдЬреИрд╕реЗ рд▓реЛрдЧ рдЯреНрд╡рд┐рдЯрд░ рдЬреИрд╕реЗ рдкрдмреНрд▓рд┐рдХ рдкреНрд▓реЗрдЯрдлрд╛рд░реНрдо рдкрд░ рдЬрд┐рд╕ рддрд░рд╣ рдХрд╛ рдЕрднрджреНрд░ рднрд╛рд╖рд╛ рдХрд╛ рдкреНрд░рдпреЛрдЧ рдХрд░рддреЗ рд╣реИрдВ, рдЙрд╕рдХреЗ рд▓рд┐рдП рдпреЗ рдЗрд╕ рд╕тАж",hi
"RT @Keshu__11: рдмреБрд▓реНрд▓рд╛ рднреИрдпрд╛ рдиреЗ рдЕрдкрдиреА рд╢рд╛рджреА рдореЗрдВ рдпреЗ рдбрд╛рдВрд╕рд░ рдмреБрд▓рд╛рдИ рд╣реИ рдЧрд╛рдЗрдЬрд╝ рдкрд░ рдпреЗ рддреЛ рдХрд╣реА рджреЗрдЦреА рджреЗрдЦреА рд╕реА рд▓рдЧ рд░рд╣реА.,ЁЯШн https://t.co/TLQsWUzNw9",hi
"RT @Khesarii: рдпреЗ рдирд┐рд░реНрдореВ, рдХреЗрд╢реВ, рдмреБрд▓реНрд▓рд╛ рдЬреИрд╕реЗ рд▓реЛрдЧ рдЯреНрд╡рд┐рдЯрд░ рдЬреИрд╕реЗ рдкрдмреНрд▓рд┐рдХ рдкреНрд▓реЗрдЯрдлрд╛рд░реНрдо рдкрд░ рдЬрд┐рд╕ рддрд░рд╣ рдХрд╛ рдЕрднрджреНрд░ рднрд╛рд╖рд╛ рдХрд╛ рдкреНрд░рдпреЛрдЧ рдХрд░рддреЗ рд╣реИрдВ, рдЙрд╕рдХреЗ рд▓рд┐рдП рдпреЗ рдЗрд╕ рд╕тАж",hi
"RT @Keshu__11: рдмреБрд▓реНрд▓рд╛ рднреИрдпрд╛ рдиреЗ рдЕрдкрдиреА рд╢рд╛рджреА рдореЗрдВ рдпреЗ рдбрд╛рдВрд╕рд░ рдмреБрд▓рд╛рдИ рд╣реИ рдЧрд╛рдЗрдЬрд╝ рдкрд░ рдпреЗ рддреЛ рдХрд╣реА рджреЗрдЦреА рджреЗрдЦреА рд╕реА рд▓рдЧ рд░рд╣реА.,ЁЯШн https://t.co/TLQsWUzNw9",hi
"RT @Keshu__11: рдмреБрд▓реНрд▓рд╛ рднреИрдпрд╛ рдиреЗ рдЕрдкрдиреА рд╢рд╛рджреА рдореЗрдВ рдпреЗ рдбрд╛рдВрд╕рд░ рдмреБрд▓рд╛рдИ рд╣реИ рдЧрд╛рдЗрдЬрд╝ рдкрд░ рдпреЗ рддреЛ рдХрд╣реА рджреЗрдЦреА рджреЗрдЦреА рд╕реА рд▓рдЧ рд░рд╣реА.,ЁЯШн https://t.co/TLQsWUzNw9",hi
"RT @Khesarii: рдпреЗ рдирд┐рд░реНрдореВ, рдХреЗрд╢реВ, рдмреБрд▓реНрд▓рд╛ рдЬреИрд╕реЗ рд▓реЛрдЧ рдЯреНрд╡рд┐рдЯрд░ рдЬреИрд╕реЗ рдкрдмреНрд▓рд┐рдХ рдкреНрд▓реЗрдЯрдлрд╛рд░реНрдо рдкрд░ рдЬрд┐рд╕ рддрд░рд╣ рдХрд╛ рдЕрднрджреНрд░ рднрд╛рд╖рд╛ рдХрд╛ рдкреНрд░рдпреЛрдЧ рдХрд░рддреЗ рд╣реИрдВ, рдЙрд╕рдХреЗ рд▓рд┐рдП рдпреЗ рдЗрд╕ рд╕тАж",hi
"RT @Khesarii: рдпреЗ рдирд┐рд░реНрдореВ, рдХреЗрд╢реВ, рдмреБрд▓реНрд▓рд╛ рдЬреИрд╕реЗ рд▓реЛрдЧ рдЯреНрд╡рд┐рдЯрд░ рдЬреИрд╕реЗ рдкрдмреНрд▓рд┐рдХ рдкреНрд▓реЗрдЯрдлрд╛рд░реНрдо рдкрд░ рдЬрд┐рд╕ рддрд░рд╣ рдХрд╛ рдЕрднрджреНрд░ рднрд╛рд╖рд╛ рдХрд╛ рдкреНрд░рдпреЛрдЧ рдХрд░рддреЗ рд╣реИрдВ, рдЙрд╕рдХреЗ рд▓рд┐рдП рдпреЗ рдЗрд╕ рд╕тАж",hi
"RT @Keshu__11: рдмреБрд▓реНрд▓рд╛ рднреИрдпрд╛ рдиреЗ рдЕрдкрдиреА рд╢рд╛рджреА рдореЗрдВ рдпреЗ рдбрд╛рдВрд╕рд░ рдмреБрд▓рд╛рдИ рд╣реИ рдЧрд╛рдЗрдЬрд╝ рдкрд░ рдпреЗ рддреЛ рдХрд╣реА рджреЗрдЦреА рджреЗрдЦреА рд╕реА рд▓рдЧ рд░рд╣реА.,ЁЯШн https://t.co/TLQsWUzNw9",hi
"RT @Khesarii: рдпреЗ рдирд┐рд░реНрдореВ, рдХреЗрд╢реВ, рдмреБрд▓реНрд▓рд╛ рдЬреИрд╕реЗ рд▓реЛрдЧ рдЯреНрд╡рд┐рдЯрд░ рдЬреИрд╕реЗ рдкрдмреНрд▓рд┐рдХ рдкреНрд▓реЗрдЯрдлрд╛рд░реНрдо рдкрд░ рдЬрд┐рд╕ рддрд░рд╣ рдХрд╛ рдЕрднрджреНрд░ рднрд╛рд╖рд╛ рдХрд╛ рдкреНрд░рдпреЛрдЧ рдХрд░рддреЗ рд╣реИрдВ, рдЙрд╕рдХреЗ рд▓рд┐рдП рдпреЗ рдЗрд╕ рд╕тАж",hi
"RT @Keshu__11: рдмреБрд▓реНрд▓рд╛ рднреИрдпрд╛ рдиреЗ рдЕрдкрдиреА рд╢рд╛рджреА рдореЗрдВ рдпреЗ рдбрд╛рдВрд╕рд░ рдмреБрд▓рд╛рдИ рд╣реИ рдЧрд╛рдЗрдЬрд╝ рдкрд░ рдпреЗ рддреЛ рдХрд╣реА рджреЗрдЦреА рджреЗрдЦреА рд╕реА рд▓рдЧ рд░рд╣реА.,ЁЯШн https://t.co/TLQsWUzNw9",hi
"RT @Keshu__11: рдмреБрд▓реНрд▓рд╛ рднреИрдпрд╛ рдиреЗ рдЕрдкрдиреА рд╢рд╛рджреА рдореЗрдВ рдпреЗ рдбрд╛рдВрд╕рд░ рдмреБрд▓рд╛рдИ рд╣реИ рдЧрд╛рдЗрдЬрд╝ рдкрд░ рдпреЗ рддреЛ рдХрд╣реА рджреЗрдЦреА рджреЗрдЦреА рд╕реА рд▓рдЧ рд░рд╣реА.,ЁЯШн https://t.co/TLQsWUzNw9",hi
"RT @Khesarii: рдпреЗ рдирд┐рд░реНрдореВ, рдХреЗрд╢реВ, рдмреБрд▓реНрд▓рд╛ рдЬреИрд╕реЗ рд▓реЛрдЧ рдЯреНрд╡рд┐рдЯрд░ рдЬреИрд╕реЗ рдкрдмреНрд▓рд┐рдХ рдкреНрд▓реЗрдЯрдлрд╛рд░реНрдо рдкрд░ рдЬрд┐рд╕ рддрд░рд╣ рдХрд╛ рдЕрднрджреНрд░ рднрд╛рд╖рд╛ рдХрд╛ рдкреНрд░рдпреЛрдЧ рдХрд░рддреЗ рд╣реИрдВ, рдЙрд╕рдХреЗ рд▓рд┐рдП рдпреЗ рдЗрд╕ рд╕тАж",hi
"RT @Keshu__11: рдмреБрд▓реНрд▓рд╛ рднреИрдпрд╛ рдиреЗ рдЕрдкрдиреА рд╢рд╛рджреА рдореЗрдВ рдпреЗ рдбрд╛рдВрд╕рд░ рдмреБрд▓рд╛рдИ рд╣реИ рдЧрд╛рдЗрдЬрд╝ рдкрд░ рдпреЗ рддреЛ рдХрд╣реА рджреЗрдЦреА рджреЗрдЦреА рд╕реА рд▓рдЧ рд░рд╣реА.,ЁЯШн https://t.co/TLQsWUzNw9",hi
"RT @Keshu__11: рдмреБрд▓реНрд▓рд╛ рднреИрдпрд╛ рдиреЗ рдЕрдкрдиреА рд╢рд╛рджреА рдореЗрдВ рдпреЗ рдбрд╛рдВрд╕рд░ рдмреБрд▓рд╛рдИ рд╣реИ рдЧрд╛рдЗрдЬрд╝ рдкрд░ рдпреЗ рддреЛ рдХрд╣реА рджреЗрдЦреА рджреЗрдЦреА рд╕реА рд▓рдЧ рд░рд╣реА.,ЁЯШн https://t.co/TLQsWUzNw9",hi
"RT @Khesarii: рдпреЗ рдирд┐рд░реНрдореВ, рдХреЗрд╢реВ, рдмреБрд▓реНрд▓рд╛ рдЬреИрд╕реЗ рд▓реЛрдЧ рдЯреНрд╡рд┐рдЯрд░ рдЬреИрд╕реЗ рдкрдмреНрд▓рд┐рдХ рдкреНрд▓реЗрдЯрдлрд╛рд░реНрдо рдкрд░ рдЬрд┐рд╕ рддрд░рд╣ рдХрд╛ рдЕрднрджреНрд░ рднрд╛рд╖рд╛ рдХрд╛ рдкреНрд░рдпреЛрдЧ рдХрд░рддреЗ рд╣реИрдВ, рдЙрд╕рдХреЗ рд▓рд┐рдП рдпреЗ рдЗрд╕ рд╕тАж",hi
"RT @Keshu__11: рдмреБрд▓реНрд▓рд╛ рднреИрдпрд╛ рдиреЗ рдЕрдкрдиреА рд╢рд╛рджреА рдореЗрдВ рдпреЗ рдбрд╛рдВрд╕рд░ рдмреБрд▓рд╛рдИ рд╣реИ рдЧрд╛рдЗрдЬрд╝ рдкрд░ рдпреЗ рддреЛ рдХрд╣реА рджреЗрдЦреА рджреЗрдЦреА рд╕реА рд▓рдЧ рд░рд╣реА.,ЁЯШн https://t.co/TLQsWUzNw9",hi
"RT @Keshu__11: рдмреБрд▓реНрд▓рд╛ рднреИрдпрд╛ рдиреЗ рдЕрдкрдиреА рд╢рд╛рджреА рдореЗрдВ рдпреЗ рдбрд╛рдВрд╕рд░ рдмреБрд▓рд╛рдИ рд╣реИ рдЧрд╛рдЗрдЬрд╝ рдкрд░ рдпреЗ рддреЛ рдХрд╣реА рджреЗрдЦреА рджреЗрдЦреА рд╕реА рд▓рдЧ рд░рд╣реА.,ЁЯШн https://t.co/TLQsWUzNw9",hi
"RT @Khesarii: рдпреЗ рдирд┐рд░реНрдореВ, рдХреЗрд╢реВ, рдмреБрд▓реНрд▓рд╛ рдЬреИрд╕реЗ рд▓реЛрдЧ рдЯреНрд╡рд┐рдЯрд░ рдЬреИрд╕реЗ рдкрдмреНрд▓рд┐рдХ рдкреНрд▓реЗрдЯрдлрд╛рд░реНрдо рдкрд░ рдЬрд┐рд╕ рддрд░рд╣ рдХрд╛ рдЕрднрджреНрд░ рднрд╛рд╖рд╛ рдХрд╛ рдкреНрд░рдпреЛрдЧ рдХрд░рддреЗ рд╣реИрдВ, рдЙрд╕рдХреЗ рд▓рд┐рдП рдпреЗ рдЗрд╕ рд╕тАж",hi
"RT @Keshu__11: рдмреБрд▓реНрд▓рд╛ рднреИрдпрд╛ рдиреЗ рдЕрдкрдиреА рд╢рд╛рджреА рдореЗрдВ рдпреЗ рдбрд╛рдВрд╕рд░ рдмреБрд▓рд╛рдИ рд╣реИ рдЧрд╛рдЗрдЬрд╝ рдкрд░ рдпреЗ рддреЛ рдХрд╣реА рджреЗрдЦреА рджреЗрдЦреА рд╕реА рд▓рдЧ рд░рд╣реА.,ЁЯШн https://t.co/TLQsWUzNw9",hi
"RT @Khesarii: рдпреЗ рдирд┐рд░реНрдореВ, рдХреЗрд╢реВ, рдмреБрд▓реНрд▓рд╛ рдЬреИрд╕реЗ рд▓реЛрдЧ рдЯреНрд╡рд┐рдЯрд░ рдЬреИрд╕реЗ рдкрдмреНрд▓рд┐рдХ рдкреНрд▓реЗрдЯрдлрд╛рд░реНрдо рдкрд░ рдЬрд┐рд╕ рддрд░рд╣ рдХрд╛ рдЕрднрджреНрд░ рднрд╛рд╖рд╛ рдХрд╛ рдкреНрд░рдпреЛрдЧ рдХрд░рддреЗ рд╣реИрдВ, рдЙрд╕рдХреЗ рд▓рд┐рдП рдпреЗ рдЗрд╕ рд╕тАж",hi
"RT @Keshu__11: рдмреБрд▓реНрд▓рд╛ рднреИрдпрд╛ рдиреЗ рдЕрдкрдиреА рд╢рд╛рджреА рдореЗрдВ рдпреЗ рдбрд╛рдВрд╕рд░ рдмреБрд▓рд╛рдИ рд╣реИ рдЧрд╛рдЗрдЬрд╝ рдкрд░ рдпреЗ рддреЛ рдХрд╣реА рджреЗрдЦреА рджреЗрдЦреА рд╕реА рд▓рдЧ рд░рд╣реА.,ЁЯШн https://t.co/TLQsWUzNw9",hi
"RT @Keshu__11: рдмреБрд▓реНрд▓рд╛ рднреИрдпрд╛ рдиреЗ рдЕрдкрдиреА рд╢рд╛рджреА рдореЗрдВ рдпреЗ рдбрд╛рдВрд╕рд░ рдмреБрд▓рд╛рдИ рд╣реИ рдЧрд╛рдЗрдЬрд╝ рдкрд░ рдпреЗ рддреЛ рдХрд╣реА рджреЗрдЦреА рджреЗрдЦреА рд╕реА рд▓рдЧ рд░рд╣реА.,ЁЯШн https://t.co/TLQsWUzNw9",hi
"RT @Keshu__11: рдмреБрд▓реНрд▓рд╛ рднреИрдпрд╛ рдиреЗ рдЕрдкрдиреА рд╢рд╛рджреА рдореЗрдВ рдпреЗ рдбрд╛рдВрд╕рд░ рдмреБрд▓рд╛рдИ рд╣реИ рдЧрд╛рдЗрдЬрд╝ рдкрд░ рдпреЗ рддреЛ рдХрд╣реА рджреЗрдЦреА рджреЗрдЦреА рд╕реА рд▓рдЧ рд░рд╣реА.,ЁЯШн https://t.co/TLQsWUzNw9",hi
"RT @Keshu__11: рдмреБрд▓реНрд▓рд╛ рднреИрдпрд╛ рдиреЗ рдЕрдкрдиреА рд╢рд╛рджреА рдореЗрдВ рдпреЗ рдбрд╛рдВрд╕рд░ рдмреБрд▓рд╛рдИ рд╣реИ рдЧрд╛рдЗрдЬрд╝ рдкрд░ рдпреЗ рддреЛ рдХрд╣реА рджреЗрдЦреА рджреЗрдЦреА рд╕реА рд▓рдЧ рд░рд╣реА.,ЁЯШн https://t.co/TLQsWUzNw9",hi
"RT @Keshu__11: рдмреБрд▓реНрд▓рд╛ рднреИрдпрд╛ рдиреЗ рдЕрдкрдиреА рд╢рд╛рджреА рдореЗрдВ рдпреЗ рдбрд╛рдВрд╕рд░ рдмреБрд▓рд╛рдИ рд╣реИ рдЧрд╛рдЗрдЬрд╝ рдкрд░ рдпреЗ рддреЛ рдХрд╣реА рджреЗрдЦреА рджреЗрдЦреА рд╕реА рд▓рдЧ рд░рд╣реА.,ЁЯШн https://t.co/TLQsWUzNw9",hi
"RT @Keshu__11: рдмреБрд▓реНрд▓рд╛ рднреИрдпрд╛ рдиреЗ рдЕрдкрдиреА рд╢рд╛рджреА рдореЗрдВ рдпреЗ рдбрд╛рдВрд╕рд░ рдмреБрд▓рд╛рдИ рд╣реИ рдЧрд╛рдЗрдЬрд╝ рдкрд░ рдпреЗ рддреЛ рдХрд╣реА рджреЗрдЦреА рджреЗрдЦреА рд╕реА рд▓рдЧ рд░рд╣реА.,ЁЯШн https://t.co/TLQsWUzNw9",hi
"RT @Keshu__11: рдмреБрд▓реНрд▓рд╛ рднреИрдпрд╛ рдиреЗ рдЕрдкрдиреА рд╢рд╛рджреА рдореЗрдВ рдпреЗ рдбрд╛рдВрд╕рд░ рдмреБрд▓рд╛рдИ рд╣реИ рдЧрд╛рдЗрдЬрд╝ рдкрд░ рдпреЗ рддреЛ рдХрд╣реА рджреЗрдЦреА рджреЗрдЦреА рд╕реА рд▓рдЧ рд░рд╣реА.,ЁЯШн https://t.co/TLQsWUzNw9",hi
"RT @Keshu__11: рдмреБрд▓реНрд▓рд╛ рднреИрдпрд╛ рдиреЗ рдЕрдкрдиреА рд╢рд╛рджреА рдореЗрдВ рдпреЗ рдбрд╛рдВрд╕рд░ рдмреБрд▓рд╛рдИ рд╣реИ рдЧрд╛рдЗрдЬрд╝ рдкрд░ рдпреЗ рддреЛ рдХрд╣реА рджреЗрдЦреА рджреЗрдЦреА рд╕реА рд▓рдЧ рд░рд╣реА.,ЁЯШн https://t.co/TLQsWUzNw9",hi
"RT @Keshu__11: рдмреБрд▓реНрд▓рд╛ рднреИрдпрд╛ рдиреЗ рдЕрдкрдиреА рд╢рд╛рджреА рдореЗрдВ рдпреЗ рдбрд╛рдВрд╕рд░ рдмреБрд▓рд╛рдИ рд╣реИ рдЧрд╛рдЗрдЬрд╝ рдкрд░ рдпреЗ рддреЛ рдХрд╣реА рджреЗрдЦреА рджреЗрдЦреА рд╕реА рд▓рдЧ рд░рд╣реА.,ЁЯШн https://t.co/TLQsWUzNw9",hi
"RT @Khesarii: рдпреЗ рдирд┐рд░реНрдореВ, рдХреЗрд╢реВ, рдмреБрд▓реНрд▓рд╛ рдЬреИрд╕реЗ рд▓реЛрдЧ рдЯреНрд╡рд┐рдЯрд░ рдЬреИрд╕реЗ рдкрдмреНрд▓рд┐рдХ рдкреНрд▓реЗрдЯрдлрд╛рд░реНрдо рдкрд░ рдЬрд┐рд╕ рддрд░рд╣ рдХрд╛ рдЕрднрджреНрд░ рднрд╛рд╖рд╛ рдХрд╛ рдкреНрд░рдпреЛрдЧ рдХрд░рддреЗ рд╣реИрдВ, рдЙрд╕рдХреЗ рд▓рд┐рдП рдпреЗ рдЗрд╕ рд╕тАж",hi
"@Khesarii @sanskaribulla  рдмреБрд▓реНрд▓рд╛ рдЬреА рдХреЗ рд▓рд┐рдП рдРрд╕реА рдмрд╛рдд рд╕реБрдирдиреЗ рд╕реЗ рдкрд╣рд▓реЗ рд▓реЛрдЧреЛ рдХреА рдХрд╛рди рдореЗрдВ рд╕реЗ рдЦреВрди рдХреНрдпреЛ рдирд╣реА рдирд┐рдХрд▓рдиреЗ рд▓рдЧреЗ рдЧрдпрд╛ред

рд╕тАж https://t.co/usJ6J8EFHL",hi
"RT @Khesarii: рдпреЗ рдирд┐рд░реНрдореВ, рдХреЗрд╢реВ, рдмреБрд▓реНрд▓рд╛ рдЬреИрд╕реЗ рд▓реЛрдЧ рдЯреНрд╡рд┐рдЯрд░ рдЬреИрд╕реЗ рдкрдмреНрд▓рд┐рдХ рдкреНрд▓реЗрдЯрдлрд╛рд░реНрдо рдкрд░ рдЬрд┐рд╕ рддрд░рд╣ рдХрд╛ рдЕрднрджреНрд░ рднрд╛рд╖рд╛ рдХрд╛ рдкреНрд░рдпреЛрдЧ рдХрд░рддреЗ рд╣реИрдВ, рдЙрд╕рдХреЗ рд▓рд┐рдП рдпреЗ рдЗрд╕ рд╕тАж",hi
"RT @Keshu__11: рдмреБрд▓реНрд▓рд╛ рднреИрдпрд╛ рдиреЗ рдЕрдкрдиреА рд╢рд╛рджреА рдореЗрдВ рдпреЗ рдбрд╛рдВрд╕рд░ рдмреБрд▓рд╛рдИ рд╣реИ рдЧрд╛рдЗрдЬрд╝ рдкрд░ рдпреЗ рддреЛ рдХрд╣реА рджреЗрдЦреА рджреЗрдЦреА рд╕реА рд▓рдЧ рд░рд╣реА.,ЁЯШн https://t.co/TLQsWUzNw9",hi
"RT @Khesarii: рдпреЗ рдирд┐рд░реНрдореВ, рдХреЗрд╢реВ, рдмреБрд▓реНрд▓рд╛ рдЬреИрд╕реЗ рд▓реЛрдЧ рдЯреНрд╡рд┐рдЯрд░ рдЬреИрд╕реЗ рдкрдмреНрд▓рд┐рдХ рдкреНрд▓реЗрдЯрдлрд╛рд░реНрдо рдкрд░ рдЬрд┐рд╕ рддрд░рд╣ рдХрд╛ рдЕрднрджреНрд░ рднрд╛рд╖рд╛ рдХрд╛ рдкреНрд░рдпреЛрдЧ рдХрд░рддреЗ рд╣реИрдВ, рдЙрд╕рдХреЗ рд▓рд┐рдП рдпреЗ рдЗрд╕ рд╕тАж",hi
"RT @Keshu__11: рдмреБрд▓реНрд▓рд╛ рднреИрдпрд╛ рдиреЗ рдЕрдкрдиреА рд╢рд╛рджреА рдореЗрдВ рдпреЗ рдбрд╛рдВрд╕рд░ рдмреБрд▓рд╛рдИ рд╣реИ рдЧрд╛рдЗрдЬрд╝ рдкрд░ рдпреЗ рддреЛ рдХрд╣реА рджреЗрдЦреА рджреЗрдЦреА рд╕реА рд▓рдЧ рд░рд╣реА.,ЁЯШн https://t.co/TLQsWUzNw9",hi
"RT @Keshu__11: рдмреБрд▓реНрд▓рд╛ рднреИрдпрд╛ рдиреЗ рдЕрдкрдиреА рд╢рд╛рджреА рдореЗрдВ рдпреЗ рдбрд╛рдВрд╕рд░ рдмреБрд▓рд╛рдИ рд╣реИ рдЧрд╛рдЗрдЬрд╝ рдкрд░ рдпреЗ рддреЛ рдХрд╣реА рджреЗрдЦреА рджреЗрдЦреА рд╕реА рд▓рдЧ рд░рд╣реА.,ЁЯШн https://t.co/TLQsWUzNw9",hi
"RT @Khesarii: рдпреЗ рдирд┐рд░реНрдореВ, рдХреЗрд╢реВ, рдмреБрд▓реНрд▓рд╛ рдЬреИрд╕реЗ рд▓реЛрдЧ рдЯреНрд╡рд┐рдЯрд░ рдЬреИрд╕реЗ рдкрдмреНрд▓рд┐рдХ рдкреНрд▓реЗрдЯрдлрд╛рд░реНрдо рдкрд░ рдЬрд┐рд╕ рддрд░рд╣ рдХрд╛ рдЕрднрджреНрд░ рднрд╛рд╖рд╛ рдХрд╛ рдкреНрд░рдпреЛрдЧ рдХрд░рддреЗ рд╣реИрдВ, рдЙрд╕рдХреЗ рд▓рд┐рдП рдпреЗ рдЗрд╕ рд╕тАж",hi
"RT @Keshu__11: рдмреБрд▓реНрд▓рд╛ рднреИрдпрд╛ рдиреЗ рдЕрдкрдиреА рд╢рд╛рджреА рдореЗрдВ рдпреЗ рдбрд╛рдВрд╕рд░ рдмреБрд▓рд╛рдИ рд╣реИ рдЧрд╛рдЗрдЬрд╝ рдкрд░ рдпреЗ рддреЛ рдХрд╣реА рджреЗрдЦреА рджреЗрдЦреА рд╕реА рд▓рдЧ рд░рд╣реА.,ЁЯШн https://t.co/TLQsWUzNw9",hi
"RT @Keshu__11: рдмреБрд▓реНрд▓рд╛ рднреИрдпрд╛ рдиреЗ рдЕрдкрдиреА рд╢рд╛рджреА рдореЗрдВ рдпреЗ рдбрд╛рдВрд╕рд░ рдмреБрд▓рд╛рдИ рд╣реИ рдЧрд╛рдЗрдЬрд╝ рдкрд░ рдпреЗ рддреЛ рдХрд╣реА рджреЗрдЦреА рджреЗрдЦреА рд╕реА рд▓рдЧ рд░рд╣реА.,ЁЯШн https://t.co/TLQsWUzNw9",hi
"RT @Khesarii: рдпреЗ рдирд┐рд░реНрдореВ, рдХреЗрд╢реВ, рдмреБрд▓реНрд▓рд╛ рдЬреИрд╕реЗ рд▓реЛрдЧ рдЯреНрд╡рд┐рдЯрд░ рдЬреИрд╕реЗ рдкрдмреНрд▓рд┐рдХ рдкреНрд▓реЗрдЯрдлрд╛рд░реНрдо рдкрд░ рдЬрд┐рд╕ рддрд░рд╣ рдХрд╛ рдЕрднрджреНрд░ рднрд╛рд╖рд╛ рдХрд╛ рдкреНрд░рдпреЛрдЧ рдХрд░рддреЗ рд╣реИрдВ, рдЙрд╕рдХреЗ рд▓рд┐рдП рдпреЗ рдЗрд╕ рд╕тАж",hi
"RT @Khesarii: рдпреЗ рдирд┐рд░реНрдореВ, рдХреЗрд╢реВ, рдмреБрд▓реНрд▓рд╛ рдЬреИрд╕реЗ рд▓реЛрдЧ рдЯреНрд╡рд┐рдЯрд░ рдЬреИрд╕реЗ рдкрдмреНрд▓рд┐рдХ рдкреНрд▓реЗрдЯрдлрд╛рд░реНрдо рдкрд░ рдЬрд┐рд╕ рддрд░рд╣ рдХрд╛ рдЕрднрджреНрд░ рднрд╛рд╖рд╛ рдХрд╛ рдкреНрд░рдпреЛрдЧ рдХрд░рддреЗ рд╣реИрдВ, рдЙрд╕рдХреЗ рд▓рд┐рдП рдпреЗ рдЗрд╕ рд╕тАж",hi
"RT @Khesarii: рдпреЗ рдирд┐рд░реНрдореВ, рдХреЗрд╢реВ, рдмреБрд▓реНрд▓рд╛ рдЬреИрд╕реЗ рд▓реЛрдЧ рдЯреНрд╡рд┐рдЯрд░ рдЬреИрд╕реЗ рдкрдмреНрд▓рд┐рдХ рдкреНрд▓реЗрдЯрдлрд╛рд░реНрдо рдкрд░ рдЬрд┐рд╕ рддрд░рд╣ рдХрд╛ рдЕрднрджреНрд░ рднрд╛рд╖рд╛ рдХрд╛ рдкреНрд░рдпреЛрдЧ рдХрд░рддреЗ рд╣реИрдВ, рдЙрд╕рдХреЗ рд▓рд┐рдП рдпреЗ рдЗрд╕ рд╕тАж",hi
"RT @Khesarii: рдпреЗ рдирд┐рд░реНрдореВ, рдХреЗрд╢реВ, рдмреБрд▓реНрд▓рд╛ рдЬреИрд╕реЗ рд▓реЛрдЧ рдЯреНрд╡рд┐рдЯрд░ рдЬреИрд╕реЗ рдкрдмреНрд▓рд┐рдХ рдкреНрд▓реЗрдЯрдлрд╛рд░реНрдо рдкрд░ рдЬрд┐рд╕ рддрд░рд╣ рдХрд╛ рдЕрднрджреНрд░ рднрд╛рд╖рд╛ рдХрд╛ рдкреНрд░рдпреЛрдЧ рдХрд░рддреЗ рд╣реИрдВ, рдЙрд╕рдХреЗ рд▓рд┐рдП рдпреЗ рдЗрд╕ рд╕тАж",hi
"RT @Keshu__11: рдмреБрд▓реНрд▓рд╛ рднреИрдпрд╛ рдиреЗ рдЕрдкрдиреА рд╢рд╛рджреА рдореЗрдВ рдпреЗ рдбрд╛рдВрд╕рд░ рдмреБрд▓рд╛рдИ рд╣реИ рдЧрд╛рдЗрдЬрд╝ рдкрд░ рдпреЗ рддреЛ рдХрд╣реА рджреЗрдЦреА рджреЗрдЦреА рд╕реА рд▓рдЧ рд░рд╣реА.,ЁЯШн https://t.co/TLQsWUzNw9",hi
"рдпреЗ рдирд┐рд░реНрдореВ, рдХреЗрд╢реВ, рдмреБрд▓реНрд▓рд╛ рдЬреИрд╕реЗ рд▓реЛрдЧ рдЯреНрд╡рд┐рдЯрд░ рдЬреИрд╕реЗ рдкрдмреНрд▓рд┐рдХ рдкреНрд▓реЗрдЯрдлрд╛рд░реНрдо рдкрд░ рдЬрд┐рд╕ рддрд░рд╣ рдХрд╛ рдЕрднрджреНрд░ рднрд╛рд╖рд╛ рдХрд╛ рдкреНрд░рдпреЛрдЧ рдХрд░рддреЗ рд╣реИрдВ, рдЙрд╕рдХреЗ рд▓рд┐тАж https://t.co/tRonZQXz2n",hi
"RT @Kanatunga: рдПрдХ рдмреБрд▓реНрд▓рд╛ рдЯреНрд╡рд┐рдЯрд░ рдкрд░ рдмреЛрд▓ рд░рд╣рд╛ рдерд╛ рдХрд┐ рд╣рд┐рдВрджреВ рд╕рдорд╛рдЬ рдЕрдВрджрд░ рд╕реЗ рд╕рдбрд╝ рдЪреБрдХрд╛ рд╣реИрдВред

рдЙрд╕рдХреЗ рдереЛрдбрд╝реА рд╣реА рджреЗрд░ рдмрд╛рдж рд╡реЛ рдЕрдкрдиреЗ рдкреВрд░реЗ рдкрд░рд┐рд╡рд╛рд░ рдХреА рдЦреБрдЬрд▓реА рдХрд╛ рдЗтАж",hi
"RT @Keshu__11: рдмреБрд▓реНрд▓рд╛ рднреИрдпрд╛ рдиреЗ рдЕрдкрдиреА рд╢рд╛рджреА рдореЗрдВ рдпреЗ рдбрд╛рдВрд╕рд░ рдмреБрд▓рд╛рдИ рд╣реИ рдЧрд╛рдЗрдЬрд╝ рдкрд░ рдпреЗ рддреЛ рдХрд╣реА рджреЗрдЦреА рджреЗрдЦреА рд╕реА рд▓рдЧ рд░рд╣реА.,ЁЯШн https://t.co/TLQsWUzNw9",hi
"RT @Keshu__11: рдмреБрд▓реНрд▓рд╛ рднреИрдпрд╛ рдиреЗ рдЕрдкрдиреА рд╢рд╛рджреА рдореЗрдВ рдпреЗ рдбрд╛рдВрд╕рд░ рдмреБрд▓рд╛рдИ рд╣реИ рдЧрд╛рдЗрдЬрд╝ рдкрд░ рдпреЗ рддреЛ рдХрд╣реА рджреЗрдЦреА рджреЗрдЦреА рд╕реА рд▓рдЧ рд░рд╣реА.,ЁЯШн https://t.co/TLQsWUzNw9",hi
"RT @Keshu__11: рдмреБрд▓реНрд▓рд╛ рднреИрдпрд╛ рдиреЗ рдЕрдкрдиреА рд╢рд╛рджреА рдореЗрдВ рдпреЗ рдбрд╛рдВрд╕рд░ рдмреБрд▓рд╛рдИ рд╣реИ рдЧрд╛рдЗрдЬрд╝ рдкрд░ рдпреЗ рддреЛ рдХрд╣реА рджреЗрдЦреА рджреЗрдЦреА рд╕реА рд▓рдЧ рд░рд╣реА.,ЁЯШн https://t.co/TLQsWUzNw9",hi
"RT @Keshu__11: рдмреБрд▓реНрд▓рд╛ рднреИрдпрд╛ рдиреЗ рдЕрдкрдиреА рд╢рд╛рджреА рдореЗрдВ рдпреЗ рдбрд╛рдВрд╕рд░ рдмреБрд▓рд╛рдИ рд╣реИ рдЧрд╛рдЗрдЬрд╝ рдкрд░ рдпреЗ рддреЛ рдХрд╣реА рджреЗрдЦреА рджреЗрдЦреА рд╕реА рд▓рдЧ рд░рд╣реА.,ЁЯШн https://t.co/TLQsWUzNw9",hi
"RT @Keshu__11: рдмреБрд▓реНрд▓рд╛ рднреИрдпрд╛ рдиреЗ рдЕрдкрдиреА рд╢рд╛рджреА рдореЗрдВ рдпреЗ рдбрд╛рдВрд╕рд░ рдмреБрд▓рд╛рдИ рд╣реИ рдЧрд╛рдЗрдЬрд╝ рдкрд░ рдпреЗ рддреЛ рдХрд╣реА рджреЗрдЦреА рджреЗрдЦреА рд╕реА рд▓рдЧ рд░рд╣реА.,ЁЯШн https://t.co/TLQsWUzNw9",hi
"RT @Keshu__11: рдмреБрд▓реНрд▓рд╛ рднреИрдпрд╛ рдиреЗ рдЕрдкрдиреА рд╢рд╛рджреА рдореЗрдВ рдпреЗ рдбрд╛рдВрд╕рд░ рдмреБрд▓рд╛рдИ рд╣реИ рдЧрд╛рдЗрдЬрд╝ рдкрд░ рдпреЗ рддреЛ рдХрд╣реА рджреЗрдЦреА рджреЗрдЦреА рд╕реА рд▓рдЧ рд░рд╣реА.,ЁЯШн https://t.co/TLQsWUzNw9",hi
"RT @Keshu__11: рдмреБрд▓реНрд▓рд╛ рднреИрдпрд╛ рдиреЗ рдЕрдкрдиреА рд╢рд╛рджреА рдореЗрдВ рдпреЗ рдбрд╛рдВрд╕рд░ рдмреБрд▓рд╛рдИ рд╣реИ рдЧрд╛рдЗрдЬрд╝ рдкрд░ рдпреЗ рддреЛ рдХрд╣реА рджреЗрдЦреА рджреЗрдЦреА рд╕реА рд▓рдЧ рд░рд╣реА.,ЁЯШн https://t.co/TLQsWUzNw9",hi
"RT @Keshu__11: рдмреБрд▓реНрд▓рд╛ рднреИрдпрд╛ рдиреЗ рдЕрдкрдиреА рд╢рд╛рджреА рдореЗрдВ рдпреЗ рдбрд╛рдВрд╕рд░ рдмреБрд▓рд╛рдИ рд╣реИ рдЧрд╛рдЗрдЬрд╝ рдкрд░ рдпреЗ рддреЛ рдХрд╣реА рджреЗрдЦреА рджреЗрдЦреА рд╕реА рд▓рдЧ рд░рд╣реА.,ЁЯШн https://t.co/TLQsWUzNw9",hi
"RT @Keshu__11: рдмреБрд▓реНрд▓рд╛ рднреИрдпрд╛ рдиреЗ рдЕрдкрдиреА рд╢рд╛рджреА рдореЗрдВ рдпреЗ рдбрд╛рдВрд╕рд░ рдмреБрд▓рд╛рдИ рд╣реИ рдЧрд╛рдЗрдЬрд╝ рдкрд░ рдпреЗ рддреЛ рдХрд╣реА рджреЗрдЦреА рджреЗрдЦреА рд╕реА рд▓рдЧ рд░рд╣реА.,ЁЯШн https://t.co/TLQsWUzNw9",hi
"RT @Keshu__11: рдмреБрд▓реНрд▓рд╛ рднреИрдпрд╛ рдиреЗ рдЕрдкрдиреА рд╢рд╛рджреА рдореЗрдВ рдпреЗ рдбрд╛рдВрд╕рд░ рдмреБрд▓рд╛рдИ рд╣реИ рдЧрд╛рдЗрдЬрд╝ рдкрд░ рдпреЗ рддреЛ рдХрд╣реА рджреЗрдЦреА рджреЗрдЦреА рд╕реА рд▓рдЧ рд░рд╣реА.,ЁЯШн https://t.co/TLQsWUzNw9",hi
"RT @Keshu__11: рдмреБрд▓реНрд▓рд╛ рднреИрдпрд╛ рдиреЗ рдЕрдкрдиреА рд╢рд╛рджреА рдореЗрдВ рдпреЗ рдбрд╛рдВрд╕рд░ рдмреБрд▓рд╛рдИ рд╣реИ рдЧрд╛рдЗрдЬрд╝ рдкрд░ рдпреЗ рддреЛ рдХрд╣реА рджреЗрдЦреА рджреЗрдЦреА рд╕реА рд▓рдЧ рд░рд╣реА.,ЁЯШн https://t.co/TLQsWUzNw9",hi
"RT @Keshu__11: рдмреБрд▓реНрд▓рд╛ рднреИрдпрд╛ рдиреЗ рдЕрдкрдиреА рд╢рд╛рджреА рдореЗрдВ рдпреЗ рдбрд╛рдВрд╕рд░ рдмреБрд▓рд╛рдИ рд╣реИ рдЧрд╛рдЗрдЬрд╝ рдкрд░ рдпреЗ рддреЛ рдХрд╣реА рджреЗрдЦреА рджреЗрдЦреА рд╕реА рд▓рдЧ рд░рд╣реА.,ЁЯШн https://t.co/TLQsWUzNw9",hi
"RT @Keshu__11: рдмреБрд▓реНрд▓рд╛ рднреИрдпрд╛ рдиреЗ рдЕрдкрдиреА рд╢рд╛рджреА рдореЗрдВ рдпреЗ рдбрд╛рдВрд╕рд░ рдмреБрд▓рд╛рдИ рд╣реИ рдЧрд╛рдЗрдЬрд╝ рдкрд░ рдпреЗ рддреЛ рдХрд╣реА рджреЗрдЦреА рджреЗрдЦреА рд╕реА рд▓рдЧ рд░рд╣реА.,ЁЯШн https://t.co/TLQsWUzNw9",hi
"RT @Keshu__11: рдмреБрд▓реНрд▓рд╛ рднреИрдпрд╛ рдиреЗ рдЕрдкрдиреА рд╢рд╛рджреА рдореЗрдВ рдпреЗ рдбрд╛рдВрд╕рд░ рдмреБрд▓рд╛рдИ рд╣реИ рдЧрд╛рдЗрдЬрд╝ рдкрд░ рдпреЗ рддреЛ рдХрд╣реА рджреЗрдЦреА рджреЗрдЦреА рд╕реА рд▓рдЧ рд░рд╣реА.,ЁЯШн https://t.co/TLQsWUzNw9",hi
"RT @Keshu__11: рдмреБрд▓реНрд▓рд╛ рднреИрдпрд╛ рдиреЗ рдЕрдкрдиреА рд╢рд╛рджреА рдореЗрдВ рдпреЗ рдбрд╛рдВрд╕рд░ рдмреБрд▓рд╛рдИ рд╣реИ рдЧрд╛рдЗрдЬрд╝ рдкрд░ рдпреЗ рддреЛ рдХрд╣реА рджреЗрдЦреА рджреЗрдЦреА рд╕реА рд▓рдЧ рд░рд╣реА.,ЁЯШн https://t.co/TLQsWUzNw9",hi
"RT @Keshu__11: рдмреБрд▓реНрд▓рд╛ рднреИрдпрд╛ рдиреЗ рдЕрдкрдиреА рд╢рд╛рджреА рдореЗрдВ рдпреЗ рдбрд╛рдВрд╕рд░ рдмреБрд▓рд╛рдИ рд╣реИ рдЧрд╛рдЗрдЬрд╝ рдкрд░ рдпреЗ рддреЛ рдХрд╣реА рджреЗрдЦреА рджреЗрдЦреА рд╕реА рд▓рдЧ рд░рд╣реА.,ЁЯШн https://t.co/TLQsWUzNw9",hi
"RT @Keshu__11: рдмреБрд▓реНрд▓рд╛ рднреИрдпрд╛ рдиреЗ рдЕрдкрдиреА рд╢рд╛рджреА рдореЗрдВ рдпреЗ рдбрд╛рдВрд╕рд░ рдмреБрд▓рд╛рдИ рд╣реИ рдЧрд╛рдЗрдЬрд╝ рдкрд░ рдпреЗ рддреЛ рдХрд╣реА рджреЗрдЦреА рджреЗрдЦреА рд╕реА рд▓рдЧ рд░рд╣реА.,ЁЯШн https://t.co/TLQsWUzNw9",hi
"RT @Keshu__11: рдмреБрд▓реНрд▓рд╛ рднреИрдпрд╛ рдиреЗ рдЕрдкрдиреА рд╢рд╛рджреА рдореЗрдВ рдпреЗ рдбрд╛рдВрд╕рд░ рдмреБрд▓рд╛рдИ рд╣реИ рдЧрд╛рдЗрдЬрд╝ рдкрд░ рдпреЗ рддреЛ рдХрд╣реА рджреЗрдЦреА рджреЗрдЦреА рд╕реА рд▓рдЧ рд░рд╣реА.,ЁЯШн https://t.co/TLQsWUzNw9",hi
"рдмреБрд▓реНрд▓рд╛ рднреИрдпрд╛ рдиреЗ рдЕрдкрдиреА рд╢рд╛рджреА рдореЗрдВ рдпреЗ рдбрд╛рдВрд╕рд░ рдмреБрд▓рд╛рдИ рд╣реИ рдЧрд╛рдЗрдЬрд╝ рдкрд░ рдпреЗ рддреЛ рдХрд╣реА рджреЗрдЦреА рджреЗрдЦреА рд╕реА рд▓рдЧ рд░рд╣реА.,ЁЯШн https://t.co/TLQsWUzNw9",hi
"RT @Kanatunga: рдПрдХ рдмреБрд▓реНрд▓рд╛ рдЯреНрд╡рд┐рдЯрд░ рдкрд░ рдмреЛрд▓ рд░рд╣рд╛ рдерд╛ рдХрд┐ рд╣рд┐рдВрджреВ рд╕рдорд╛рдЬ рдЕрдВрджрд░ рд╕реЗ рд╕рдбрд╝ рдЪреБрдХрд╛ рд╣реИрдВред

рдЙрд╕рдХреЗ рдереЛрдбрд╝реА рд╣реА рджреЗрд░ рдмрд╛рдж рд╡реЛ рдЕрдкрдиреЗ рдкреВрд░реЗ рдкрд░рд┐рд╡рд╛рд░ рдХреА рдЦреБрдЬрд▓реА рдХрд╛ рдЗтАж",hi
"RT @Kanatunga: рдПрдХ рдмреБрд▓реНрд▓рд╛ рдЯреНрд╡рд┐рдЯрд░ рдкрд░ рдмреЛрд▓ рд░рд╣рд╛ рдерд╛ рдХрд┐ рд╣рд┐рдВрджреВ рд╕рдорд╛рдЬ рдЕрдВрджрд░ рд╕реЗ рд╕рдбрд╝ рдЪреБрдХрд╛ рд╣реИрдВред

рдЙрд╕рдХреЗ рдереЛрдбрд╝реА рд╣реА рджреЗрд░ рдмрд╛рдж рд╡реЛ рдЕрдкрдиреЗ рдкреВрд░реЗ рдкрд░рд┐рд╡рд╛рд░ рдХреА рдЦреБрдЬрд▓реА рдХрд╛ рдЗтАж",hi
"RT @Kanatunga: рдПрдХ рдмреБрд▓реНрд▓рд╛ рдЯреНрд╡рд┐рдЯрд░ рдкрд░ рдмреЛрд▓ рд░рд╣рд╛ рдерд╛ рдХрд┐ рд╣рд┐рдВрджреВ рд╕рдорд╛рдЬ рдЕрдВрджрд░ рд╕реЗ рд╕рдбрд╝ рдЪреБрдХрд╛ рд╣реИрдВред

рдЙрд╕рдХреЗ рдереЛрдбрд╝реА рд╣реА рджреЗрд░ рдмрд╛рдж рд╡реЛ рдЕрдкрдиреЗ рдкреВрд░реЗ рдкрд░рд┐рд╡рд╛рд░ рдХреА рдЦреБрдЬрд▓реА рдХрд╛ рдЗтАж",hi
"RT @Kanatunga: рдПрдХ рдмреБрд▓реНрд▓рд╛ рдЯреНрд╡рд┐рдЯрд░ рдкрд░ рдмреЛрд▓ рд░рд╣рд╛ рдерд╛ рдХрд┐ рд╣рд┐рдВрджреВ рд╕рдорд╛рдЬ рдЕрдВрджрд░ рд╕реЗ рд╕рдбрд╝ рдЪреБрдХрд╛ рд╣реИрдВред

рдЙрд╕рдХреЗ рдереЛрдбрд╝реА рд╣реА рджреЗрд░ рдмрд╛рдж рд╡реЛ рдЕрдкрдиреЗ рдкреВрд░реЗ рдкрд░рд┐рд╡рд╛рд░ рдХреА рдЦреБрдЬрд▓реА рдХрд╛ рдЗтАж",hi
"RT @Kanatunga: рдПрдХ рдмреБрд▓реНрд▓рд╛ рдЯреНрд╡рд┐рдЯрд░ рдкрд░ рдмреЛрд▓ рд░рд╣рд╛ рдерд╛ рдХрд┐ рд╣рд┐рдВрджреВ рд╕рдорд╛рдЬ рдЕрдВрджрд░ рд╕реЗ рд╕рдбрд╝ рдЪреБрдХрд╛ рд╣реИрдВред

рдЙрд╕рдХреЗ рдереЛрдбрд╝реА рд╣реА рджреЗрд░ рдмрд╛рдж рд╡реЛ рдЕрдкрдиреЗ рдкреВрд░реЗ рдкрд░рд┐рд╡рд╛рд░ рдХреА рдЦреБрдЬрд▓реА рдХрд╛ рдЗтАж",hi
@sayedwahabb1 @iSk_IND @RahulGandhi рдХреИрд╕реЗ рдЦрд╝рддрдо рд╣реЛ рдЬрд╛рдпреЗ рдпрд╣рд╛рдБ рддреЛ рд╣рд░ рдмреБрд▓реНрд▓рд╛ рдЧрд╝рджреНрджрд╛рд░реА рдХреА рддрд╛рдХ рдореЗ рдмреИрдард╛ рд░реЗрд╣рддрд╛ рд╣реИрдВ,hi
@Grlwithdimples рдмреБрд▓реНрд▓рд╛ рднреИрдпрд╛,hi
"RT @Kanatunga: рдПрдХ рдмреБрд▓реНрд▓рд╛ рдЯреНрд╡рд┐рдЯрд░ рдкрд░ рдмреЛрд▓ рд░рд╣рд╛ рдерд╛ рдХрд┐ рд╣рд┐рдВрджреВ рд╕рдорд╛рдЬ рдЕрдВрджрд░ рд╕реЗ рд╕рдбрд╝ рдЪреБрдХрд╛ рд╣реИрдВред

рдЙрд╕рдХреЗ рдереЛрдбрд╝реА рд╣реА рджреЗрд░ рдмрд╛рдж рд╡реЛ рдЕрдкрдиреЗ рдкреВрд░реЗ рдкрд░рд┐рд╡рд╛рд░ рдХреА рдЦреБрдЬрд▓реА рдХрд╛ рдЗтАж",hi
"RT @Kanatunga: рдПрдХ рдмреБрд▓реНрд▓рд╛ рдЯреНрд╡рд┐рдЯрд░ рдкрд░ рдмреЛрд▓ рд░рд╣рд╛ рдерд╛ рдХрд┐ рд╣рд┐рдВрджреВ рд╕рдорд╛рдЬ рдЕрдВрджрд░ рд╕реЗ рд╕рдбрд╝ рдЪреБрдХрд╛ рд╣реИрдВред

рдЙрд╕рдХреЗ рдереЛрдбрд╝реА рд╣реА рджреЗрд░ рдмрд╛рдж рд╡реЛ рдЕрдкрдиреЗ рдкреВрд░реЗ рдкрд░рд┐рд╡рд╛рд░ рдХреА рдЦреБрдЬрд▓реА рдХрд╛ рдЗтАж",hi
"RT @Kanatunga: рдПрдХ рдмреБрд▓реНрд▓рд╛ рдЯреНрд╡рд┐рдЯрд░ рдкрд░ рдмреЛрд▓ рд░рд╣рд╛ рдерд╛ рдХрд┐ рд╣рд┐рдВрджреВ рд╕рдорд╛рдЬ рдЕрдВрджрд░ рд╕реЗ рд╕рдбрд╝ рдЪреБрдХрд╛ рд╣реИрдВред

рдЙрд╕рдХреЗ рдереЛрдбрд╝реА рд╣реА рджреЗрд░ рдмрд╛рдж рд╡реЛ рдЕрдкрдиреЗ рдкреВрд░реЗ рдкрд░рд┐рд╡рд╛рд░ рдХреА рдЦреБрдЬрд▓реА рдХрд╛ рдЗтАж",hi
"RT @Kanatunga: рдПрдХ рдмреБрд▓реНрд▓рд╛ рдЯреНрд╡рд┐рдЯрд░ рдкрд░ рдмреЛрд▓ рд░рд╣рд╛ рдерд╛ рдХрд┐ рд╣рд┐рдВрджреВ рд╕рдорд╛рдЬ рдЕрдВрджрд░ рд╕реЗ рд╕рдбрд╝ рдЪреБрдХрд╛ рд╣реИрдВред

рдЙрд╕рдХреЗ рдереЛрдбрд╝реА рд╣реА рджреЗрд░ рдмрд╛рдж рд╡реЛ рдЕрдкрдиреЗ рдкреВрд░реЗ рдкрд░рд┐рд╡рд╛рд░ рдХреА рдЦреБрдЬрд▓реА рдХрд╛ рдЗтАж",hi
@sanskaribulla рдмреБрд▓реНрд▓рд╛ рдмреБрдорд░ рд░рдЦрд▓реЛ рдЕрдкрдирд╛ рдирд╛рдо рднреИрдпрд╛,hi
"RT @Kanatunga: рдПрдХ рдмреБрд▓реНрд▓рд╛ рдЯреНрд╡рд┐рдЯрд░ рдкрд░ рдмреЛрд▓ рд░рд╣рд╛ рдерд╛ рдХрд┐ рд╣рд┐рдВрджреВ рд╕рдорд╛рдЬ рдЕрдВрджрд░ рд╕реЗ рд╕рдбрд╝ рдЪреБрдХрд╛ рд╣реИрдВред

рдЙрд╕рдХреЗ рдереЛрдбрд╝реА рд╣реА рджреЗрд░ рдмрд╛рдж рд╡реЛ рдЕрдкрдиреЗ рдкреВрд░реЗ рдкрд░рд┐рд╡рд╛рд░ рдХреА рдЦреБрдЬрд▓реА рдХрд╛ рдЗтАж",hi
"RT @Kanatunga: рдПрдХ рдмреБрд▓реНрд▓рд╛ рдЯреНрд╡рд┐рдЯрд░ рдкрд░ рдмреЛрд▓ рд░рд╣рд╛ рдерд╛ рдХрд┐ рд╣рд┐рдВрджреВ рд╕рдорд╛рдЬ рдЕрдВрджрд░ рд╕реЗ рд╕рдбрд╝ рдЪреБрдХрд╛ рд╣реИрдВред

рдЙрд╕рдХреЗ рдереЛрдбрд╝реА рд╣реА рджреЗрд░ рдмрд╛рдж рд╡реЛ рдЕрдкрдиреЗ рдкреВрд░реЗ рдкрд░рд┐рд╡рд╛рд░ рдХреА рдЦреБрдЬрд▓реА рдХрд╛ рдЗтАж",hi
@shakirp81554263 @Rahul24723446 @sudhirchaudhary 5 рдмрд╛рд░ рд▓рд╛рдЙрдбрд╕реНрдкреАрдХрд░ рдкрд░ рджрд┐рдорд╛рдЧ рдХреА 12:00 рдмрдЬрд╛ рджреЗрддреЗ рд╣реЛ  рддреБрдо рд╡рд╣рд╛рдВ рдХреБрдЫ рдирд╣реАрдВ рдмреЛрд▓реЗрдЧрд╛ рдмреБрд▓реНрд▓рд╛,hi
"RT @Kanatunga: рдПрдХ рдмреБрд▓реНрд▓рд╛ рдЯреНрд╡рд┐рдЯрд░ рдкрд░ рдмреЛрд▓ рд░рд╣рд╛ рдерд╛ рдХрд┐ рд╣рд┐рдВрджреВ рд╕рдорд╛рдЬ рдЕрдВрджрд░ рд╕реЗ рд╕рдбрд╝ рдЪреБрдХрд╛ рд╣реИрдВред

рдЙрд╕рдХреЗ рдереЛрдбрд╝реА рд╣реА рджреЗрд░ рдмрд╛рдж рд╡реЛ рдЕрдкрдиреЗ рдкреВрд░реЗ рдкрд░рд┐рд╡рд╛рд░ рдХреА рдЦреБрдЬрд▓реА рдХрд╛ рдЗтАж",hi
@KapilMishra_IND рдпрд╣ рдЕрд╕рд▓реА рдмреБрд▓реНрд▓рд╛ рдФрд░ рдХрд░реЗрдЧрд╛ рднреА рдХреНрдпрд╛ рд╣рд┐рдВрджреБрдУ рд╕реЗ рдЗрд╕рдХреА рдирдлрд╝рд░рдд рдЬрдЧ рдЬрд╛рд╣рд┐рд░ рд╣реИред,hi
"RT @Kanatunga: рдПрдХ рдмреБрд▓реНрд▓рд╛ рдЯреНрд╡рд┐рдЯрд░ рдкрд░ рдмреЛрд▓ рд░рд╣рд╛ рдерд╛ рдХрд┐ рд╣рд┐рдВрджреВ рд╕рдорд╛рдЬ рдЕрдВрджрд░ рд╕реЗ рд╕рдбрд╝ рдЪреБрдХрд╛ рд╣реИрдВред

рдЙрд╕рдХреЗ рдереЛрдбрд╝реА рд╣реА рджреЗрд░ рдмрд╛рдж рд╡реЛ рдЕрдкрдиреЗ рдкреВрд░реЗ рдкрд░рд┐рд╡рд╛рд░ рдХреА рдЦреБрдЬрд▓реА рдХрд╛ рдЗтАж",hi
"RT @Kanatunga: рдПрдХ рдмреБрд▓реНрд▓рд╛ рдЯреНрд╡рд┐рдЯрд░ рдкрд░ рдмреЛрд▓ рд░рд╣рд╛ рдерд╛ рдХрд┐ рд╣рд┐рдВрджреВ рд╕рдорд╛рдЬ рдЕрдВрджрд░ рд╕реЗ рд╕рдбрд╝ рдЪреБрдХрд╛ рд╣реИрдВред

рдЙрд╕рдХреЗ рдереЛрдбрд╝реА рд╣реА рджреЗрд░ рдмрд╛рдж рд╡реЛ рдЕрдкрдиреЗ рдкреВрд░реЗ рдкрд░рд┐рд╡рд╛рд░ рдХреА рдЦреБрдЬрд▓реА рдХрд╛ рдЗтАж",hi
"RT @Kanatunga: рдПрдХ рдмреБрд▓реНрд▓рд╛ рдЯреНрд╡рд┐рдЯрд░ рдкрд░ рдмреЛрд▓ рд░рд╣рд╛ рдерд╛ рдХрд┐ рд╣рд┐рдВрджреВ рд╕рдорд╛рдЬ рдЕрдВрджрд░ рд╕реЗ рд╕рдбрд╝ рдЪреБрдХрд╛ рд╣реИрдВред

рдЙрд╕рдХреЗ рдереЛрдбрд╝реА рд╣реА рджреЗрд░ рдмрд╛рдж рд╡реЛ рдЕрдкрдиреЗ рдкреВрд░реЗ рдкрд░рд┐рд╡рд╛рд░ рдХреА рдЦреБрдЬрд▓реА рдХрд╛ рдЗтАж",hi
"RT @Kanatunga: рдПрдХ рдмреБрд▓реНрд▓рд╛ рдЯреНрд╡рд┐рдЯрд░ рдкрд░ рдмреЛрд▓ рд░рд╣рд╛ рдерд╛ рдХрд┐ рд╣рд┐рдВрджреВ рд╕рдорд╛рдЬ рдЕрдВрджрд░ рд╕реЗ рд╕рдбрд╝ рдЪреБрдХрд╛ рд╣реИрдВред

рдЙрд╕рдХреЗ рдереЛрдбрд╝реА рд╣реА рджреЗрд░ рдмрд╛рдж рд╡реЛ рдЕрдкрдиреЗ рдкреВрд░реЗ рдкрд░рд┐рд╡рд╛рд░ рдХреА рдЦреБрдЬрд▓реА рдХрд╛ рдЗтАж",hi
"RT @Kanatunga: рдПрдХ рдмреБрд▓реНрд▓рд╛ рдЯреНрд╡рд┐рдЯрд░ рдкрд░ рдмреЛрд▓ рд░рд╣рд╛ рдерд╛ рдХрд┐ рд╣рд┐рдВрджреВ рд╕рдорд╛рдЬ рдЕрдВрджрд░ рд╕реЗ рд╕рдбрд╝ рдЪреБрдХрд╛ рд╣реИрдВред

рдЙрд╕рдХреЗ рдереЛрдбрд╝реА рд╣реА рджреЗрд░ рдмрд╛рдж рд╡реЛ рдЕрдкрдиреЗ рдкреВрд░реЗ рдкрд░рд┐рд╡рд╛рд░ рдХреА рдЦреБрдЬрд▓реА рдХрд╛ рдЗтАж",hi
"RT @Kanatunga: рдПрдХ рдмреБрд▓реНрд▓рд╛ рдЯреНрд╡рд┐рдЯрд░ рдкрд░ рдмреЛрд▓ рд░рд╣рд╛ рдерд╛ рдХрд┐ рд╣рд┐рдВрджреВ рд╕рдорд╛рдЬ рдЕрдВрджрд░ рд╕реЗ рд╕рдбрд╝ рдЪреБрдХрд╛ рд╣реИрдВред

рдЙрд╕рдХреЗ рдереЛрдбрд╝реА рд╣реА рджреЗрд░ рдмрд╛рдж рд╡реЛ рдЕрдкрдиреЗ рдкреВрд░реЗ рдкрд░рд┐рд╡рд╛рд░ рдХреА рдЦреБрдЬрд▓реА рдХрд╛ рдЗтАж",hi
"рдПрдХ рдмреБрд▓реНрд▓рд╛ рдЯреНрд╡рд┐рдЯрд░ рдкрд░ рдмреЛрд▓ рд░рд╣рд╛ рдерд╛ рдХрд┐ рд╣рд┐рдВрджреВ рд╕рдорд╛рдЬ рдЕрдВрджрд░ рд╕реЗ рд╕рдбрд╝ рдЪреБрдХрд╛ рд╣реИрдВред

рдЙрд╕рдХреЗ рдереЛрдбрд╝реА рд╣реА рджреЗрд░ рдмрд╛рдж рд╡реЛ рдЕрдкрдиреЗ рдкреВрд░реЗ рдкрд░рд┐рд╡рд╛рд░ рдХреА рдЦреБтАж https://t.co/EtgR8BPNyF",hi
"RT @ashu_nauty: @YasirPost рдпреЗ рднреА рдмреБрд▓реНрд▓рд╛ рдХреА рдЬрдореАрди рд╣реИ, рд╡реЛ рднреА рдмреБрд▓реНрд▓рд╛ рдХреА рдЬрдореАрди рд╣реИ. рддреВ рдпреЗ рдЯреНрд╡реАрдЯ рдХреНрдпрд╛ рджреЗрдЦ рд░рд╣рд╛ рд╣реИ, рддреЗрд░рд╛ рдШрд░ рднреА рдмреБрд▓реНрд▓рд╛ рдХреА рдЬрдореАрди рдкрд░ рд╣реИ.тАж",hi
"RT @ashu_nauty: @YasirPost рдпреЗ рднреА рдмреБрд▓реНрд▓рд╛ рдХреА рдЬрдореАрди рд╣реИ, рд╡реЛ рднреА рдмреБрд▓реНрд▓рд╛ рдХреА рдЬрдореАрди рд╣реИ. рддреВ рдпреЗ рдЯреНрд╡реАрдЯ рдХреНрдпрд╛ рджреЗрдЦ рд░рд╣рд╛ рд╣реИ, рддреЗрд░рд╛ рдШрд░ рднреА рдмреБрд▓реНрд▓рд╛ рдХреА рдЬрдореАрди рдкрд░ рд╣реИ.тАж",hi
рдУрдирд▓реА рдмреБрд▓реНрд▓рд╛ рднрдИрдпрд╛ рдЗрдЬрд╝ рдЕрд░реНрдирд┐рдВрдЧ рдордиреА рдереНрд░реВ рдЯреНрд╡рд┐рдЯрд░редЁЯе║,hi
@ashu_nauty @YasirPost рдФрд░ рдмреБрд▓реНрд▓рд╛ ЁЯРЦЁЯР╖рдХреЗ рдкрд┐рдЫрд╡рд╛рдбрд╝реЗ рдореЗрдВ,hi
"RT @ashu_nauty: @YasirPost рдпреЗ рднреА рдмреБрд▓реНрд▓рд╛ рдХреА рдЬрдореАрди рд╣реИ, рд╡реЛ рднреА рдмреБрд▓реНрд▓рд╛ рдХреА рдЬрдореАрди рд╣реИ. рддреВ рдпреЗ рдЯреНрд╡реАрдЯ рдХреНрдпрд╛ рджреЗрдЦ рд░рд╣рд╛ рд╣реИ, рддреЗрд░рд╛ рдШрд░ рднреА рдмреБрд▓реНрд▓рд╛ рдХреА рдЬрдореАрди рдкрд░ рд╣реИ.тАж",hi
RT @Download_Drum: @sanskaribulla рдореИрдВ рддреЛ рдЖрдкрдХреЗ рд╕рдореНрдорд╛рди рдореЗрдВ рдмреБрд▓реНрд▓рд╛ рд░рдЦреВрдВрдЧрд╛ рдЗрд╕ рдбреЙрдЧ рдХрд╛ рдирд╛рдо,hi
@sanskaribulla рдореИрдВ рддреЛ рдЖрдкрдХреЗ рд╕рдореНрдорд╛рди рдореЗрдВ рдмреБрд▓реНрд▓рд╛ рд░рдЦреВрдВрдЧрд╛ рдЗрд╕ рдбреЙрдЧ рдХрд╛ рдирд╛рдо,hi
@ashu_nauty рдЕрд░реЗ рдЙрдиреНрд╣реЗрдВ рдмрддрд╛рдУ рдмреБрд▓реНрд▓рд╛ рд╣рд┐рдВрджреВ рд╣реИ редрдореБрдХреЗрд╢ рдЛрд╖рд┐ рд╣реИ рдЙрд╕рдХрд╛ рдирд╛рдоред рдЗрд╕реА рдХреА рд╣реИ рд╕рд╛рд░реА рдЬрд╝рдореАрди https://t.co/AkOeTByOFx,hi
"RT @ashu_nauty: @YasirPost рдпреЗ рднреА рдмреБрд▓реНрд▓рд╛ рдХреА рдЬрдореАрди рд╣реИ, рд╡реЛ рднреА рдмреБрд▓реНрд▓рд╛ рдХреА рдЬрдореАрди рд╣реИ. рддреВ рдпреЗ рдЯреНрд╡реАрдЯ рдХреНрдпрд╛ рджреЗрдЦ рд░рд╣рд╛ рд╣реИ, рддреЗрд░рд╛ рдШрд░ рднреА рдмреБрд▓реНрд▓рд╛ рдХреА рдЬрдореАрди рдкрд░ рд╣реИ.тАж",hi
"@YasirPost рдпреЗ рднреА рдмреБрд▓реНрд▓рд╛ рдХреА рдЬрдореАрди рд╣реИ, рд╡реЛ рднреА рдмреБрд▓реНрд▓рд╛ рдХреА рдЬрдореАрди рд╣реИ. рддреВ рдпреЗ рдЯреНрд╡реАрдЯ рдХреНрдпрд╛ рджреЗрдЦ рд░рд╣рд╛ рд╣реИ, рддреЗрд░рд╛ рдШрд░ рднреА рдмреБрд▓реНрд▓рд╛ рдХреА рдЬрдореАрдитАж https://t.co/ejQyhXZaEO",hi
RT @viigyaan: рдмреБрд▓реНрд▓рд╛ рднреИрдпрд╛ рдХрд╛ рд╕рд╣реА рдЧрд╛рд▓реА рд╡рд╛рд▓реА рдЗрдзрд░ рд╣реА рдкрдбрд╝ рдЬрд╛рддреА рд╣реИ рддреЛ рдЕрд╕рд▓ рдЬрд┐рдВрджрдЧреА рдореЗрдВ рдкреНрд░реЗрдо рдмрдирд╛ рд░рд╣реЗрдЧрд╛.,hi
@viigyaan рджреВрд╕рд░реЗ рдирдЬрд╝рд░рд┐рдП рд╕реЗ рджреЗрдЦрд╛ рдЬрд╛рдП рддреЛ - рдЬрдм рдмреБрд▓реНрд▓рд╛ рднрд╛рдИ рдмреБрд▓реНрд▓реА рд╕реЗ рдЯреНрд╡рд┐рдЯрд░ рдкреЗ рд╣реА рдЗрддрдиреА рдЧрд╛рд▓реА рдкрдбрд╝ рдЬрд╛рддреА рд╣реИ рддреЛ рдЕрд╕рд▓ рдЬрд┐рдВрджрдЧреАтАж https://t.co/iMoNKhqK47,hi
RT @viigyaan: рдмреБрд▓реНрд▓рд╛ рднреИрдпрд╛ рдХрд╛ рд╕рд╣реА рдЧрд╛рд▓реА рд╡рд╛рд▓реА рдЗрдзрд░ рд╣реА рдкрдбрд╝ рдЬрд╛рддреА рд╣реИ рддреЛ рдЕрд╕рд▓ рдЬрд┐рдВрджрдЧреА рдореЗрдВ рдкреНрд░реЗрдо рдмрдирд╛ рд░рд╣реЗрдЧрд╛.,hi
RT @viigyaan: рдмреБрд▓реНрд▓рд╛ рднреИрдпрд╛ рдХрд╛ рд╕рд╣реА рдЧрд╛рд▓реА рд╡рд╛рд▓реА рдЗрдзрд░ рд╣реА рдкрдбрд╝ рдЬрд╛рддреА рд╣реИ рддреЛ рдЕрд╕рд▓ рдЬрд┐рдВрджрдЧреА рдореЗрдВ рдкреНрд░реЗрдо рдмрдирд╛ рд░рд╣реЗрдЧрд╛.,hi
"@sanskaribulla ЁЯдгЁЯдгЁЯШВЁЯШВЁЯСМЁЯСМ
рдмреБрд▓реНрд▓рд╛ рднреИрдпрд╛",hi
рдмреБрд▓реНрд▓рд╛ рднреИрдпрд╛ рдХрд╛ рд╕рд╣реА рдЧрд╛рд▓реА рд╡рд╛рд▓реА рдЗрдзрд░ рд╣реА рдкрдбрд╝ рдЬрд╛рддреА рд╣реИ рддреЛ рдЕрд╕рд▓ рдЬрд┐рдВрджрдЧреА рдореЗрдВ рдкреНрд░реЗрдо рдмрдирд╛ рд░рд╣реЗрдЧрд╛.,hi
@sanskaribulla @Grlwithdimples рдереИрдВрдХ рдпреВ рдмреБрд▓реНрд▓рд╛ рднрдИрдпрд╛редЁЯе║ЁЯе║,hi
"@ekhivillain @Keshu__11 рдХреБрдЫ рдирд╣реАрдВ рд▓рдЧреЗрдЧрд╛ 
рдбрд╛рдпрд░реЗрдХреНрдЯ рдкреБрд▓ рдмрдиреЗрдЧрд╛ рдмрд▓рд┐рдпрд╛ рд╕реЗ рдмреБрд▓реНрд▓рд╛ рдирдЧрд░ рддрдХ рдХрд╛ 
рдЙрд╕рдкреЗ рдЕрдкрдиреА рдмреБрд▓реЗрд░реЛ рд╕реЗ рдЖ рдЬрд╛ рд╕рдХрддреЗ рд╣реЛ",hi
@sanskaribulla @IamAbhay91 рдмреБрд▓реНрд▓рд╛ рджреЗрд╢ рдХреЗ рдкрд╛рд╕реНрдкреЛрд░реНрдЯ рдХрд╛ рдЖрд╡реЗрджрди рдХрд╣рд╛рдБ рдХрд░рдирд╛ рд╣реИ?,hi
RT @sanskaribulla: рдзрд░реНрдордкрд┐рддрд╛ рдмреБрд▓реНрд▓рд╛ рднреИрдпрд╛ тЬК,hi
рдзрд░реНрдордкрд┐рддрд╛ рдмреБрд▓реНрд▓рд╛ рднреИрдпрд╛ тЬК https://t.co/bJSKLAifFp,hi
@ProfHeist98 @jimmyjvyas рдмреБрд▓реНрд▓рд╛ рд╕рдореБрджрд╛рдп,ne
"@Grlwithdimples рдЖрд╢реНрдЪрд░реНрдп рдореЗрдВ рд╣реВрдВ, рдмреБрд▓реНрд▓рд╛ рднрдИрдпрд╛ рдмреНрд░реБрдЯрд▓ рд╣реИ рдХрд┐ рднрд╛рднреАредЁЯШй",hi
"@sanskaribulla рджреЗрд╢ рд╕рд╣реА рдЬрдЧрд╣ рдЬрд╛ рд░рд╣рд╛ рд╣реИ рдмреБрд▓реНрд▓рд╛ рднрд╛рдИ рдЖрд░ рдпрд╛ рдкрд╛рд░ , рддреЛ рдпрд╣ рдЗрд╕ рдмрд╛рд░ рднреА рдЗрд╕реА рдкрд╛рд░ рд░рд╣реЗрдЧрд╛ ред рдмрд╛рдХреА рдмрд╛рдХреА mo.. sha.. рддреЛтАж https://t.co/WmTpoYN1V5",hi
@sanskaribulla рдмреБрд▓реНрд▓рд╛ рднреИрдпрд╛ рдЖрд▓реВ-рдЯрдорд╛рдЯрд░ рдХрд┐рддрдиреЗ рдореЗ рдмреЗрдЪ рд░рд╣реЗ ?,hi
рдЕрд╕реЗ рдорд╛рдЭрд╛ рдмреВрд▓реНрд▓рд╛ рдХреЛрдг рдЪреЛрдХрдгрд╛рд░...@Prajakt13296696 @costanzaquotes1 @Sakshi63904112 @rehanqu16402188 https://t.co/kovQ5G8Xzh,mr
@sanskaribulla 10 рд╕реАрдЯ рд╢рд╛рдпрдж рдмрдЪрд╛ рд▓реЗрдВрдЧреЗ рдмреБрд▓реНрд▓рд╛ рднреИрдпрд╛,hi
"@ajitanjum @virendersehwag рдХрдм рддрдХ рдмрд╛рдмрд░рдкреБрддреНрд░реЛрдВ рдХреЗ рдХреБрдХреГрддреНрдпреЛрдВ рдкрд░ рдмреБрд░рдЦрд╛ рдбрд╛рд▓реЗрдЧрд╛ рднрдбрд╝рд╡реЗ, рдХрднреА рддреЛ рдмреБрд▓реНрд▓рд╛ рд╕реЗ рдбрд░ред
рдорд╛рдзрдбрд╝chod,тАж https://t.co/DXAu0Gs2Fq",hi
"RT @iRajuGandhi: @narendramodi рдЧреБрд░реБрджреЗрд╡ рд╣рдордкреЗ р░Ер░ор▒Нр░о р░кр▒Нр░░р▒Зр░о рдордВрддреНрд░ рдирд╣реАрдВ рдЪрд▓рдирд╛ рд╣реИ рдЬреИрд╕рд╛ рдХреМрди рдХрд┐рдпрд╛ рд╣реИ,рдЙрдиреЗ double promotion рджреЛjiЁЯТР
рез.рдЕрдм рд╣рдорд╛рд░рд╛ рдХрд╛рдо рд╣реИ рдореЗтАж",hi
"@narendramodi рдЧреБрд░реБрджреЗрд╡ рд╣рдордкреЗ р░Ер░ор▒Нр░о р░кр▒Нр░░р▒Зр░о рдордВрддреНрд░ рдирд╣реАрдВ рдЪрд▓рдирд╛ рд╣реИ рдЬреИрд╕рд╛ рдХреМрди рдХрд┐рдпрд╛ рд╣реИ,рдЙрдиреЗ double promotion рджреЛjiЁЯТР
рез.рдЕрдм рд╣рдорд╛рд░рд╛ рдХрд╛рдотАж https://t.co/D7uDIxWNrz",hi
рдЧреЛрдВрджрдкреБрд░ рдмреБрд▓реНрд▓рд╛ рдореЗрдВ рдЦрдВрдб рд╕реНрддрд░реАрдп рдпреБрд╡рд╛ рдЙрддреНрд╕рд╡ рдЕрдм 8 рдирд╡рдВрдмрд░ рдХреЛ https://t.co/rPNJR3R5E3,hi
рдЧреЛрдВрджрдкреБрд░ рдмреБрд▓реНрд▓рд╛ рдореЗрдВ рдЦрдВрдб рд╕реНрддрд░реАрдп рдпреБрд╡рд╛ рдЙрддреНрд╕рд╡ рдЕрдм 8 рдирд╡рдВрдмрд░ рдХреЛ https://t.co/rPNJR3zuft,hi
"@sanskaribulla @dhaikilokatweet рдХреИрд╕реА рдмрд╛рдд рдХрд░ рд░рд╣реЗ рд╣реЛ рдмреБрд▓реНрд▓рд╛ рднрд╛рдИ, рдЕрдЧрд░ рд╣рдо рдЕрдкрдиреЗ рджреЗрд╢ рдХрд╛ рдирд╛рдо рдХреНрд░рд┐рдХреЗрдЯ рдореЗрдВ рд░реМрд╢рди рдХрд░рдирд╛ рдЪрд╛рд╣рддреЗтАж https://t.co/6HgeWX0wKk",hi
@virajrajpawar @Suniel_16 @MiLOKMAT рдмреЛрдЪреНрдпрд╛ рд╡рд┐рд╖рдп рдмрджрд▓реВ рдирдХреЛрд╕ ЁЯШВЁЯШВ рдЬреЗ рд╕рд╛рдВрдЧрд┐рддрд▓рдВрдп рддреЗ рдХрд░ рдЖрдгрд┐ рддреЛрдВрдбрд╛рддреВрди рд╕рд░рдХрд╛рд░ рдЪрд╛ рдмреБрд▓реНрд▓рд╛ рдХрд╛рдб рдЖтАж https://t.co/CvtTUL5d3c,mr
@Keshu__11 @sanskaribulla @chiragbarjatyaa рдмреБрд▓реНрд▓рд╛ рднреИрдпрд╛ рдПрдВрдб рдХреЗрд╢реВ рдХрд╛рдВрдлреНрд░реЛрдВрдЯрд┐рдВрдЧ рдЪрд┐рд░рд╛рдЧ https://t.co/JaU04eya3A,hi
RT @DR_SangitaSays: рдЬрдм рдХрд╛рдо рдХрд░рдирд╛ рдирд╣реАрдВ рдЖрдП рддреЛЁЯЩД рдореБрд▓реНрд▓рд╛ рдмреБрд▓реНрд▓рд╛ рдкрд╛рдХрд┐рд╕реНрддрд╛рди рддрд╛рд▓рд┐рдмрд╛рди рд╣реА рдмрдЪрд╛ рд╕рдХрддрд╛ рд╣реИ ЁЯШВЁЯШВЁЯШВЁЯШВ https://t.co/69QFh8s15q,hi
@Khesarii @sanskaribulla рддреЛ рдлрд┐рд░ рдЖрдк рдмреБрд▓реНрд▓рд╛ рднреИрдпрд╛ рд╕реЗ рдЕрдкрдиреА рдЧрд╛рди рдкрд░ рдкреНрдпрд╛рдЬ рдХрдЯрд╡рд╛ рд▓реЛред,hi
"@EkanshRai7 @ZeeNewsSports @ZeeNews рддреЗрд░рд╛ рдм* hn0рдИ рдЪреВрдХ рдЧрдпрд╛ред
рдмреБрд▓реНрд▓рд╛редЁЯТйЁЯР╖",hi
@safiranand рдмреБрд▓реНрд▓рд╛ рдХреА рдЬрд╛рдирд╛ рдореИрдВ рдХреМрди https://t.co/C9u3FncKk8,hi
рдЖрдБрдзреА рдЖрдиреЗ рд╕реЗ рдкрд╣рд▓реЗ рдЬреИрд╕реЗ рджрд┐рдпрд╛ рднрднрдХрддрд╛ рд╣реИ рд╡реИрд╕рд╛ рдХрд╛рд╣реЗ рднрднрдХ рд░рд╣реЗ рд╣реЛ рдмреБрд▓реНрд▓рд╛ ЁЯШВ https://t.co/H0FKMLY3fb,hi
@sanskaribulla рд╡рд┐рдВрдЯреЗрдЬ рдмреБрд▓реНрд▓рд╛,hi
RT @Z00000009: @virajrajpawar @Suniel_16 @MiLOKMAT рддреБрдЭреНрдпрд╛ рдбреЛрд│реНрдпрд╛рдВрдд рдХрд╛рдп рдмреБрд▓реНрд▓рд╛ рдЧреЗрд▓рд╛ рдирд┐рдЯ рдмрдШ рдЭрд╛рдЯреНрдпрд╛ рддреАрдЪ рдХреЕрдкрд╢рди рджреБрдмрдИ  Vacation  рд▓рд┐рд╣рд▓рдп рдмреБрд▓реНрд▓реНрдпрд╛,mr
"RT @SankiSanta: @imarunaksh рдмрд╣реБрдд рдЧрд╣рд░рд╛ рд╣реИ рдШрд╛рд╡, рдпреВрдВ рдкрдЯреЗрдЧрд╛ рдирд╣реА ред
рдРрд╕рд╛ рдХреЛрдИ рдмреБрд▓реНрд▓рд╛ рдирд╣реА, рдЬреЛ рдлрдЯреЗрдЧрд╛ рдирд╣реА ред
#PKMKB_forever",hi
"@sanskaribulla рдпреВрдкреА рдкреЗ рдХрд┐рд╕рдХрд╛ рд░рд╛рдЬ, рдмреБрд▓реНрд▓рд╛ рднрдИрдпрд╛ рдмреБрд▓реНрд▓рд╛ рднрдИрдпрд╛редЁЯШНЁЯШНЁЯФеЁЯФе",hi
@virajrajpawar @Suniel_16 @MiLOKMAT рддреБрдЭреНрдпрд╛ рдбреЛрд│реНрдпрд╛рдВрдд рдХрд╛рдп рдмреБрд▓реНрд▓рд╛ рдЧреЗрд▓рд╛ рдирд┐рдЯ рдмрдШ рдЭрд╛рдЯреНрдпрд╛ рддреАрдЪ рдХреЕрдкрд╢рди рджреБрдмрдИ  Vacation  рд▓рд┐рд╣рд▓рдп рдмреБрд▓реНрд▓реНрдпрд╛,mr
"RT @Soofinama: 'рдмреБрд▓реНрд▓рд╛' рдореБрд▓реНрд▓рд╛ рддреЗ рдорд╢рд╛рд▓рдЪреА,
рджреЛрд╣рдпрд╛рдБ рдЗрдХреНрдХреЛ рдЪрд┐рддреНрдд,
рд▓реЛрдХрд╛рдВ рдХрд░рджреЗ рдЪрд╛рдБрджрдирд╛,
рдЖрдк рд╣рдиреЗрд░реЗ рд╡рд┐рдЪреНрдЪ 
(рдореБрд▓реНрд▓рд╛ рдФрд░ рдорд╢рд╛рд▓рдЪреА рджреЛрдиреЛрдВ рдПрдХ рд╣реА рдордд рдХреЗ рд╣реИрдВ.тАж",hi
"RT @SankiSanta: @imarunaksh рдмрд╣реБрдд рдЧрд╣рд░рд╛ рд╣реИ рдШрд╛рд╡, рдпреВрдВ рдкрдЯреЗрдЧрд╛ рдирд╣реА ред
рдРрд╕рд╛ рдХреЛрдИ рдмреБрд▓реНрд▓рд╛ рдирд╣реА, рдЬреЛ рдлрдЯреЗрдЧрд╛ рдирд╣реА ред
#PKMKB_forever",hi
"@imarunaksh рдмрд╣реБрдд рдЧрд╣рд░рд╛ рд╣реИ рдШрд╛рд╡, рдпреВрдВ рдкрдЯреЗрдЧрд╛ рдирд╣реА ред
рдРрд╕рд╛ рдХреЛрдИ рдмреБрд▓реНрд▓рд╛ рдирд╣реА, рдЬреЛ рдлрдЯреЗрдЧрд╛ рдирд╣реА ред
#PKMKB_forever",hi
"@Grlwithdimples рдореИрдВ рд╣реВрдВ рднреМрдЬрд╛рдИ 
рдФрд░ рдмреБрд▓реНрд▓рд╛ рдкрдВрде рдХрд╛ рдмрд░реЗрд▓реА рдкреНрд░рдореБрдЦ рднреА",hi
"@SumitkadeI @MassZaveri рд╕рдЪрдореЗрдВ рднрд╛рдИ рддреВ рдкреВрд░реА рддрд░рд╣ рдмрд┐рдХ рдЧрдпрд╛ред рдПрдХреНрд╢рди рдЬрд╛рджрд╛ рд╣реА рдЖрдЙрдЯ рдбреЗрдЯреЗрдб рд▓рдЧ рд░рд╣рд╛, рдорд╛рд╕ рдлрд┐рд▓реНрдореЛрдореЗ рдЗрд╕рд╕реЗ рднреА рдЕрдЪреНрдЫрд╛ рдПтАж https://t.co/E17v3cZOk6",hi
@Grlwithdimples рдмреБрд▓реНрд▓рд╛ рд╕реБрдЕрд░ред рд╡рд╛рдкрд╕ рдХрд░ рдлрд╝реЛрди,hi
"RT @babu_saffron: рднреЛрдЬрди рд╡рд┐рд╢реНрд▓реЗрд╖рдХ рдмреБрд▓реНрд▓рд╛ рднреИрдпрд╛ рд╕реЗ рд░рд╛рдп рдХреЗ рдмрд╛рдж рд╣реА рд╣рдо рдкреНрд░рд╢рдВрд╕рд╛ рдХрд░ рдкрд╛рдПрдВрдЧреЗ ЁЯе▓

@sanskaribulla",hi
"рднреЛрдЬрди рд╡рд┐рд╢реНрд▓реЗрд╖рдХ рдмреБрд▓реНрд▓рд╛ рднреИрдпрд╛ рд╕реЗ рд░рд╛рдп рдХреЗ рдмрд╛рдж рд╣реА рд╣рдо рдкреНрд░рд╢рдВрд╕рд╛ рдХрд░ рдкрд╛рдПрдВрдЧреЗ ЁЯе▓

@sanskaribulla https://t.co/7E91cAY5VJ",hi
@sanskaribulla рдмреБрд▓реНрд▓рд╛ рднреИрдпрд╛  рдЧрд┐рд╡рд┐рдВрдЧ рдЕ рдЖрдЗрдбрд┐рдпрд╛ рдордд рдХрд░ рдпрд╛рд░ рд╣реМрд╕рд▓рд╛ рд╣реА рдЯреВрдЯ рдЧрдпрд╛ ред ЁЯШнЁЯШнЁЯШн,hi
@sanskaribulla рдмреБрд▓реНрд▓рд╛ рднрд╛рдИ рд╕рдЪ рд╕рдЪ рдмреЛрд▓ рд╣рд╛рд░ рдЧрдП рдХреНрдпрд╛ рд╣рдо ЁЯШе,hi
@sanskaribulla рд╕рдм рд╕рд┐рджреНрдзрд┐ рддреБрдордиреЗ ipl рдореЗрдВ рдЦрддрдо рдХрд░ рджрд┐рдпрд╛ рдмреБрд▓реНрд▓рд╛ рднрд╛рдИ ЁЯШе,hi
RT @Khesarii: рдЧрд╛рдЗрдЬ рдлрд╝реЙрд▓реЛ @Keshu__11 рдлреЙрд░ рдлрдиреА рдЯреНрд╡реАрдЯреНрд╕/рдореАрдореНрд╕ рдПрдВрдб рд╕реЗрд╡реЗрдЬ рд░рд┐рдкреНрд▓рд╛рдИ.. рд╡реЗрд░реА рдкреЛрд▓рд╛рдЗрдЯ рдПрдВрдб рдиреЙрди рдПрдмреНрдпреВрдЬрд┐рд╡ рдЧрд╛рдИ рд▓рд╛рдЗрдХ рд╕рдВрд╕реНрдХрд╛рд░реА рдмреБрд▓реНрд▓рд╛..,hi
@CumHunters рдорд╛рдЭрд╛ рдмреБрд▓реНрд▓рд╛ рдШреЗ... рдХрд╛рд│рд╛,mr
"@sanskaribulla @zomato @swiggy_in рдмреБрд▓реНрд▓рд╛}}}}}}}}}} , рдХрд░рддрд╛ рд╣реВрдВ рдЦреБрд▓реНрд▓рдо рдЦреБрд▓реНрд▓рд╛ред",hi
@sanskaribulla @zomato @swiggy_in рдЕрд░реЗ рдмреБрд▓реНрд▓рд╛ рднрд╛рдИ рдпреЗ рджреЛрд╣рд░реАрдШрд╛рдЯ рдореЗрдВ рднреА somato рдФрд░ zwiggy рд╡рд╛рд▓реЗ  рд╕рд░реНрд╡рд┐рд╕ рджреЗ рд░рд╣реЗрдВ рд╣реИрдВ рдХреНрдпрд╛ ред,hi
"рд╡реЗрд╢рдХ рдмрд╛рдд рддреЛ рд╕реМ рдорд░реНрддрдмрд╛ рд╕рд╣реА рдХрд╣реА рдЬрд┐рдирд╛рдм
рдЕрдЧрд▓реЗ рдЬрдиреНрдо рдореЛрд╣реЗ рдмреБрд▓реНрд▓рд╛ рди рдХреАрдЬреЛ ЁЯШЬЁЯШЬ https://t.co/tfI4xGhHJc",hi
@Grlwithdimples рдЗрддрдирд╛ рдкрд░рдлреЗрдХреНрдЯ рднреЛрдЬрдкреБрд░реА рдЖрдк рд▓рд┐рдЦ рд╣реА рдирд╣реАрдВ рд╕рдХрддреА.. рдмреБрд▓реНрд▓рд╛ рднреИрдпрд╛ рдХрд░рдХреЗ рдЧрдП рдпреЗ рдЯреНрд╡реАрдЯ..,hi
RT @DR_SangitaSays: рдЬрдм рдХрд╛рдо рдХрд░рдирд╛ рдирд╣реАрдВ рдЖрдП рддреЛЁЯЩД рдореБрд▓реНрд▓рд╛ рдмреБрд▓реНрд▓рд╛ рдкрд╛рдХрд┐рд╕реНрддрд╛рди рддрд╛рд▓рд┐рдмрд╛рди рд╣реА рдмрдЪрд╛ рд╕рдХрддрд╛ рд╣реИ ЁЯШВЁЯШВЁЯШВЁЯШВ https://t.co/69QFh8s15q,hi
RT @DR_SangitaSays: рдЬрдм рдХрд╛рдо рдХрд░рдирд╛ рдирд╣реАрдВ рдЖрдП рддреЛЁЯЩД рдореБрд▓реНрд▓рд╛ рдмреБрд▓реНрд▓рд╛ рдкрд╛рдХрд┐рд╕реНрддрд╛рди рддрд╛рд▓рд┐рдмрд╛рди рд╣реА рдмрдЪрд╛ рд╕рдХрддрд╛ рд╣реИ ЁЯШВЁЯШВЁЯШВЁЯШВ https://t.co/69QFh8s15q,hi
RT @Khesarii: рдЧрд╛рдЗрдЬ рдлрд╝реЙрд▓реЛ @Keshu__11 рдлреЙрд░ рдлрдиреА рдЯреНрд╡реАрдЯреНрд╕/рдореАрдореНрд╕ рдПрдВрдб рд╕реЗрд╡реЗрдЬ рд░рд┐рдкреНрд▓рд╛рдИ.. рд╡реЗрд░реА рдкреЛрд▓рд╛рдЗрдЯ рдПрдВрдб рдиреЙрди рдПрдмреНрдпреВрдЬрд┐рд╡ рдЧрд╛рдИ рд▓рд╛рдЗрдХ рд╕рдВрд╕реНрдХрд╛рд░реА рдмреБрд▓реНрд▓рд╛..,hi
