"@LoksattaLive ‡§Ö‡§Ø,
‡§≠‡§ø‡§ï‡§æ‡§∞‡§ö‡•ã‡§ü ‡§§‡§•‡§æ‡§ï‡§•‡§ø‡§§ ‡§´‡•Å‡§∞‡•ã‡§ó‡§æ‡§Æ‡•Ä ‡§≤‡§ø‡§¨‡•ç‡§∞‡§æ‡§Ç‡§°‡•Ç ‡§¶‡§≤‡§æ‡§≤ ‡§™‡•á‡§°‡§Æ‡•Ä‡§°‡•Ä‡§Ø‡§æ ‡§´‡•á‡§ï‡§∏‡§§‡•ç‡§§‡§æ ‡§Ü‡§£‡§ø ‡§ö‡§æ‡§Ø‡§¨‡§ø‡§∏‡•ç‡§ï‡•Å‡§ü‡§æ‡§µ‡§∞ ‡§ú‡§ó‡§£‡§æ‡§∞‡•Ä ‡§™‡§§‡•ç‡§§‡§∞‡§ï‡§æ‡§∞ ‡§î‡§≤‡§æ‚Ä¶ https://t.co/nN5vqnJmfQ"
RT @raam_bhatte: ‡§¶‡§ø‡§∏‡§§ ‡§®‡§æ‡§π‡•Ä ....‡§á‡§ï‡§°‡•á ‡§≠‡§ø‡§ï‡§æ‡§∞‡§ö‡•ã‡§ü ‡§™‡•ç‡§∞‡§∂‡§æ‡§∏‡§® ‡§ï‡§∞‡•ç‡§Æ‡§ö‡§æ‡§±‡•ç‡§Ø‡§æ‡§Ç‡§µ‡§∞ ‡§∏‡§Ç‡§™ ‡§∏‡•Å‡§∞‡•Ç ‡§†‡•á‡§µ‡§≤‡§æ ‡§§‡§∞ ‡§ï‡§æ‡§∞‡•ç‡§Ø‡§µ‡§æ‡§π‡•Ä ‡§ö‡•Ä ‡§ß‡§Æ‡§ï‡•Ä ‡§¶‡•á‡§§ ‡§Ü‡§π‡•á ....‡§Ü‡§™‡§£ ‡§Ü‡§π‡•á‡§§ ‡§§‡§∞‡•Ä ‡§ï‡•Å‡§†‡•á ?? ‡§ï‡•Ä‚Ä¶
"RT @raam_bhatte: #‡§è‡§∏‡§ü‡•Ä ‡§ï‡§æ‡§Æ‡§ó‡§æ‡§∞‡§æ‡§Ç‡§®‡•Ä ‡§Ü‡§™‡§≤‡•ç‡§Ø‡§æ ‡§π‡§ï‡•ç‡§ï‡§æ‡§∏‡§æ‡§†‡•Ä, ‡§Ü‡§™‡§≤‡•ç‡§Ø‡§æ ‡§™‡§æ‡§≤‡•ç‡§Ø‡§æ‡§ö‡•ç‡§Ø‡§æ ‡§™‡•Å‡§¢‡•Ä‡§≤ ‡§≠‡§µ‡§ø‡§∑‡•ç‡§Ø‡§æ‡§∏‡§æ‡§†‡•Ä ‡§∏‡§Ç‡§™ ‡§™‡•Å‡§ï‡§æ‡§∞‡§≤‡§æ ...‡§è‡§ï‡•Ä‡§ï‡§°‡•á ‡§∏‡§∞‡§ï‡§æ‡§∞‡§®‡•á ‡§¶‡§≤‡§ø‡§Ç‡§¶‡§∞ ‡§∏‡§Ç‡§ò‡§ü‡§®‡•á‡§≤‡§æ ‡§π‡§æ‡§§‡§æ‚Ä¶"
‡§¶‡§ø‡§∏‡§§ ‡§®‡§æ‡§π‡•Ä ....‡§á‡§ï‡§°‡•á ‡§≠‡§ø‡§ï‡§æ‡§∞‡§ö‡•ã‡§ü ‡§™‡•ç‡§∞‡§∂‡§æ‡§∏‡§® ‡§ï‡§∞‡•ç‡§Æ‡§ö‡§æ‡§±‡•ç‡§Ø‡§æ‡§Ç‡§µ‡§∞ ‡§∏‡§Ç‡§™ ‡§∏‡•Å‡§∞‡•Ç ‡§†‡•á‡§µ‡§≤‡§æ ‡§§‡§∞ ‡§ï‡§æ‡§∞‡•ç‡§Ø‡§µ‡§æ‡§π‡•Ä ‡§ö‡•Ä ‡§ß‡§Æ‡§ï‡•Ä ‡§¶‡•á‡§§ ‡§Ü‡§π‡•á ....‡§Ü‡§™‡§£ ‡§Ü‡§π‡•á‡§§ ‡§§‡§∞‡•Ä ‡§ï‡•Å‡§†‡•á‚Ä¶ https://t.co/QSge230eZ5
@BhatkhalkarA ‡§Ø‡•á‡§°‡§ù‡§µ ‡§ó‡•á‡§≤‡§Ç ‡§ï‡§æ‡§Ç ‡§Ü‡§Æ‡§ö‡§æ ‡§™‡•à‡§∏‡§æ ‡§â‡§†‡§µ‡§æ‡§Ø‡§≤‡§æ ‡§™‡§∞‡§¶‡•á‡§∂‡§æ‡§§ ‡§≠‡§ø‡§ï‡§æ‡§∞‡§ö‡•ã‡§ü
"RT @raam_bhatte: #‡§è‡§∏‡§ü‡•Ä ‡§ï‡§æ‡§Æ‡§ó‡§æ‡§∞‡§æ‡§Ç‡§®‡•Ä ‡§Ü‡§™‡§≤‡•ç‡§Ø‡§æ ‡§π‡§ï‡•ç‡§ï‡§æ‡§∏‡§æ‡§†‡•Ä, ‡§Ü‡§™‡§≤‡•ç‡§Ø‡§æ ‡§™‡§æ‡§≤‡•ç‡§Ø‡§æ‡§ö‡•ç‡§Ø‡§æ ‡§™‡•Å‡§¢‡•Ä‡§≤ ‡§≠‡§µ‡§ø‡§∑‡•ç‡§Ø‡§æ‡§∏‡§æ‡§†‡•Ä ‡§∏‡§Ç‡§™ ‡§™‡•Å‡§ï‡§æ‡§∞‡§≤‡§æ ...‡§è‡§ï‡•Ä‡§ï‡§°‡•á ‡§∏‡§∞‡§ï‡§æ‡§∞‡§®‡•á ‡§¶‡§≤‡§ø‡§Ç‡§¶‡§∞ ‡§∏‡§Ç‡§ò‡§ü‡§®‡•á‡§≤‡§æ ‡§π‡§æ‡§§‡§æ‚Ä¶"
"#‡§è‡§∏‡§ü‡•Ä ‡§ï‡§æ‡§Æ‡§ó‡§æ‡§∞‡§æ‡§Ç‡§®‡•Ä ‡§Ü‡§™‡§≤‡•ç‡§Ø‡§æ ‡§π‡§ï‡•ç‡§ï‡§æ‡§∏‡§æ‡§†‡•Ä, ‡§Ü‡§™‡§≤‡•ç‡§Ø‡§æ ‡§™‡§æ‡§≤‡•ç‡§Ø‡§æ‡§ö‡•ç‡§Ø‡§æ ‡§™‡•Å‡§¢‡•Ä‡§≤ ‡§≠‡§µ‡§ø‡§∑‡•ç‡§Ø‡§æ‡§∏‡§æ‡§†‡•Ä ‡§∏‡§Ç‡§™ ‡§™‡•Å‡§ï‡§æ‡§∞‡§≤‡§æ ...‡§è‡§ï‡•Ä‡§ï‡§°‡•á ‡§∏‡§∞‡§ï‡§æ‡§∞‡§®‡•á ‡§¶‡§≤‡§ø‡§Ç‡§¶‡§∞ ‡§∏‡§Ç‡§ò‡§ü‡§®‡•á‚Ä¶ https://t.co/2LI21nxgWz"
‡§Æ‡§π‡§æ ‡§≠‡§ø‡§ï‡§æ‡§∞‡§ö‡•ã‡§ü ‡§ï‡§æ‡§∞‡§≠‡§æ‡§∞. ‡§™‡§∞‡•Ä‡§ï‡•ç‡§∑‡§æ ‡§∞‡§¶‡•ç‡§¶ ‡§ï‡§∞‡•Ç‡§® mpsc ‡§Æ‡§æ‡§∞‡•ç‡§´‡§§ ‡§ò‡•á‡§£‡•ç‡§Ø‡§æ‡§§ ‡§Ø‡§æ‡§µ‡•Ä. ‡§ï‡•Å‡§†‡§≤‡•ç‡§Ø‡§æ‡§ö ‡§Æ‡§Ç‡§§‡•ç‡§∞‡•ç‡§Ø‡§æ‡§µ‡§∞ ‡§µ‡§ø‡§∂‡•ç‡§µ‡§æ‡§∏ ‡§®‡§æ‡§π‡•Ä. #onlyMPSC‚Ä¶ https://t.co/97yHO39bxA
@dharmeshvarthe @vishwasnp @CMOMaharashtra @AUThackeray @abpmajhatv @TV9Marathi @MumbaiPolice @VBAforIndia ‡§≠‡§ø‡§ï‡§æ‡§∞‡§ö‡•ã‡§ü ‡§π‡§æ‡§∞‡§æ‡§Æ‡§ñ‡•ã‡§∞ ‡§∏‡§æ‡§≤‡•á
"‡§Ö‡§∞‡•á ‡§ï‡•Å‡§§‡•ç‡§∞‡•ç‡§Ø‡§æ ‡§≠‡§ø‡§ï‡§∞‡§ö‡•ã‡§ü ‡§Æ‡§æ‡§£‡§∏‡§æ ‡§§‡•Å‡§ù‡•Ä ‡§Ö‡§µ‡§ï‡§æ‡§§ ‡§ú‡•á‡§µ‡§¢‡•Ä ‡§Ü‡§π‡•á  ‡§®‡§æ ‡§§‡•á‡§µ‡§¢‡•ç‡§Ø‡§æ‡§§ ‡§∞‡§π‡§æ ...
‡§™‡•Å‡§®‡•ç‡§π‡§æ ‡§Ö‡§∏‡§æ ‡§≠‡§ø‡§ï‡§æ‡§∞‡§ö‡•ã‡§ü ‡§™‡§£‡§æ ‡§ï‡•á‡§≤‡§æ‡§∏ ‡§§‡§∞ ‡§Ø‡§æ‡§¶ ‡§∞‡§æ‡§ñ 
@AcharyaBhosale"
"‡§™‡§æ‡§ï‡§ø‡§∏‡•ç‡§•‡§æ‡§® ‡§Æ‡•Ö‡§ö ‡§ú‡§ø‡§Ç‡§ï‡§≤‡•Ä ‡§™‡§£ ‡§π‡•á ‡§π‡§ø ‡§∏‡§Æ‡§ú‡§≤‡§Ç ‡§ï‡•Ä ‡§≠‡§æ‡§∞‡§§‡§æ‡§§ ‡§∏‡•Å‡§¶‡•ç‡§ß‡§æ ‡§™‡§æ‡§ï‡§ø‡§∏‡•ç‡§•‡§æ‡§®‡•Ä ‡§≤‡•ã‡§ï ‡§Ü‡§π‡•á‡§§
#‡§Ü‡§§‡§Ç‡§ï‡§µ‡§æ‡§¶‡•Ä 
‡§Ü‡§™‡§≤‡•ç‡§Ø‡§æ ‡§ó‡§æ‡§µ‡§æ ‡§¨‡§æ‡§π‡•á‡§∞ ‡§ú‡§æ‡§Ø‡§≤‡§æ ‡§™‡•à‡§∏‡•á ‡§®‡§æ‚Ä¶ https://t.co/VFiuFwXwNP"
"@abpmajhatv ‡§¶‡§ö‡§∏‡§∞‡•ç‡§Ø‡§æ‡§≤‡§æ ‡§ï‡§æ‡§Ø ‡§®‡§æ‡§µ ‡§†‡•á‡§µ‡§§‡§æ ‡§™‡§¶‡•ã‡§™‡§¶‡•Ä ‡§Æ‡§ø‡§°‡§ø‡§Ø‡§æ ‡§ï‡§ø‡§§‡•Ä ‡§≠‡§ø‡§ï‡§æ‡§∞‡§ö‡•ã‡§ü,‡§Ü‡§ó‡§≤‡§æ‡§µ‡•á ‡§ï‡§æ‡§Æ ‡§ï‡§∞‡§§‡§Ç ‡§Ø‡§æ‡§ö‡•á ‡§§‡§æ‡§ú‡•á ‡§â‡§¶‡§æ‡§π‡§∞‡§£ 
‡§Ø‡§æ‡§Ç‡§ö‡§æ‡§µ‡§∞ ‡§™‡•Å‡§∏‡•ç‡§§‡§ï ‡§≤‡§ø‚Ä¶ https://t.co/ZAJwBEL5rn"
@SHIVRAMVAIDYA @meNeeleshNRane @lakhakwar ‡§Ö‡§∞‡•á ‡§Ø‡§æ ‡§ú‡§ø‡§§‡•ç‡§Ø‡§æ‡§≤‡§æ ‡§ï‡§æ‡§π‡•Ä ‡§ù‡§æ‡§ü ‡§∏‡§Ç‡§∏‡•ç‡§ï‡§æ‡§∞ ‡§®‡§æ‡§π‡•Ä‡§§‡•§ ‡§∞‡§æ‡§∑‡•ç‡§ü‡•ç‡§∞‡§µ‡§æ‡§¶‡•Ä ‡§µ‡§æ‡§≤‡•ç‡§Ø‡§æ‡§Ç‡§®‡§æ ‡§´‡§ï‡•ç‡§§ ‡§Ö‡§∞‡§¨‡§ü-‡§ö‚Ä¶ https://t.co/PsbJwXiFF6
@zee24taasnews ‡§ï‡§æ‡§Ø ‡§≠‡§ø‡§ï‡§æ‡§∞‡§ö‡•ã‡§ü ‡§ó‡•ã‡§∑‡•ç‡§ü‡•Ä ‡§ï‡§∞‡§§‡•ã‡§∏ ‡§∞‡•á
"@ShubhamJatalNcp ‡§Ö‡§∂‡§æ ‡§≠‡§ø‡§ï‡§æ‡§∞‡§ö‡•ã‡§ü ‡§Ü‡§ö‡§∞‡•ç‡§Ø‡§æ‡§Ç‡§ö‡•Ä ‡§ó‡§æ‡§¢‡§µ‡§æ‡§µ‡§∞‡•Ç‡§® ‡§ß‡§ø‡§Ç‡§° ‡§ï‡§æ‡§¢‡§≤‡•Ä ‡§™‡§æ‡§π‡§ø‡§ú‡•á
‡§Ø‡•Å‡§µ‡§æ ‡§∞‡§æ‡§∑‡•ç‡§ü‡•ç‡§∞‡§µ‡§æ‡§¶‡•Ä‡§®‡•á ‡§™‡•Å‡§¢‡§æ‡§ï‡§æ‡§∞ ‡§ò‡•ç‡§Ø‡§æ‡§µ‡§æ"
@AcharyaBhosale ‡§≠‡§ø‡§ï‡§æ‡§∞‡§ö‡•ã‡§ü ‡§ï‡§∏‡§≤‡§æ ‡§Ü‡§ö‡§æ‡§∞‡•ç‡§Ø ‡§∞‡•á ‡§§‡•Ç
"RT @Milind_Date2021: ‡§°‡•ç‡§∞‡§ó‡•ç‡§∏ ‡§™‡•ç‡§∞‡§ï‡§∞‡§£, ‡§∏‡§Æ‡•Ä‡§∞ ‡§µ‡§æ‡§®‡§ñ‡•á‡§°‡•á ‡§Ü‡§£‡§ø ‡§≠‡§ø‡§ï‡§æ‡§∞‡§ö‡•ã‡§ü @nawabmalikncp ‡§π‡•ç‡§Ø‡§æ‡§¨‡§¶‡•ç‡§¶‡§≤ ‡§§‡•Å‡§Æ‡§ö‡§Ç ‡§Æ‡•å‡§®‡§µ‡•ç‡§∞‡§§ ‡§¨‡§∞‡§Ç‡§ö ‡§ï‡§æ‡§π‡•Ä ‡§∏‡§æ‡§Ç‡§ó‡•Ç‡§® ‡§ó‡•á‡§≤‡§Ç @PawarSpeaks ‡§∏‡§æ‚Ä¶"
@lokmat ‡§ï‡§ø‡§§‡•Ä ‡§≠‡§ø‡§ï‡§æ‡§∞‡§ö‡•ã‡§ü ‡§Ü‡§π‡•á ‡§π‡§æ? ‡§ó‡•ã‡§µ‡•ç‡§Ø‡§æ‡§§ ‡§µ‡§ø‡§∞‡•ã‡§ß ‡§Ü‡§£‡§ø ‡§Æ‡§π‡§æ‡§∞‡§æ‡§∑‡•ç‡§ü‡•ç‡§∞‡§æ‡§§ ‡§∏‡§Æ‡§∞‡•ç‡§•‡§®? ‡§µ‡§∏‡•Å‡§≤‡•Ä ‡§Ü‡§£‡§ø ‡§π‡§™‡•ç‡§§‡•á‡§ó‡§ø‡§∞‡•Ä ‡§Æ‡§π‡§æ‡§∞‡§æ‡§∑‡•ç‡§ü‡•ç‡§∞‡§æ‡§§ ‡§ö‡§æ‡§≤‡§§‡•á ‡§§‡§ø‡§ï‡§°‡§Ç‚Ä¶ https://t.co/i7ibu1upTw
@TV9Marathi @nawabmalikncp ‡§Ø‡§æ‡§ö‡§æ ‡§Ö‡§∞‡•ç‡§• ‡§≠‡§æ‡§∞‡§§‡•Ä‡§Ø ‡§∏‡§Ç‡§µ‡§ø‡§ß‡§æ‡§® ‡§§‡•Å‡§Æ‡§ö‡•ç‡§Ø‡§æ ‡§∏‡§æ‡§∞‡§ñ‡•ç‡§Ø‡§æ ‡§™‡§æ‡§ñ‡§Ç‡§°‡•Ä ‡§¶‡§≤‡§æ‡§≤‡§æ‡§Ç‡§®‡§æ ‡§Ü‡§£‡§ø ‡§ú‡§æ‡§µ‡§æ‡§Ø‡§æ‡§∏‡§æ‡§†‡•Ä ‡§´‡§°‡§´‡§°‡§£‡§æ‡§∞‡•ç‡§Ø‡§æ ‡§¶‡§≤‡§æ‡§≤‚Ä¶ https://t.co/XoPKyVbHaZ
RT @d_vins96: ‡§ï‡§æ‡§Ç‡§¶‡•ç‡§Ø‡§æ‡§ö‡•á ‡§Ü‡§£‡§ø ‡§≠‡§æ‡§ú‡•Ä‡§™‡§æ‡§≤‡•ç‡§Ø‡§æ‡§ö‡•á ‡§≠‡§æ‡§µ ‡§ú‡§∞‡§æ‡§∏‡•á ‡§ï‡§æ‡§Ø ‡§µ‡§æ‡§¢‡§≤‡•á ‡§ï‡•Ä ‡§Æ‡•Ä‡§°‡§ø‡§Ø‡§æ ‡§ö‡•ç‡§Ø‡§æ ‡§ó‡§æ‡§Ç‡§°‡•Ä‡§≤‡§æ ‡§Ü‡§ó ‡§≤‡§æ‡§ó‡§§‡•á! ‡§Ü‡§£‡§ø ‡§Æ‡§ó ‡§§‡•á ‡§è‡§µ‡§¢‡§Ç ‡§Æ‡§π‡§æ‡§ó‡§≤‡•á‡§≤‡§Ç ‡§™‡•á‡§ü‡•ç‡§∞‡•ã‡§≤ ‡§°‡§ø‡§ù‡•á‡§≤ ‡§ó‡§æ‡§Ç‡§°‡§ø‡§§‚Ä¶
RT @d_vins96: ‡§ï‡§æ‡§Ç‡§¶‡•ç‡§Ø‡§æ‡§ö‡•á ‡§Ü‡§£‡§ø ‡§≠‡§æ‡§ú‡•Ä‡§™‡§æ‡§≤‡•ç‡§Ø‡§æ‡§ö‡•á ‡§≠‡§æ‡§µ ‡§ú‡§∞‡§æ‡§∏‡•á ‡§ï‡§æ‡§Ø ‡§µ‡§æ‡§¢‡§≤‡•á ‡§ï‡•Ä ‡§Æ‡•Ä‡§°‡§ø‡§Ø‡§æ ‡§ö‡•ç‡§Ø‡§æ ‡§ó‡§æ‡§Ç‡§°‡•Ä‡§≤‡§æ ‡§Ü‡§ó ‡§≤‡§æ‡§ó‡§§‡•á! ‡§Ü‡§£‡§ø ‡§Æ‡§ó ‡§§‡•á ‡§è‡§µ‡§¢‡§Ç ‡§Æ‡§π‡§æ‡§ó‡§≤‡•á‡§≤‡§Ç ‡§™‡•á‡§ü‡•ç‡§∞‡•ã‡§≤ ‡§°‡§ø‡§ù‡•á‡§≤ ‡§ó‡§æ‡§Ç‡§°‡§ø‡§§‚Ä¶
@ShubhiS95462471 @pujaa42 ‡§≠‡§ø‡§ï‡§æ‡§∞‡§ö‡•ã‡§ü ‡§∏‡§æ‡§≤‡§æ
‡§ï‡§æ‡§Ç‡§¶‡•ç‡§Ø‡§æ‡§ö‡•á ‡§Ü‡§£‡§ø ‡§≠‡§æ‡§ú‡•Ä‡§™‡§æ‡§≤‡•ç‡§Ø‡§æ‡§ö‡•á ‡§≠‡§æ‡§µ ‡§ú‡§∞‡§æ‡§∏‡•á ‡§ï‡§æ‡§Ø ‡§µ‡§æ‡§¢‡§≤‡•á ‡§ï‡•Ä ‡§Æ‡•Ä‡§°‡§ø‡§Ø‡§æ ‡§ö‡•ç‡§Ø‡§æ ‡§ó‡§æ‡§Ç‡§°‡•Ä‡§≤‡§æ ‡§Ü‡§ó ‡§≤‡§æ‡§ó‡§§‡•á! ‡§Ü‡§£‡§ø ‡§Æ‡§ó ‡§§‡•á ‡§è‡§µ‡§¢‡§Ç ‡§Æ‡§π‡§æ‡§ó‡§≤‡•á‡§≤‡§Ç ‡§™‡•á‡§ü‡•ç‡§∞‡•ã‡§≤ ‡§°‡§ø‚Ä¶ https://t.co/dyPyONWbMy
"RT @Milind_Date2021: ‡§°‡•ç‡§∞‡§ó‡•ç‡§∏ ‡§™‡•ç‡§∞‡§ï‡§∞‡§£, ‡§∏‡§Æ‡•Ä‡§∞ ‡§µ‡§æ‡§®‡§ñ‡•á‡§°‡•á ‡§Ü‡§£‡§ø ‡§≠‡§ø‡§ï‡§æ‡§∞‡§ö‡•ã‡§ü @nawabmalikncp ‡§π‡•ç‡§Ø‡§æ‡§¨‡§¶‡•ç‡§¶‡§≤ ‡§§‡•Å‡§Æ‡§ö‡§Ç ‡§Æ‡•å‡§®‡§µ‡•ç‡§∞‡§§ ‡§¨‡§∞‡§Ç‡§ö ‡§ï‡§æ‡§π‡•Ä ‡§∏‡§æ‡§Ç‡§ó‡•Ç‡§® ‡§ó‡•á‡§≤‡§Ç @PawarSpeaks ‡§∏‡§æ‚Ä¶"
"RT @Milind_Date2021: ‡§°‡•ç‡§∞‡§ó‡•ç‡§∏ ‡§™‡•ç‡§∞‡§ï‡§∞‡§£, ‡§∏‡§Æ‡•Ä‡§∞ ‡§µ‡§æ‡§®‡§ñ‡•á‡§°‡•á ‡§Ü‡§£‡§ø ‡§≠‡§ø‡§ï‡§æ‡§∞‡§ö‡•ã‡§ü @nawabmalikncp ‡§π‡•ç‡§Ø‡§æ‡§¨‡§¶‡•ç‡§¶‡§≤ ‡§§‡•Å‡§Æ‡§ö‡§Ç ‡§Æ‡•å‡§®‡§µ‡•ç‡§∞‡§§ ‡§¨‡§∞‡§Ç‡§ö ‡§ï‡§æ‡§π‡•Ä ‡§∏‡§æ‡§Ç‡§ó‡•Ç‡§® ‡§ó‡•á‡§≤‡§Ç @PawarSpeaks ‡§∏‡§æ‚Ä¶"
"RT @VinodWayal12: ‡§ï‡§æ‡§π‡•Ä ‡§≤‡•ã‡§ï‡§æ‡§Ç‡§ö‡§æ ‡§®‡§æ‡§π‡•Ä ‡§§‡•Å‡§Æ‡§ö‡•ç‡§Ø‡§æ ‡§§‡•ç‡§Ø‡§æ ‡§≠‡§ø‡§ï‡§æ‡§∞‡§ö‡•ã‡§ü ‡§Æ‡§Ç‡§§‡•ç‡§∞‡•ç‡§Ø‡§æ‡§ö‡§æ ‡§Ü‡§π‡•á ‡§≤‡•ã‡§ï‡§æ‡§Ç‡§®‡§æ ‡§ò‡•á‡§ä ‡§®‡§ï‡§æ ‡§≤‡•ã‡§ï ‡§∏‡§Æ‡•Ä‡§∞ ‡§∏‡•ã‡§¨‡§§ ‡§Ü‡§π‡•á.
‡§§‡•Å‡§Æ‡•ç‡§π‡•Ä ‡§§‡•ç‡§Ø‡§æ‡§Ç‡§ö‡•Ä ‡§ú‡§æ‡§§ ‡§ï‡§æ‡§Ø ‡§ï‡§æ‡§¢‡§§‡§æ‡§§‚Ä¶"
"RT @Milind_Date2021: ‡§°‡•ç‡§∞‡§ó‡•ç‡§∏ ‡§™‡•ç‡§∞‡§ï‡§∞‡§£, ‡§∏‡§Æ‡•Ä‡§∞ ‡§µ‡§æ‡§®‡§ñ‡•á‡§°‡•á ‡§Ü‡§£‡§ø ‡§≠‡§ø‡§ï‡§æ‡§∞‡§ö‡•ã‡§ü @nawabmalikncp ‡§π‡•ç‡§Ø‡§æ‡§¨‡§¶‡•ç‡§¶‡§≤ ‡§§‡•Å‡§Æ‡§ö‡§Ç ‡§Æ‡•å‡§®‡§µ‡•ç‡§∞‡§§ ‡§¨‡§∞‡§Ç‡§ö ‡§ï‡§æ‡§π‡•Ä ‡§∏‡§æ‡§Ç‡§ó‡•Ç‡§® ‡§ó‡•á‡§≤‡§Ç @PawarSpeaks ‡§∏‡§æ‚Ä¶"
@Nachu_sanghi @garg_trupti @SafrronM @TV9Marathi ‡§ï‡§¨‡§æ‡§¨ ‡§Ü‡§£‡§ø ‡§§‡•ç‡§Ø‡§æ‡§ö‡•á ‡§∏‡§ó‡§≥‡•á ‡§ö‡§æ‡§ü‡•á ‡§è‡§ï ‡§®‡§Ç‡§¨‡§∞ ‡§≠‡§ø‡§ï‡§æ‡§∞‡§ö‡•ã‡§ü‡•§ ‡§Ø‡§æ YZ ‡§®‡§æ ‡§ñ‡§∞‡§Ç‡§ö ‡§ï‡•ã‡§Ç‡§¨‡§≤‡§æ ‡§™‡§æ‡§π‡§ø‡§ú‡•á ‡§ï‡•Å‡§†‡•á‡§§‡§∞‡•Ä‡•§
"RT @Milind_Date2021: ‡§°‡•ç‡§∞‡§ó‡•ç‡§∏ ‡§™‡•ç‡§∞‡§ï‡§∞‡§£, ‡§∏‡§Æ‡•Ä‡§∞ ‡§µ‡§æ‡§®‡§ñ‡•á‡§°‡•á ‡§Ü‡§£‡§ø ‡§≠‡§ø‡§ï‡§æ‡§∞‡§ö‡•ã‡§ü @nawabmalikncp ‡§π‡•ç‡§Ø‡§æ‡§¨‡§¶‡•ç‡§¶‡§≤ ‡§§‡•Å‡§Æ‡§ö‡§Ç ‡§Æ‡•å‡§®‡§µ‡•ç‡§∞‡§§ ‡§¨‡§∞‡§Ç‡§ö ‡§ï‡§æ‡§π‡•Ä ‡§∏‡§æ‡§Ç‡§ó‡•Ç‡§® ‡§ó‡•á‡§≤‡§Ç @PawarSpeaks ‡§∏‡§æ‚Ä¶"
"RT @VinodWayal12: ‡§ï‡§æ‡§π‡•Ä ‡§≤‡•ã‡§ï‡§æ‡§Ç‡§ö‡§æ ‡§®‡§æ‡§π‡•Ä ‡§§‡•Å‡§Æ‡§ö‡•ç‡§Ø‡§æ ‡§§‡•ç‡§Ø‡§æ ‡§≠‡§ø‡§ï‡§æ‡§∞‡§ö‡•ã‡§ü ‡§Æ‡§Ç‡§§‡•ç‡§∞‡•ç‡§Ø‡§æ‡§ö‡§æ ‡§Ü‡§π‡•á ‡§≤‡•ã‡§ï‡§æ‡§Ç‡§®‡§æ ‡§ò‡•á‡§ä ‡§®‡§ï‡§æ ‡§≤‡•ã‡§ï ‡§∏‡§Æ‡•Ä‡§∞ ‡§∏‡•ã‡§¨‡§§ ‡§Ü‡§π‡•á.
‡§§‡•Å‡§Æ‡•ç‡§π‡•Ä ‡§§‡•ç‡§Ø‡§æ‡§Ç‡§ö‡•Ä ‡§ú‡§æ‡§§ ‡§ï‡§æ‡§Ø ‡§ï‡§æ‡§¢‡§§‡§æ‡§§‚Ä¶"
"RT @Milind_Date2021: ‡§°‡•ç‡§∞‡§ó‡•ç‡§∏ ‡§™‡•ç‡§∞‡§ï‡§∞‡§£, ‡§∏‡§Æ‡•Ä‡§∞ ‡§µ‡§æ‡§®‡§ñ‡•á‡§°‡•á ‡§Ü‡§£‡§ø ‡§≠‡§ø‡§ï‡§æ‡§∞‡§ö‡•ã‡§ü @nawabmalikncp ‡§π‡•ç‡§Ø‡§æ‡§¨‡§¶‡•ç‡§¶‡§≤ ‡§§‡•Å‡§Æ‡§ö‡§Ç ‡§Æ‡•å‡§®‡§µ‡•ç‡§∞‡§§ ‡§¨‡§∞‡§Ç‡§ö ‡§ï‡§æ‡§π‡•Ä ‡§∏‡§æ‡§Ç‡§ó‡•Ç‡§® ‡§ó‡•á‡§≤‡§Ç @PawarSpeaks ‡§∏‡§æ‚Ä¶"
"RT @Milind_Date2021: ‡§°‡•ç‡§∞‡§ó‡•ç‡§∏ ‡§™‡•ç‡§∞‡§ï‡§∞‡§£, ‡§∏‡§Æ‡•Ä‡§∞ ‡§µ‡§æ‡§®‡§ñ‡•á‡§°‡•á ‡§Ü‡§£‡§ø ‡§≠‡§ø‡§ï‡§æ‡§∞‡§ö‡•ã‡§ü @nawabmalikncp ‡§π‡•ç‡§Ø‡§æ‡§¨‡§¶‡•ç‡§¶‡§≤ ‡§§‡•Å‡§Æ‡§ö‡§Ç ‡§Æ‡•å‡§®‡§µ‡•ç‡§∞‡§§ ‡§¨‡§∞‡§Ç‡§ö ‡§ï‡§æ‡§π‡•Ä ‡§∏‡§æ‡§Ç‡§ó‡•Ç‡§® ‡§ó‡•á‡§≤‡§Ç @PawarSpeaks ‡§∏‡§æ‚Ä¶"
"RT @Milind_Date2021: ‡§°‡•ç‡§∞‡§ó‡•ç‡§∏ ‡§™‡•ç‡§∞‡§ï‡§∞‡§£, ‡§∏‡§Æ‡•Ä‡§∞ ‡§µ‡§æ‡§®‡§ñ‡•á‡§°‡•á ‡§Ü‡§£‡§ø ‡§≠‡§ø‡§ï‡§æ‡§∞‡§ö‡•ã‡§ü @nawabmalikncp ‡§π‡•ç‡§Ø‡§æ‡§¨‡§¶‡•ç‡§¶‡§≤ ‡§§‡•Å‡§Æ‡§ö‡§Ç ‡§Æ‡•å‡§®‡§µ‡•ç‡§∞‡§§ ‡§¨‡§∞‡§Ç‡§ö ‡§ï‡§æ‡§π‡•Ä ‡§∏‡§æ‡§Ç‡§ó‡•Ç‡§® ‡§ó‡•á‡§≤‡§Ç @PawarSpeaks ‡§∏‡§æ‚Ä¶"
"RT @Milind_Date2021: ‡§°‡•ç‡§∞‡§ó‡•ç‡§∏ ‡§™‡•ç‡§∞‡§ï‡§∞‡§£, ‡§∏‡§Æ‡•Ä‡§∞ ‡§µ‡§æ‡§®‡§ñ‡•á‡§°‡•á ‡§Ü‡§£‡§ø ‡§≠‡§ø‡§ï‡§æ‡§∞‡§ö‡•ã‡§ü @nawabmalikncp ‡§π‡•ç‡§Ø‡§æ‡§¨‡§¶‡•ç‡§¶‡§≤ ‡§§‡•Å‡§Æ‡§ö‡§Ç ‡§Æ‡•å‡§®‡§µ‡•ç‡§∞‡§§ ‡§¨‡§∞‡§Ç‡§ö ‡§ï‡§æ‡§π‡•Ä ‡§∏‡§æ‡§Ç‡§ó‡•Ç‡§® ‡§ó‡•á‡§≤‡§Ç @PawarSpeaks ‡§∏‡§æ‚Ä¶"
"RT @Milind_Date2021: ‡§°‡•ç‡§∞‡§ó‡•ç‡§∏ ‡§™‡•ç‡§∞‡§ï‡§∞‡§£, ‡§∏‡§Æ‡•Ä‡§∞ ‡§µ‡§æ‡§®‡§ñ‡•á‡§°‡•á ‡§Ü‡§£‡§ø ‡§≠‡§ø‡§ï‡§æ‡§∞‡§ö‡•ã‡§ü @nawabmalikncp ‡§π‡•ç‡§Ø‡§æ‡§¨‡§¶‡•ç‡§¶‡§≤ ‡§§‡•Å‡§Æ‡§ö‡§Ç ‡§Æ‡•å‡§®‡§µ‡•ç‡§∞‡§§ ‡§¨‡§∞‡§Ç‡§ö ‡§ï‡§æ‡§π‡•Ä ‡§∏‡§æ‡§Ç‡§ó‡•Ç‡§® ‡§ó‡•á‡§≤‡§Ç @PawarSpeaks ‡§∏‡§æ‚Ä¶"
"RT @Milind_Date2021: ‡§°‡•ç‡§∞‡§ó‡•ç‡§∏ ‡§™‡•ç‡§∞‡§ï‡§∞‡§£, ‡§∏‡§Æ‡•Ä‡§∞ ‡§µ‡§æ‡§®‡§ñ‡•á‡§°‡•á ‡§Ü‡§£‡§ø ‡§≠‡§ø‡§ï‡§æ‡§∞‡§ö‡•ã‡§ü @nawabmalikncp ‡§π‡•ç‡§Ø‡§æ‡§¨‡§¶‡•ç‡§¶‡§≤ ‡§§‡•Å‡§Æ‡§ö‡§Ç ‡§Æ‡•å‡§®‡§µ‡•ç‡§∞‡§§ ‡§¨‡§∞‡§Ç‡§ö ‡§ï‡§æ‡§π‡•Ä ‡§∏‡§æ‡§Ç‡§ó‡•Ç‡§® ‡§ó‡•á‡§≤‡§Ç @PawarSpeaks ‡§∏‡§æ‚Ä¶"
"RT @Milind_Date2021: ‡§°‡•ç‡§∞‡§ó‡•ç‡§∏ ‡§™‡•ç‡§∞‡§ï‡§∞‡§£, ‡§∏‡§Æ‡•Ä‡§∞ ‡§µ‡§æ‡§®‡§ñ‡•á‡§°‡•á ‡§Ü‡§£‡§ø ‡§≠‡§ø‡§ï‡§æ‡§∞‡§ö‡•ã‡§ü @nawabmalikncp ‡§π‡•ç‡§Ø‡§æ‡§¨‡§¶‡•ç‡§¶‡§≤ ‡§§‡•Å‡§Æ‡§ö‡§Ç ‡§Æ‡•å‡§®‡§µ‡•ç‡§∞‡§§ ‡§¨‡§∞‡§Ç‡§ö ‡§ï‡§æ‡§π‡•Ä ‡§∏‡§æ‡§Ç‡§ó‡•Ç‡§® ‡§ó‡•á‡§≤‡§Ç @PawarSpeaks ‡§∏‡§æ‚Ä¶"
"RT @Milind_Date2021: ‡§°‡•ç‡§∞‡§ó‡•ç‡§∏ ‡§™‡•ç‡§∞‡§ï‡§∞‡§£, ‡§∏‡§Æ‡•Ä‡§∞ ‡§µ‡§æ‡§®‡§ñ‡•á‡§°‡•á ‡§Ü‡§£‡§ø ‡§≠‡§ø‡§ï‡§æ‡§∞‡§ö‡•ã‡§ü @nawabmalikncp ‡§π‡•ç‡§Ø‡§æ‡§¨‡§¶‡•ç‡§¶‡§≤ ‡§§‡•Å‡§Æ‡§ö‡§Ç ‡§Æ‡•å‡§®‡§µ‡•ç‡§∞‡§§ ‡§¨‡§∞‡§Ç‡§ö ‡§ï‡§æ‡§π‡•Ä ‡§∏‡§æ‡§Ç‡§ó‡•Ç‡§® ‡§ó‡•á‡§≤‡§Ç @PawarSpeaks ‡§∏‡§æ‚Ä¶"
"RT @Milind_Date2021: ‡§°‡•ç‡§∞‡§ó‡•ç‡§∏ ‡§™‡•ç‡§∞‡§ï‡§∞‡§£, ‡§∏‡§Æ‡•Ä‡§∞ ‡§µ‡§æ‡§®‡§ñ‡•á‡§°‡•á ‡§Ü‡§£‡§ø ‡§≠‡§ø‡§ï‡§æ‡§∞‡§ö‡•ã‡§ü @nawabmalikncp ‡§π‡•ç‡§Ø‡§æ‡§¨‡§¶‡•ç‡§¶‡§≤ ‡§§‡•Å‡§Æ‡§ö‡§Ç ‡§Æ‡•å‡§®‡§µ‡•ç‡§∞‡§§ ‡§¨‡§∞‡§Ç‡§ö ‡§ï‡§æ‡§π‡•Ä ‡§∏‡§æ‡§Ç‡§ó‡•Ç‡§® ‡§ó‡•á‡§≤‡§Ç @PawarSpeaks ‡§∏‡§æ‚Ä¶"
"RT @Milind_Date2021: ‡§°‡•ç‡§∞‡§ó‡•ç‡§∏ ‡§™‡•ç‡§∞‡§ï‡§∞‡§£, ‡§∏‡§Æ‡•Ä‡§∞ ‡§µ‡§æ‡§®‡§ñ‡•á‡§°‡•á ‡§Ü‡§£‡§ø ‡§≠‡§ø‡§ï‡§æ‡§∞‡§ö‡•ã‡§ü @nawabmalikncp ‡§π‡•ç‡§Ø‡§æ‡§¨‡§¶‡•ç‡§¶‡§≤ ‡§§‡•Å‡§Æ‡§ö‡§Ç ‡§Æ‡•å‡§®‡§µ‡•ç‡§∞‡§§ ‡§¨‡§∞‡§Ç‡§ö ‡§ï‡§æ‡§π‡•Ä ‡§∏‡§æ‡§Ç‡§ó‡•Ç‡§® ‡§ó‡•á‡§≤‡§Ç @PawarSpeaks ‡§∏‡§æ‚Ä¶"
"RT @Milind_Date2021: ‡§°‡•ç‡§∞‡§ó‡•ç‡§∏ ‡§™‡•ç‡§∞‡§ï‡§∞‡§£, ‡§∏‡§Æ‡•Ä‡§∞ ‡§µ‡§æ‡§®‡§ñ‡•á‡§°‡•á ‡§Ü‡§£‡§ø ‡§≠‡§ø‡§ï‡§æ‡§∞‡§ö‡•ã‡§ü @nawabmalikncp ‡§π‡•ç‡§Ø‡§æ‡§¨‡§¶‡•ç‡§¶‡§≤ ‡§§‡•Å‡§Æ‡§ö‡§Ç ‡§Æ‡•å‡§®‡§µ‡•ç‡§∞‡§§ ‡§¨‡§∞‡§Ç‡§ö ‡§ï‡§æ‡§π‡•Ä ‡§∏‡§æ‡§Ç‡§ó‡•Ç‡§® ‡§ó‡•á‡§≤‡§Ç @PawarSpeaks ‡§∏‡§æ‚Ä¶"
"RT @Milind_Date2021: ‡§°‡•ç‡§∞‡§ó‡•ç‡§∏ ‡§™‡•ç‡§∞‡§ï‡§∞‡§£, ‡§∏‡§Æ‡•Ä‡§∞ ‡§µ‡§æ‡§®‡§ñ‡•á‡§°‡•á ‡§Ü‡§£‡§ø ‡§≠‡§ø‡§ï‡§æ‡§∞‡§ö‡•ã‡§ü @nawabmalikncp ‡§π‡•ç‡§Ø‡§æ‡§¨‡§¶‡•ç‡§¶‡§≤ ‡§§‡•Å‡§Æ‡§ö‡§Ç ‡§Æ‡•å‡§®‡§µ‡•ç‡§∞‡§§ ‡§¨‡§∞‡§Ç‡§ö ‡§ï‡§æ‡§π‡•Ä ‡§∏‡§æ‡§Ç‡§ó‡•Ç‡§® ‡§ó‡•á‡§≤‡§Ç @PawarSpeaks ‡§∏‡§æ‚Ä¶"
"RT @Milind_Date2021: ‡§°‡•ç‡§∞‡§ó‡•ç‡§∏ ‡§™‡•ç‡§∞‡§ï‡§∞‡§£, ‡§∏‡§Æ‡•Ä‡§∞ ‡§µ‡§æ‡§®‡§ñ‡•á‡§°‡•á ‡§Ü‡§£‡§ø ‡§≠‡§ø‡§ï‡§æ‡§∞‡§ö‡•ã‡§ü @nawabmalikncp ‡§π‡•ç‡§Ø‡§æ‡§¨‡§¶‡•ç‡§¶‡§≤ ‡§§‡•Å‡§Æ‡§ö‡§Ç ‡§Æ‡•å‡§®‡§µ‡•ç‡§∞‡§§ ‡§¨‡§∞‡§Ç‡§ö ‡§ï‡§æ‡§π‡•Ä ‡§∏‡§æ‡§Ç‡§ó‡•Ç‡§® ‡§ó‡•á‡§≤‡§Ç @PawarSpeaks ‡§∏‡§æ‚Ä¶"
"RT @Milind_Date2021: ‡§°‡•ç‡§∞‡§ó‡•ç‡§∏ ‡§™‡•ç‡§∞‡§ï‡§∞‡§£, ‡§∏‡§Æ‡•Ä‡§∞ ‡§µ‡§æ‡§®‡§ñ‡•á‡§°‡•á ‡§Ü‡§£‡§ø ‡§≠‡§ø‡§ï‡§æ‡§∞‡§ö‡•ã‡§ü @nawabmalikncp ‡§π‡•ç‡§Ø‡§æ‡§¨‡§¶‡•ç‡§¶‡§≤ ‡§§‡•Å‡§Æ‡§ö‡§Ç ‡§Æ‡•å‡§®‡§µ‡•ç‡§∞‡§§ ‡§¨‡§∞‡§Ç‡§ö ‡§ï‡§æ‡§π‡•Ä ‡§∏‡§æ‡§Ç‡§ó‡•Ç‡§® ‡§ó‡•á‡§≤‡§Ç @PawarSpeaks ‡§∏‡§æ‚Ä¶"
"RT @Milind_Date2021: ‡§°‡•ç‡§∞‡§ó‡•ç‡§∏ ‡§™‡•ç‡§∞‡§ï‡§∞‡§£, ‡§∏‡§Æ‡•Ä‡§∞ ‡§µ‡§æ‡§®‡§ñ‡•á‡§°‡•á ‡§Ü‡§£‡§ø ‡§≠‡§ø‡§ï‡§æ‡§∞‡§ö‡•ã‡§ü @nawabmalikncp ‡§π‡•ç‡§Ø‡§æ‡§¨‡§¶‡•ç‡§¶‡§≤ ‡§§‡•Å‡§Æ‡§ö‡§Ç ‡§Æ‡•å‡§®‡§µ‡•ç‡§∞‡§§ ‡§¨‡§∞‡§Ç‡§ö ‡§ï‡§æ‡§π‡•Ä ‡§∏‡§æ‡§Ç‡§ó‡•Ç‡§® ‡§ó‡•á‡§≤‡§Ç @PawarSpeaks ‡§∏‡§æ‚Ä¶"
"RT @Milind_Date2021: ‡§°‡•ç‡§∞‡§ó‡•ç‡§∏ ‡§™‡•ç‡§∞‡§ï‡§∞‡§£, ‡§∏‡§Æ‡•Ä‡§∞ ‡§µ‡§æ‡§®‡§ñ‡•á‡§°‡•á ‡§Ü‡§£‡§ø ‡§≠‡§ø‡§ï‡§æ‡§∞‡§ö‡•ã‡§ü @nawabmalikncp ‡§π‡•ç‡§Ø‡§æ‡§¨‡§¶‡•ç‡§¶‡§≤ ‡§§‡•Å‡§Æ‡§ö‡§Ç ‡§Æ‡•å‡§®‡§µ‡•ç‡§∞‡§§ ‡§¨‡§∞‡§Ç‡§ö ‡§ï‡§æ‡§π‡•Ä ‡§∏‡§æ‡§Ç‡§ó‡•Ç‡§® ‡§ó‡•á‡§≤‡§Ç @PawarSpeaks ‡§∏‡§æ‚Ä¶"
"RT @Milind_Date2021: ‡§°‡•ç‡§∞‡§ó‡•ç‡§∏ ‡§™‡•ç‡§∞‡§ï‡§∞‡§£, ‡§∏‡§Æ‡•Ä‡§∞ ‡§µ‡§æ‡§®‡§ñ‡•á‡§°‡•á ‡§Ü‡§£‡§ø ‡§≠‡§ø‡§ï‡§æ‡§∞‡§ö‡•ã‡§ü @nawabmalikncp ‡§π‡•ç‡§Ø‡§æ‡§¨‡§¶‡•ç‡§¶‡§≤ ‡§§‡•Å‡§Æ‡§ö‡§Ç ‡§Æ‡•å‡§®‡§µ‡•ç‡§∞‡§§ ‡§¨‡§∞‡§Ç‡§ö ‡§ï‡§æ‡§π‡•Ä ‡§∏‡§æ‡§Ç‡§ó‡•Ç‡§® ‡§ó‡•á‡§≤‡§Ç @PawarSpeaks ‡§∏‡§æ‚Ä¶"
"‡§°‡•ç‡§∞‡§ó‡•ç‡§∏ ‡§™‡•ç‡§∞‡§ï‡§∞‡§£, ‡§∏‡§Æ‡•Ä‡§∞ ‡§µ‡§æ‡§®‡§ñ‡•á‡§°‡•á ‡§Ü‡§£‡§ø ‡§≠‡§ø‡§ï‡§æ‡§∞‡§ö‡•ã‡§ü @nawabmalikncp ‡§π‡•ç‡§Ø‡§æ‡§¨‡§¶‡•ç‡§¶‡§≤ ‡§§‡•Å‡§Æ‡§ö‡§Ç ‡§Æ‡•å‡§®‡§µ‡•ç‡§∞‡§§ ‡§¨‡§∞‡§Ç‡§ö ‡§ï‡§æ‡§π‡•Ä ‡§∏‡§æ‡§Ç‡§ó‡•Ç‡§® ‡§ó‡•á‡§≤‡§Ç @PawarSpeaks‚Ä¶ https://t.co/z7ZHaYLoGX"
"RT @VinodWayal12: ‡§ï‡§æ‡§π‡•Ä ‡§≤‡•ã‡§ï‡§æ‡§Ç‡§ö‡§æ ‡§®‡§æ‡§π‡•Ä ‡§§‡•Å‡§Æ‡§ö‡•ç‡§Ø‡§æ ‡§§‡•ç‡§Ø‡§æ ‡§≠‡§ø‡§ï‡§æ‡§∞‡§ö‡•ã‡§ü ‡§Æ‡§Ç‡§§‡•ç‡§∞‡•ç‡§Ø‡§æ‡§ö‡§æ ‡§Ü‡§π‡•á ‡§≤‡•ã‡§ï‡§æ‡§Ç‡§®‡§æ ‡§ò‡•á‡§ä ‡§®‡§ï‡§æ ‡§≤‡•ã‡§ï ‡§∏‡§Æ‡•Ä‡§∞ ‡§∏‡•ã‡§¨‡§§ ‡§Ü‡§π‡•á.
‡§§‡•Å‡§Æ‡•ç‡§π‡•Ä ‡§§‡•ç‡§Ø‡§æ‡§Ç‡§ö‡•Ä ‡§ú‡§æ‡§§ ‡§ï‡§æ‡§Ø ‡§ï‡§æ‡§¢‡§§‡§æ‡§§‚Ä¶"
"RT @VinodWayal12: ‡§ï‡§æ‡§π‡•Ä ‡§≤‡•ã‡§ï‡§æ‡§Ç‡§ö‡§æ ‡§®‡§æ‡§π‡•Ä ‡§§‡•Å‡§Æ‡§ö‡•ç‡§Ø‡§æ ‡§§‡•ç‡§Ø‡§æ ‡§≠‡§ø‡§ï‡§æ‡§∞‡§ö‡•ã‡§ü ‡§Æ‡§Ç‡§§‡•ç‡§∞‡•ç‡§Ø‡§æ‡§ö‡§æ ‡§Ü‡§π‡•á ‡§≤‡•ã‡§ï‡§æ‡§Ç‡§®‡§æ ‡§ò‡•á‡§ä ‡§®‡§ï‡§æ ‡§≤‡•ã‡§ï ‡§∏‡§Æ‡•Ä‡§∞ ‡§∏‡•ã‡§¨‡§§ ‡§Ü‡§π‡•á.
‡§§‡•Å‡§Æ‡•ç‡§π‡•Ä ‡§§‡•ç‡§Ø‡§æ‡§Ç‡§ö‡•Ä ‡§ú‡§æ‡§§ ‡§ï‡§æ‡§Ø ‡§ï‡§æ‡§¢‡§§‡§æ‡§§‚Ä¶"
"‡§ï‡§æ‡§π‡•Ä ‡§≤‡•ã‡§ï‡§æ‡§Ç‡§ö‡§æ ‡§®‡§æ‡§π‡•Ä ‡§§‡•Å‡§Æ‡§ö‡•ç‡§Ø‡§æ ‡§§‡•ç‡§Ø‡§æ ‡§≠‡§ø‡§ï‡§æ‡§∞‡§ö‡•ã‡§ü ‡§Æ‡§Ç‡§§‡•ç‡§∞‡•ç‡§Ø‡§æ‡§ö‡§æ ‡§Ü‡§π‡•á ‡§≤‡•ã‡§ï‡§æ‡§Ç‡§®‡§æ ‡§ò‡•á‡§ä ‡§®‡§ï‡§æ ‡§≤‡•ã‡§ï ‡§∏‡§Æ‡•Ä‡§∞ ‡§∏‡•ã‡§¨‡§§ ‡§Ü‡§π‡•á.
‡§§‡•Å‡§Æ‡•ç‡§π‡•Ä ‡§§‡•ç‡§Ø‡§æ‡§Ç‡§ö‡•Ä ‡§ú‡§æ‡§§ ‡§ï‡§æ‡§Ø ‡§ï‡§æ‚Ä¶ https://t.co/Th21wRxAgT"
"@hindumangesh ‡§§‡•Å‡§Æ‡•ç‡§π‡§æ‡§≤‡§æ ‡§ñ‡•Ç‡§™ ‡§â‡§∂‡•Ä‡§∞ ‡§ù‡§æ‡§≤‡§æ ‡§π‡•ç‡§Ø‡§æ ‡§ï‡•ç‡§≤‡§¨ ‡§Æ‡§ß‡•ç‡§Ø‡•á ‡§Ø‡§æ‡§Ø‡§≤‡§æ üòÇüòÇ
‡§≠‡§ø‡§ï‡§æ‡§∞‡§ö‡•ã‡§ü ‡§Ü‡§π‡•á‡§§ ‡§§‡•á"
"RT @mssanghatna: ‡§∏‡§Ç‡§™‡•Ç‡§∞‡•ç‡§£ ‡§Æ‡§π‡§æ‡§∞‡§æ‡§∑‡•ç‡§ü‡•ç‡§∞‡§ö ‡§ï‡§æ‡§Ø ‡§§‡§∞ ‡§¶‡•á‡§∂‡§æ‡§≤‡§æ ‡§π‡•á‡§µ‡§æ ‡§µ‡§æ‡§ü‡•á‡§≤ ‡§Ö‡§∏‡•á ‡§ï‡§∞‡•ç‡§§‡§µ‡•ç‡§Ø ‡§Ü‡§™‡§£ ‡§¨‡§ú‡§æ‡§µ‡§§ ‡§Ü‡§π‡§æ‡§§ @sameerwankhedee
‡§§‡•á ‡§≠‡§ø‡§ï‡§æ‡§∞‡§ö‡•ã‡§ü ‡§¨‡•â‡§≤‡•Ä‡§µ‡•Ç‡§°‡§µ‡§æ‡§≤‡•á ‡§ó‡§æ‡§Ç‡§ú‡§æ‡§°‡•Ä‚Ä¶"
"RT @mssanghatna: ‡§∏‡§Ç‡§™‡•Ç‡§∞‡•ç‡§£ ‡§Æ‡§π‡§æ‡§∞‡§æ‡§∑‡•ç‡§ü‡•ç‡§∞‡§ö ‡§ï‡§æ‡§Ø ‡§§‡§∞ ‡§¶‡•á‡§∂‡§æ‡§≤‡§æ ‡§π‡•á‡§µ‡§æ ‡§µ‡§æ‡§ü‡•á‡§≤ ‡§Ö‡§∏‡•á ‡§ï‡§∞‡•ç‡§§‡§µ‡•ç‡§Ø ‡§Ü‡§™‡§£ ‡§¨‡§ú‡§æ‡§µ‡§§ ‡§Ü‡§π‡§æ‡§§ @sameerwankhedee
‡§§‡•á ‡§≠‡§ø‡§ï‡§æ‡§∞‡§ö‡•ã‡§ü ‡§¨‡•â‡§≤‡•Ä‡§µ‡•Ç‡§°‡§µ‡§æ‡§≤‡•á ‡§ó‡§æ‡§Ç‡§ú‡§æ‡§°‡•Ä‚Ä¶"
RT @KaranRodkar: @BodkheShilpa ‡§∂‡§æ‡§π‡§∞‡•Å‡§ñ ‡§ñ‡§æ‡§® ‡§Ü‡§π‡•á ‡§§‡•ã. ‡§∏‡§Ç‡§ò‡§∞‡•ç‡§∑ ‡§ï‡§∏‡§æ ‡§ï‡§∞‡§æ‡§Ø‡§ö‡§æ. ‡§Ö‡§®‡•ç‡§Ø‡§æ‡§Ø‡§æ‡§µ‡§ø‡§∞‡•Å‡§¶‡•ç‡§ß ‡§≤‡§¢‡§æ‡§Ø‡§ö ‡§ï‡§∏ ‡§§‡•á ‡§§‡•ç‡§Ø‡§æ‡§≤‡§æ ‡§ö‡§æ‡§Ç‡§ó‡§≤ ‡§ö ‡§Æ‡§æ‡§π‡•Ä‡§§ ‡§Ü‡§π‡•á. ‡§π‡•á ‡§≠‡§ø‡§ï‡§æ‡§∞‡§ö‡•ã‡§ü ‡§≤‡•ã‡§ï‚Ä¶
@jogalshailaja ‡§§‡•Å‡§Æ‡§ö‡•ç‡§Ø‡§æ‡§∏‡§æ‡§∞‡§ñ‡•á ‡§≠‡•Ä‡§ï‡§æ‡§∞‡§ö‡•ã‡§ü ‡§™‡§§‡•ç‡§∞‡§ï‡§æ‡§∞ ‡§™‡§ï‡•ç‡§∑‡§æ‡§ö‡•á ‡§™‡•ç‡§∞‡§µ‡§ï‡•ç‡§§‡•á ‡§Æ‡•ç‡§π‡§£‡•Ç‡§® ‡§ï‡§æ‡§Æ ‡§ï‡§∞‡§æ‡§Ø‡§≤‡§æ ‡§≤‡§æ‡§ó‡§≤‡•ç‡§Ø‡§æ‡§µ‡§∞ ‡§µ‡•á‡§ó‡§≥‡•Ä ‡§ï‡§æ‡§Ø ‡§Ö‡§™‡•á‡§ï‡•ç‡§∑‡§æ ‡§†‡•á‡§µ‡§£‡§æ‡§∞?
‡§ú‡§∞ ‡§ï‡•ã‡§£‡§æ‡§≤‡§æ ‡§∂‡§Ç‡§ï‡§æ ‡§Ü‡§π‡•á  ‡§§‡•ç‡§Ø‡§æ‡§Ç‡§®‡•Ä ‡§∏‡§Æ‡•Ä‡§∞ ‡§µ‡§æ‡§®‡§ñ‡•á‡§°‡•á ‡§µ ‡§§‡•ç‡§Ø‡§æ‡§Ç‡§ö‡•ç‡§Ø‡§æ ‡§ï‡•Å‡§ü‡•Å‡§Ç‡§¨‡§æ‡§§‡•Ä‡§≤ ‡§™‡•Å‡§∞‡•Å‡§∑‡§æ‡§Ç‡§ö‡•á ‡§ó‡•Å‡§™‡•ç‡§§‡§æ‡§Ç‡§ó ‡§ö‡•å‡§ï‡§∂‡•Ä ‡§ï‡§∞‡§æ‡§µ‡•Ä ‡§â‡§ó‡§æ‡§ö ‡§ï‡•Å‡§£‡§æ‡§ö‡•Ä ‡§®‡§ø‡§Ç‡§¶‡§æ ‡§ï‚Ä¶ https://t.co/XczxpxH3Rz
"@MiLOKMAT ‡§ï‡•ã‡§£ ‡§Ü‡§π‡•á ‡§∞‡•á ‡§§‡•ã ‡§≠‡§ø‡§ï‡§æ‡§∞‡§ö‡•ã‡§ü? ‡§π‡§∞‡§æ‡§Æ‡•Ä ‡§¶‡§≤‡§æ‡§≤ ‡§™‡•á‡§°‡§Æ‡•Ä‡§°‡•Ä‡§Ø‡§æ? ‡§™‡•Ä‡§Ü‡§∞ ‡§ï‡§Ç‡§™‡§®‡•Ä‡§ö‡•ç‡§Ø‡§æ ‡§∏‡•ç‡§ï‡•ç‡§∞‡§ø‡§™‡•ç‡§ü ‡§Ü‡§£‡§ø ‡§™‡§æ‡§ï‡•Ä‡§ü‡§æ‡§µ‡§∞ ‡§ú‡§ó‡§£‡§æ‡§∞‡§æ ‡§≤‡§æ‡§ö‡§æ‡§∞?
‡§§‡•ã ‡§∏‡§∞‡§ï‡§æ‚Ä¶ https://t.co/wyEwGrFr6q"
RT @KaranRodkar: @BodkheShilpa ‡§∂‡§æ‡§π‡§∞‡•Å‡§ñ ‡§ñ‡§æ‡§® ‡§Ü‡§π‡•á ‡§§‡•ã. ‡§∏‡§Ç‡§ò‡§∞‡•ç‡§∑ ‡§ï‡§∏‡§æ ‡§ï‡§∞‡§æ‡§Ø‡§ö‡§æ. ‡§Ö‡§®‡•ç‡§Ø‡§æ‡§Ø‡§æ‡§µ‡§ø‡§∞‡•Å‡§¶‡•ç‡§ß ‡§≤‡§¢‡§æ‡§Ø‡§ö ‡§ï‡§∏ ‡§§‡•á ‡§§‡•ç‡§Ø‡§æ‡§≤‡§æ ‡§ö‡§æ‡§Ç‡§ó‡§≤ ‡§ö ‡§Æ‡§æ‡§π‡•Ä‡§§ ‡§Ü‡§π‡•á. ‡§π‡•á ‡§≠‡§ø‡§ï‡§æ‡§∞‡§ö‡•ã‡§ü ‡§≤‡•ã‡§ï‚Ä¶
@BodkheShilpa ‡§∂‡§æ‡§π‡§∞‡•Å‡§ñ ‡§ñ‡§æ‡§® ‡§Ü‡§π‡•á ‡§§‡•ã. ‡§∏‡§Ç‡§ò‡§∞‡•ç‡§∑ ‡§ï‡§∏‡§æ ‡§ï‡§∞‡§æ‡§Ø‡§ö‡§æ. ‡§Ö‡§®‡•ç‡§Ø‡§æ‡§Ø‡§æ‡§µ‡§ø‡§∞‡•Å‡§¶‡•ç‡§ß ‡§≤‡§¢‡§æ‡§Ø‡§ö ‡§ï‡§∏ ‡§§‡•á ‡§§‡•ç‡§Ø‡§æ‡§≤‡§æ ‡§ö‡§æ‡§Ç‡§ó‡§≤ ‡§ö ‡§Æ‡§æ‡§π‡•Ä‡§§ ‡§Ü‡§π‡•á. ‡§π‡•á ‡§≠‡§ø‡§ï‡§æ‡§∞‡§ö‡•ã‚Ä¶ https://t.co/Uzd6C2JyIX
@jogalshailaja ‡§Æ‡•ç‡§π‡§£‡§ú‡•á ‡§§‡•Å‡§Æ‡§ö‡•ç‡§Ø‡§æ ‡§Æ‡§§‡•á ‡§∂‡§æ‡§π‡§∞‡•Å‡§ñ ‡§ñ‡§æ‡§® ‡§ö ‡§∏‡•ç‡§µ‡§§‡§É‡§ö ‡§Ö‡§∏ ‡§µ‡•à‡§ï‡•ç‡§§‡§ø‡§Ø‡§ï  ‡§Ü‡§Ø‡•Å‡§∑‡•ç‡§Ø ‡§®‡§æ‡§π‡•Ä ‡§ï‡§æ? ‡§§‡•ç‡§Ø‡§æ‡§®‡•á ‡§ú‡•á ‡§Æ‡§ø‡§≥‡§µ‡§≤‡§Ç ‡§ï‡§Æ‡§µ‡§≤ ‡§∏‡•ç‡§µ‡§§‡§É‡§ö‡•ç‡§Ø‡§æ‚Ä¶ https://t.co/aA0j2sxfGz
"RT @Sachinraje_007: ‡§ñ‡§∞‡§Ç‡§Ø ‡§≠‡§æ‡§µ‡§æ ‡§∏‡§∞‡•ç‡§µ ‡§è‡§ï‡§æ‡§ö ‡§Æ‡§æ‡§≥‡•á‡§ö‡•á ‡§Æ‡§£‡•Ä ‡§Ü‡§π‡•á‡§§.
‡§¨‡§æ‡§π‡•á‡§∞‡•Ä‡§≤ ‡§®‡•á‡§§‡•á ‡§ú‡§ø‡§≤‡•ç‡§Ø‡§æ‡§§ ‡§´‡§ø‡§∞‡§µ‡§æ‡§Ø‡§ö‡•á ‡§Ö‡§®‡•ç ‡§´‡§ï‡•ç‡§§ ‡§∏‡§≠‡§æ ‡§†‡•ã‡§ï‡§æ‡§Ø‡§ö‡•ç‡§Ø‡§æ ‡§π‡•á‡§ö ‡§Ø‡§æ‡§Ç‡§ö‡§Ç ‡§ï‡§æ‡§Æ.
‡§ú‡§ø‡§≤‡•ç‡§Ø‡§æ‡§§‡•Ä‡§≤ ‡§ä‡§∏‡§§‡•ã‚Ä¶"
RT @NileshPDhande: @Uturn6660 @nawabmalikncp @PawarSpeaks ‡§Æ‡§Ç‡§¶ ‡§¨‡•Å‡§¶‡•ç‡§ß‡•Ä ‡§≠‡§ø‡§ï‡§æ‡§∞‡§ö‡•ã‡§ü ‡§®‡§æ‡§π‡•Ä ‡§§‡•Å‡§Æ‡§ö‡•ç‡§Ø‡§æ ‡§∏‡§æ‡§∞‡§ñ‡•á...
RT @tengaskar: @pra774477 @KrantiRedkar ‡§∏‡§ï‡§æ‡§≥‡•Ä ‡§∏‡§ï‡§æ‡§≥‡•Ä ‡§â‡§ö‡•ç‡§ö ‡§™‡•ç‡§∞‡§§‡•Ä‡§ö‡§æ ‡§π‡§∞‡•ç‡§¨‡§≤ ‡§µ‡§®‡§∏‡•ç‡§™‡§§‡•Ä ‡§ò‡•á‡§ä‡§®  ‡§§‡•Å‡§Æ‡§ö‡•ç‡§Ø‡§æ ‡§∏‡§æ‡§∞‡§ñ‡•á ‡§≠‡§ø‡§ï‡§æ‡§∞‡§ö‡•ã‡§ü ‡§á‡§•‡§Ç ‡§¨‡•ã‡§Ç‡§¨‡§≤‡§§ ‡§¨‡§∏‡§§‡§æ‡§§
@News18lokmat @nawabmalikncp @NCPspeaks @MumbaiNCP ‡§∂‡•á‡§µ‡§ü‡•Ä ‡§Ö‡§∏‡§≤‡•Ä ‡§î‡§ï‡§æ‡§§‡•Ä‡§µ‡§∞ ‡§Ü‡§≤‡•á‡§ö ‡§®‡§æ? ‡§≠‡§ø‡§ï‡§æ‡§∞‡§ö‡•ã‡§ü ‡§ú‡§æ‡§§‡•Ä‡§µ‡§æ‡§¶‡§æ‡§∂‡§ø‡§µ‡§æ‡§Ø ‡§∞‡§æ‡§ú‡§ï‡§æ‡§∞‡§£ ‡§ï‡§∞‡•Ç‡§ö‚Ä¶ https://t.co/Bd6btfBYRO
"@LoksattaLive @NCPspeaks @nawabmalikncp ‡§Ö‡§∏‡§≤‡•ç‡§Ø‡§æ ‡§π‡§∞‡§æ‡§Æ‡§ñ‡•ã‡§∞ ‡§Æ‡•Å‡§≥‡•á ‡§∏‡•Å‡§ü‡§ï‡§æ ‡§π‡•ã‡§£‡§æ‡§∞ ‡§Ü‡§π‡•á ‡§ï‡§æ? ‡§Ö‡§ñ‡•á‡§∞ ‡§Ü‡§≤‡§æ ‡§®‡§æ ‡§Ö‡§∏‡§≤‡•Ä ‡§î‡§ï‡§æ‡§§‡•Ä‡§µ‡§∞?
‡§ú‡§æ‡§§‡•Ä‡§µ‡§æ‡§¶‡§æ‚Ä¶ https://t.co/R34vj8Q7MM"
"@TV9Marathi ‡§∂‡•á‡§µ‡§ü‡•Ä ‡§Ö‡§∏‡§≤‡•Ä ‡§î‡§ï‡§æ‡§§‡•Ä‡§µ‡§∞ ‡§Ü‡§≤‡•á‡§ö ‡§®‡§æ? ‡§≠‡§ø‡§ï‡§æ‡§∞‡§ö‡•ã‡§ü ‡§ú‡§æ‡§§‡•Ä‡§µ‡§æ‡§¶‡§æ‡§∂‡§ø‡§µ‡§æ‡§Ø ‡§∞‡§æ‡§ú‡§ï‡§æ‡§∞‡§£ ‡§ï‡§∞‡•Ç‡§ö ‡§∂‡§ï‡§§ ‡§®‡§æ‡§π‡•Ä!
‡§ú‡§æ‡§§‡•Ä‡§ö‡§æ ‡§Ü‡§£‡§ø ‡§è‡§ï ‡§Ö‡§ß‡§ø‡§ï‡§æ‡§∞‡•Ä ‡§§‡•ç‡§Ø‡§æ‡§ö‡§Ç‚Ä¶ https://t.co/TsXpUdNtIM"
"RT @mssanghatna: ‡§∏‡§Ç‡§™‡•Ç‡§∞‡•ç‡§£ ‡§Æ‡§π‡§æ‡§∞‡§æ‡§∑‡•ç‡§ü‡•ç‡§∞‡§ö ‡§ï‡§æ‡§Ø ‡§§‡§∞ ‡§¶‡•á‡§∂‡§æ‡§≤‡§æ ‡§π‡•á‡§µ‡§æ ‡§µ‡§æ‡§ü‡•á‡§≤ ‡§Ö‡§∏‡•á ‡§ï‡§∞‡•ç‡§§‡§µ‡•ç‡§Ø ‡§Ü‡§™‡§£ ‡§¨‡§ú‡§æ‡§µ‡§§ ‡§Ü‡§π‡§æ‡§§ @sameerwankhedee
‡§§‡•á ‡§≠‡§ø‡§ï‡§æ‡§∞‡§ö‡•ã‡§ü ‡§¨‡•â‡§≤‡•Ä‡§µ‡•Ç‡§°‡§µ‡§æ‡§≤‡•á ‡§ó‡§æ‡§Ç‡§ú‡§æ‡§°‡•Ä‚Ä¶"
@Uturn6660 @nawabmalikncp @PawarSpeaks ‡§Æ‡§Ç‡§¶ ‡§¨‡•Å‡§¶‡•ç‡§ß‡•Ä ‡§≠‡§ø‡§ï‡§æ‡§∞‡§ö‡•ã‡§ü ‡§®‡§æ‡§π‡•Ä ‡§§‡•Å‡§Æ‡§ö‡•ç‡§Ø‡§æ ‡§∏‡§æ‡§∞‡§ñ‡•á...
@AnaghaAcharya ‡§™‡•ç‡§∞‡§≠‡§æ‡§ï‡§∞ ‡§∏‡§æ‡§à‡§≤ ‡§≠‡§ø‡§ï‡§æ‡§∞‡§ö‡•ã‡§ü ‡§Æ‡§æ‡§£‡•Å‡§∏ ‡§®‡•á‡§§‡•á ‡§≤‡•ã‡§ï‡§æ‡§Ç‡§ö‡•á ‡§™‡•à‡§∏‡•á ‡§ñ‡§æ‡§≤‡•ç‡§≤‡•á ‡§ú‡§Ø ‡§Ü‡§ó‡§∞‡•Ä ‡§∏‡§Æ‡§æ‡§ú
@pra774477 @KrantiRedkar ‡§∏‡§ï‡§æ‡§≥‡•Ä ‡§∏‡§ï‡§æ‡§≥‡•Ä ‡§â‡§ö‡•ç‡§ö ‡§™‡•ç‡§∞‡§§‡•Ä‡§ö‡§æ ‡§π‡§∞‡•ç‡§¨‡§≤ ‡§µ‡§®‡§∏‡•ç‡§™‡§§‡•Ä ‡§ò‡•á‡§ä‡§®  ‡§§‡•Å‡§Æ‡§ö‡•ç‡§Ø‡§æ ‡§∏‡§æ‡§∞‡§ñ‡•á ‡§≠‡§ø‡§ï‡§æ‡§∞‡§ö‡•ã‡§ü ‡§á‡§•‡§Ç ‡§¨‡•ã‡§Ç‡§¨‡§≤‡§§ ‡§¨‡§∏‡§§‡§æ‡§§
@MiLOKMAT ‡§´‡•Å‡§ï‡§ü  ‡§ñ‡•á‡§≥‡§§ ‡§®‡§æ‡§π‡•Ä‡§§ ‡§§‡•á ‡§Ü‡§£‡§ø ‡§§‡•á ‡§ï‡§ß‡•Ä‡§π‡•Ä ‡§ó‡§∞‡•Ä‡§¨ ‡§≠‡§æ‡§∞‡§§‡•Ä‡§Ø‡§æ‡§Ç‡§ö‡•ç‡§Ø‡§æ ‡§™‡§æ‡§†‡•Ä‡§Æ‡§æ‡§ó‡•á ‡§â‡§≠‡•á ‡§®‡§∏‡§§‡§æ‡§§ ‡§≠‡§æ‡§∞‡§§‡•Ä‡§Ø‡§æ‡§Ç‡§®‡•Ä ‡§Ø‡§æ‡§Ç‡§®‡§æ ‡§°‡•ã‡§ï‡•ç‡§Ø‡§æ‡§µ‡§∞ ‡§ò‡•á‡§§‡§≤‡§Ç ‡§ñ‡§∞‚Ä¶ https://t.co/dRSvHleNXN
@abpmajhatv @dipeshtripathi0 ‡§≠‡§ø‡§ï‡§æ‡§∞‡§ö‡•ã‡§ü ‡§Æ‡§æ‡§£‡§∏‡§æ‡§≤‡§æ ‡§µ‡§æ‡§ö‡§µ‡§£‡•ç‡§Ø‡§æ‡§∏‡§æ‡§†‡•Ä ‡§µ‡§æ‡§®‡§ñ‡•á‡§°‡•á‡§®‡§æ ‡§ï‡§æ ‡§¨‡§¶‡§®‡§æ‡§Æ ‡§ï‡§∞‡§§‡§æ
"‡§ñ‡§∞‡§Ç‡§Ø ‡§≠‡§æ‡§µ‡§æ ‡§∏‡§∞‡•ç‡§µ ‡§è‡§ï‡§æ‡§ö ‡§Æ‡§æ‡§≥‡•á‡§ö‡•á ‡§Æ‡§£‡•Ä ‡§Ü‡§π‡•á‡§§.
‡§¨‡§æ‡§π‡•á‡§∞‡•Ä‡§≤ ‡§®‡•á‡§§‡•á ‡§ú‡§ø‡§≤‡•ç‡§Ø‡§æ‡§§ ‡§´‡§ø‡§∞‡§µ‡§æ‡§Ø‡§ö‡•á ‡§Ö‡§®‡•ç ‡§´‡§ï‡•ç‡§§ ‡§∏‡§≠‡§æ ‡§†‡•ã‡§ï‡§æ‡§Ø‡§ö‡•ç‡§Ø‡§æ ‡§π‡•á‡§ö ‡§Ø‡§æ‡§Ç‡§ö‡§Ç ‡§ï‡§æ‡§Æ.
‡§ú‡§ø‡§≤‡•ç‡§Ø‡§æ‡§§‡•Ä‡§≤‚Ä¶ https://t.co/WxzoxB67wN"
@Akshay_Kale96 @d590NMx8dstLnQv @Rupesh3134 @SpeaksNeha @ParagSMohite @AnaghaAcharya @BodkheShilpa @IMJagtapPK_9‚Ä¶ https://t.co/ycbhMdOaJf
@pra_tea_k ‡§≠‡§ø‡§ï‡§æ‡§∞‡§ö‡•ã‡§ü
"RT @BalajiSalpe: ‡§ï‡•Å‡§§‡•ç‡§∞‡•ç‡§Ø‡§æ‡§ó‡§§ ‡§π‡§æ‡§®‡§≤‡§æ ‡§™‡§æ‡§π‡§ø‡§ú‡•á ‡§Ü‡§∞‡•ã‡§ó‡•ç‡§Ø‡§Æ‡§Ç‡§§‡•ç‡§∞‡•Ä...üò†
 
‡§ó‡•ã‡§∞‡§ó‡§∞‡•Ä‡§¨ ‡§µ‡§ø‡§¶‡•ç‡§Ø‡§æ‡§∞‡•ç‡§•‡•ç‡§Ø‡§æ‡§Ç‡§ö‡•ç‡§Ø‡§æ ‡§ú‡§ø‡§µ‡§æ‡§µ‡§∞ ‡§â‡§†‡§≤‡•á‡§≤‡•ç‡§Ø‡§æ ‡§Ø‡§æ ‡§≠‡§ø‡§ï‡§æ‡§∞‡§ö‡•ã‡§ü ‡§∏‡§∞‡§ï‡§æ‡§∞‡§ö‡§æ ‡§®‡§ø‡§∑‡•á‡§ß...! 

@raje‚Ä¶"
"RT @BalajiSalpe: ‡§ï‡•Å‡§§‡•ç‡§∞‡•ç‡§Ø‡§æ‡§ó‡§§ ‡§π‡§æ‡§®‡§≤‡§æ ‡§™‡§æ‡§π‡§ø‡§ú‡•á ‡§Ü‡§∞‡•ã‡§ó‡•ç‡§Ø‡§Æ‡§Ç‡§§‡•ç‡§∞‡•Ä...üò†
 
‡§ó‡•ã‡§∞‡§ó‡§∞‡•Ä‡§¨ ‡§µ‡§ø‡§¶‡•ç‡§Ø‡§æ‡§∞‡•ç‡§•‡•ç‡§Ø‡§æ‡§Ç‡§ö‡•ç‡§Ø‡§æ ‡§ú‡§ø‡§µ‡§æ‡§µ‡§∞ ‡§â‡§†‡§≤‡•á‡§≤‡•ç‡§Ø‡§æ ‡§Ø‡§æ ‡§≠‡§ø‡§ï‡§æ‡§∞‡§ö‡•ã‡§ü ‡§∏‡§∞‡§ï‡§æ‡§∞‡§ö‡§æ ‡§®‡§ø‡§∑‡•á‡§ß...! 

@raje‚Ä¶"
"RT @BalajiSalpe: ‡§ï‡•Å‡§§‡•ç‡§∞‡•ç‡§Ø‡§æ‡§ó‡§§ ‡§π‡§æ‡§®‡§≤‡§æ ‡§™‡§æ‡§π‡§ø‡§ú‡•á ‡§Ü‡§∞‡•ã‡§ó‡•ç‡§Ø‡§Æ‡§Ç‡§§‡•ç‡§∞‡•Ä...üò†
 
‡§ó‡•ã‡§∞‡§ó‡§∞‡•Ä‡§¨ ‡§µ‡§ø‡§¶‡•ç‡§Ø‡§æ‡§∞‡•ç‡§•‡•ç‡§Ø‡§æ‡§Ç‡§ö‡•ç‡§Ø‡§æ ‡§ú‡§ø‡§µ‡§æ‡§µ‡§∞ ‡§â‡§†‡§≤‡•á‡§≤‡•ç‡§Ø‡§æ ‡§Ø‡§æ ‡§≠‡§ø‡§ï‡§æ‡§∞‡§ö‡•ã‡§ü ‡§∏‡§∞‡§ï‡§æ‡§∞‡§ö‡§æ ‡§®‡§ø‡§∑‡•á‡§ß...! 

@raje‚Ä¶"
"RT @mssanghatna: ‡§∏‡§Ç‡§™‡•Ç‡§∞‡•ç‡§£ ‡§Æ‡§π‡§æ‡§∞‡§æ‡§∑‡•ç‡§ü‡•ç‡§∞‡§ö ‡§ï‡§æ‡§Ø ‡§§‡§∞ ‡§¶‡•á‡§∂‡§æ‡§≤‡§æ ‡§π‡•á‡§µ‡§æ ‡§µ‡§æ‡§ü‡•á‡§≤ ‡§Ö‡§∏‡•á ‡§ï‡§∞‡•ç‡§§‡§µ‡•ç‡§Ø ‡§Ü‡§™‡§£ ‡§¨‡§ú‡§æ‡§µ‡§§ ‡§Ü‡§π‡§æ‡§§ @sameerwankhedee
‡§§‡•á ‡§≠‡§ø‡§ï‡§æ‡§∞‡§ö‡•ã‡§ü ‡§¨‡•â‡§≤‡•Ä‡§µ‡•Ç‡§°‡§µ‡§æ‡§≤‡•á ‡§ó‡§æ‡§Ç‡§ú‡§æ‡§°‡•Ä‚Ä¶"
"RT @BalajiSalpe: ‡§ï‡•Å‡§§‡•ç‡§∞‡•ç‡§Ø‡§æ‡§ó‡§§ ‡§π‡§æ‡§®‡§≤‡§æ ‡§™‡§æ‡§π‡§ø‡§ú‡•á ‡§Ü‡§∞‡•ã‡§ó‡•ç‡§Ø‡§Æ‡§Ç‡§§‡•ç‡§∞‡•Ä...üò†
 
‡§ó‡•ã‡§∞‡§ó‡§∞‡•Ä‡§¨ ‡§µ‡§ø‡§¶‡•ç‡§Ø‡§æ‡§∞‡•ç‡§•‡•ç‡§Ø‡§æ‡§Ç‡§ö‡•ç‡§Ø‡§æ ‡§ú‡§ø‡§µ‡§æ‡§µ‡§∞ ‡§â‡§†‡§≤‡•á‡§≤‡•ç‡§Ø‡§æ ‡§Ø‡§æ ‡§≠‡§ø‡§ï‡§æ‡§∞‡§ö‡•ã‡§ü ‡§∏‡§∞‡§ï‡§æ‡§∞‡§ö‡§æ ‡§®‡§ø‡§∑‡•á‡§ß...! 

@raje‚Ä¶"
@Marathi_Rash ‡§≠‡§ø‡§ï‡§æ‡§∞‡§ö‡•ã‡§ü ‡§ö‡•Ö‡§®‡§≤ ‡§Ü‡§£‡§ø ‡§≠‡§ø‡§ï‡§æ‡§∞‡§ö‡•ã‡§ü ‡§™‡§§‡•ç‡§∞‡§ï‡§æ‡§∞‡•Ä‡§§‡§æ
"RT @BalajiSalpe: ‡§ï‡•Å‡§§‡•ç‡§∞‡•ç‡§Ø‡§æ‡§ó‡§§ ‡§π‡§æ‡§®‡§≤‡§æ ‡§™‡§æ‡§π‡§ø‡§ú‡•á ‡§Ü‡§∞‡•ã‡§ó‡•ç‡§Ø‡§Æ‡§Ç‡§§‡•ç‡§∞‡•Ä...üò†
 
‡§ó‡•ã‡§∞‡§ó‡§∞‡•Ä‡§¨ ‡§µ‡§ø‡§¶‡•ç‡§Ø‡§æ‡§∞‡•ç‡§•‡•ç‡§Ø‡§æ‡§Ç‡§ö‡•ç‡§Ø‡§æ ‡§ú‡§ø‡§µ‡§æ‡§µ‡§∞ ‡§â‡§†‡§≤‡•á‡§≤‡•ç‡§Ø‡§æ ‡§Ø‡§æ ‡§≠‡§ø‡§ï‡§æ‡§∞‡§ö‡•ã‡§ü ‡§∏‡§∞‡§ï‡§æ‡§∞‡§ö‡§æ ‡§®‡§ø‡§∑‡•á‡§ß...! 

@raje‚Ä¶"
"RT @BalajiSalpe: ‡§ï‡•Å‡§§‡•ç‡§∞‡•ç‡§Ø‡§æ‡§ó‡§§ ‡§π‡§æ‡§®‡§≤‡§æ ‡§™‡§æ‡§π‡§ø‡§ú‡•á ‡§Ü‡§∞‡•ã‡§ó‡•ç‡§Ø‡§Æ‡§Ç‡§§‡•ç‡§∞‡•Ä...üò†
 
‡§ó‡•ã‡§∞‡§ó‡§∞‡•Ä‡§¨ ‡§µ‡§ø‡§¶‡•ç‡§Ø‡§æ‡§∞‡•ç‡§•‡•ç‡§Ø‡§æ‡§Ç‡§ö‡•ç‡§Ø‡§æ ‡§ú‡§ø‡§µ‡§æ‡§µ‡§∞ ‡§â‡§†‡§≤‡•á‡§≤‡•ç‡§Ø‡§æ ‡§Ø‡§æ ‡§≠‡§ø‡§ï‡§æ‡§∞‡§ö‡•ã‡§ü ‡§∏‡§∞‡§ï‡§æ‡§∞‡§ö‡§æ ‡§®‡§ø‡§∑‡•á‡§ß...! 

@raje‚Ä¶"
@TV9Marathi @rautsanjay61 @narendramodi @mybmcHealthDept ‡§≠‡§ø‡§ï‡§æ‡§∞‡§ö‡•ã‡§ü ‡§ö‡•ã‡§∞
"RT @BalajiSalpe: ‡§ï‡•Å‡§§‡•ç‡§∞‡•ç‡§Ø‡§æ‡§ó‡§§ ‡§π‡§æ‡§®‡§≤‡§æ ‡§™‡§æ‡§π‡§ø‡§ú‡•á ‡§Ü‡§∞‡•ã‡§ó‡•ç‡§Ø‡§Æ‡§Ç‡§§‡•ç‡§∞‡•Ä...üò†
 
‡§ó‡•ã‡§∞‡§ó‡§∞‡•Ä‡§¨ ‡§µ‡§ø‡§¶‡•ç‡§Ø‡§æ‡§∞‡•ç‡§•‡•ç‡§Ø‡§æ‡§Ç‡§ö‡•ç‡§Ø‡§æ ‡§ú‡§ø‡§µ‡§æ‡§µ‡§∞ ‡§â‡§†‡§≤‡•á‡§≤‡•ç‡§Ø‡§æ ‡§Ø‡§æ ‡§≠‡§ø‡§ï‡§æ‡§∞‡§ö‡•ã‡§ü ‡§∏‡§∞‡§ï‡§æ‡§∞‡§ö‡§æ ‡§®‡§ø‡§∑‡•á‡§ß...! 

@raje‚Ä¶"
"RT @BalajiSalpe: ‡§ï‡•Å‡§§‡•ç‡§∞‡•ç‡§Ø‡§æ‡§ó‡§§ ‡§π‡§æ‡§®‡§≤‡§æ ‡§™‡§æ‡§π‡§ø‡§ú‡•á ‡§Ü‡§∞‡•ã‡§ó‡•ç‡§Ø‡§Æ‡§Ç‡§§‡•ç‡§∞‡•Ä...üò†
 
‡§ó‡•ã‡§∞‡§ó‡§∞‡•Ä‡§¨ ‡§µ‡§ø‡§¶‡•ç‡§Ø‡§æ‡§∞‡•ç‡§•‡•ç‡§Ø‡§æ‡§Ç‡§ö‡•ç‡§Ø‡§æ ‡§ú‡§ø‡§µ‡§æ‡§µ‡§∞ ‡§â‡§†‡§≤‡•á‡§≤‡•ç‡§Ø‡§æ ‡§Ø‡§æ ‡§≠‡§ø‡§ï‡§æ‡§∞‡§ö‡•ã‡§ü ‡§∏‡§∞‡§ï‡§æ‡§∞‡§ö‡§æ ‡§®‡§ø‡§∑‡•á‡§ß...! 

@raje‚Ä¶"
"RT @BalajiSalpe: ‡§ï‡•Å‡§§‡•ç‡§∞‡•ç‡§Ø‡§æ‡§ó‡§§ ‡§π‡§æ‡§®‡§≤‡§æ ‡§™‡§æ‡§π‡§ø‡§ú‡•á ‡§Ü‡§∞‡•ã‡§ó‡•ç‡§Ø‡§Æ‡§Ç‡§§‡•ç‡§∞‡•Ä...üò†
 
‡§ó‡•ã‡§∞‡§ó‡§∞‡•Ä‡§¨ ‡§µ‡§ø‡§¶‡•ç‡§Ø‡§æ‡§∞‡•ç‡§•‡•ç‡§Ø‡§æ‡§Ç‡§ö‡•ç‡§Ø‡§æ ‡§ú‡§ø‡§µ‡§æ‡§µ‡§∞ ‡§â‡§†‡§≤‡•á‡§≤‡•ç‡§Ø‡§æ ‡§Ø‡§æ ‡§≠‡§ø‡§ï‡§æ‡§∞‡§ö‡•ã‡§ü ‡§∏‡§∞‡§ï‡§æ‡§∞‡§ö‡§æ ‡§®‡§ø‡§∑‡•á‡§ß...! 

@raje‚Ä¶"
"RT @BalajiSalpe: ‡§ï‡•Å‡§§‡•ç‡§∞‡•ç‡§Ø‡§æ‡§ó‡§§ ‡§π‡§æ‡§®‡§≤‡§æ ‡§™‡§æ‡§π‡§ø‡§ú‡•á ‡§Ü‡§∞‡•ã‡§ó‡•ç‡§Ø‡§Æ‡§Ç‡§§‡•ç‡§∞‡•Ä...üò†
 
‡§ó‡•ã‡§∞‡§ó‡§∞‡•Ä‡§¨ ‡§µ‡§ø‡§¶‡•ç‡§Ø‡§æ‡§∞‡•ç‡§•‡•ç‡§Ø‡§æ‡§Ç‡§ö‡•ç‡§Ø‡§æ ‡§ú‡§ø‡§µ‡§æ‡§µ‡§∞ ‡§â‡§†‡§≤‡•á‡§≤‡•ç‡§Ø‡§æ ‡§Ø‡§æ ‡§≠‡§ø‡§ï‡§æ‡§∞‡§ö‡•ã‡§ü ‡§∏‡§∞‡§ï‡§æ‡§∞‡§ö‡§æ ‡§®‡§ø‡§∑‡•á‡§ß...! 

@raje‚Ä¶"
"‡§ï‡•Å‡§§‡•ç‡§∞‡•ç‡§Ø‡§æ‡§ó‡§§ ‡§π‡§æ‡§®‡§≤‡§æ ‡§™‡§æ‡§π‡§ø‡§ú‡•á ‡§Ü‡§∞‡•ã‡§ó‡•ç‡§Ø‡§Æ‡§Ç‡§§‡•ç‡§∞‡•Ä...üò†
 
‡§ó‡•ã‡§∞‡§ó‡§∞‡•Ä‡§¨ ‡§µ‡§ø‡§¶‡•ç‡§Ø‡§æ‡§∞‡•ç‡§•‡•ç‡§Ø‡§æ‡§Ç‡§ö‡•ç‡§Ø‡§æ ‡§ú‡§ø‡§µ‡§æ‡§µ‡§∞ ‡§â‡§†‡§≤‡•á‡§≤‡•ç‡§Ø‡§æ ‡§Ø‡§æ ‡§≠‡§ø‡§ï‡§æ‡§∞‡§ö‡•ã‡§ü ‡§∏‡§∞‡§ï‡§æ‡§∞‡§ö‡§æ ‡§®‡§ø‡§∑‡•á‡§ß...!‚Ä¶ https://t.co/csiGL0bEaU"
"RT @mssanghatna: ‡§∏‡§Ç‡§™‡•Ç‡§∞‡•ç‡§£ ‡§Æ‡§π‡§æ‡§∞‡§æ‡§∑‡•ç‡§ü‡•ç‡§∞‡§ö ‡§ï‡§æ‡§Ø ‡§§‡§∞ ‡§¶‡•á‡§∂‡§æ‡§≤‡§æ ‡§π‡•á‡§µ‡§æ ‡§µ‡§æ‡§ü‡•á‡§≤ ‡§Ö‡§∏‡•á ‡§ï‡§∞‡•ç‡§§‡§µ‡•ç‡§Ø ‡§Ü‡§™‡§£ ‡§¨‡§ú‡§æ‡§µ‡§§ ‡§Ü‡§π‡§æ‡§§ @sameerwankhedee
‡§§‡•á ‡§≠‡§ø‡§ï‡§æ‡§∞‡§ö‡•ã‡§ü ‡§¨‡•â‡§≤‡•Ä‡§µ‡•Ç‡§°‡§µ‡§æ‡§≤‡•á ‡§ó‡§æ‡§Ç‡§ú‡§æ‡§°‡•Ä‚Ä¶"
@JaiMaharashtraN @MeNarayanRane @BJP4Maharashtra @BJP4India @BJP4Mumbai ‡§®‡§æ‡§®‡•ç‡§Ø‡§æ ‡§∞‡§æ‡§£‡•á ‡§§‡•Å ‡§§‡§∞ ‡§∏‡§§‡•ç‡§§‡•á ‡§∏‡§æ‡§†‡•Ä ‡§≠‡§°‡§µ‡§æ ‡§ù‡§æ‡§≤‡§æ ‡§≠‡§ø‡§ï‡§æ‚Ä¶ https://t.co/UiRyaWFY21
@hypernationalst ‡§≠‡§ø‡§ï‡§æ‡§∞‡§ö‡•ã‡§ü ‡§™‡§£‡§æ‡§ö‡§æ ‡§ï‡§≥‡§∏ ‡§Ü‡§π‡•á
"RT @mssanghatna: ‡§∏‡§Ç‡§™‡•Ç‡§∞‡•ç‡§£ ‡§Æ‡§π‡§æ‡§∞‡§æ‡§∑‡•ç‡§ü‡•ç‡§∞‡§ö ‡§ï‡§æ‡§Ø ‡§§‡§∞ ‡§¶‡•á‡§∂‡§æ‡§≤‡§æ ‡§π‡•á‡§µ‡§æ ‡§µ‡§æ‡§ü‡•á‡§≤ ‡§Ö‡§∏‡•á ‡§ï‡§∞‡•ç‡§§‡§µ‡•ç‡§Ø ‡§Ü‡§™‡§£ ‡§¨‡§ú‡§æ‡§µ‡§§ ‡§Ü‡§π‡§æ‡§§ @sameerwankhedee
‡§§‡•á ‡§≠‡§ø‡§ï‡§æ‡§∞‡§ö‡•ã‡§ü ‡§¨‡•â‡§≤‡•Ä‡§µ‡•Ç‡§°‡§µ‡§æ‡§≤‡•á ‡§ó‡§æ‡§Ç‡§ú‡§æ‡§°‡•Ä‚Ä¶"
"RT @mssanghatna: ‡§∏‡§Ç‡§™‡•Ç‡§∞‡•ç‡§£ ‡§Æ‡§π‡§æ‡§∞‡§æ‡§∑‡•ç‡§ü‡•ç‡§∞‡§ö ‡§ï‡§æ‡§Ø ‡§§‡§∞ ‡§¶‡•á‡§∂‡§æ‡§≤‡§æ ‡§π‡•á‡§µ‡§æ ‡§µ‡§æ‡§ü‡•á‡§≤ ‡§Ö‡§∏‡•á ‡§ï‡§∞‡•ç‡§§‡§µ‡•ç‡§Ø ‡§Ü‡§™‡§£ ‡§¨‡§ú‡§æ‡§µ‡§§ ‡§Ü‡§π‡§æ‡§§ @sameerwankhedee
‡§§‡•á ‡§≠‡§ø‡§ï‡§æ‡§∞‡§ö‡•ã‡§ü ‡§¨‡•â‡§≤‡•Ä‡§µ‡•Ç‡§°‡§µ‡§æ‡§≤‡•á ‡§ó‡§æ‡§Ç‡§ú‡§æ‡§°‡•Ä‚Ä¶"
"RT @mssanghatna: ‡§∏‡§Ç‡§™‡•Ç‡§∞‡•ç‡§£ ‡§Æ‡§π‡§æ‡§∞‡§æ‡§∑‡•ç‡§ü‡•ç‡§∞‡§ö ‡§ï‡§æ‡§Ø ‡§§‡§∞ ‡§¶‡•á‡§∂‡§æ‡§≤‡§æ ‡§π‡•á‡§µ‡§æ ‡§µ‡§æ‡§ü‡•á‡§≤ ‡§Ö‡§∏‡•á ‡§ï‡§∞‡•ç‡§§‡§µ‡•ç‡§Ø ‡§Ü‡§™‡§£ ‡§¨‡§ú‡§æ‡§µ‡§§ ‡§Ü‡§π‡§æ‡§§ @sameerwankhedee
‡§§‡•á ‡§≠‡§ø‡§ï‡§æ‡§∞‡§ö‡•ã‡§ü ‡§¨‡•â‡§≤‡•Ä‡§µ‡•Ç‡§°‡§µ‡§æ‡§≤‡•á ‡§ó‡§æ‡§Ç‡§ú‡§æ‡§°‡•Ä‚Ä¶"
