@vaibhavshetkar @Kokanchi_Rani рддреЗ рдореЗрдЯрд╛ рдореНрд╣рдгрдЬреЗ рдорд▓рд╛ рддрд░ #рдЧреЛрдЯреНрдпрд╛ рд╡рд╛рдЯрдд рдЖрд╣реЗрдд..,mr
RT @Maharashtravadi: рд╡реНрд╣реЙрдЯреНрд╕рдЕрдБрдкрд╡рд░реАрд▓ рджрдВрддрдХрдерд╛ рд╡рд╛рдЪреВрди рд╣реА рд╢реЗрдВрдмрдбреА рдкреЛрд░рдВ рдзрд░реНрдорд╛рдЪрд╛ рдЕрднреНрдпрд╛рд╕ рдХрд░рддрд╛рдд. рдпрд╛рдВрдЪреНрдпрд╛ рдмрд╛рдкрд╛рдиреЗ рдпрд╛рдВрдирд╛ рдЗрдВрдЧреНрд▓рд┐рд╢ рд╢рд╛рд│реЗрдд рдкрд╛рджреНрд░реАрдЪреНрдпрд╛ рдЧреЛрдЯреНрдпрд╛тАж,mr
@9900Vikram @nawabmalikncp Singham cha рдЧреЛрдЯреНрдпрд╛ рдЧреЛрдЯреНрдпрд╛ scene рдЖрдард╡рд▓рд╛ ЁЯдгЁЯдг,und
"RT @shahnawazpeaks: рдореБрд▓реА рдЖрдкрд▓реНрдпрд╛ Boyfriend рдЪрд╛ рдирдВрдмрд░ рдпрд╛ 
рдпрд╛ рдирд╛рд╡рд╛рдиреЗ save рдХрд░рддрд╛рдд 

1. My Love

2. Sweetheart

3. Jaanu

4. Sweetu

5. Pilu

рдЖрдгрд┐тАж",mr
@Dhananjaykolap2 @advanilparab @uddhavthackeray @satejp @AGSawant @PawarSpeaks @GopichandP_MLC @PravinAlaiтАж https://t.co/KzdwQ3KLSY,mr
@IndologyMemes @BJP4Maharashtra рдХрд╛рдп рдЧреЛрдЯреНрдпрд╛ рдЦреЗрд│рддрд╛рдп рдХрд╛ ? рдХрд╛ рддреБрдореНрд╣рд╛рд▓рд╛ рдкрдг рдЖрд░реНрдпрди рдЪреА рдирд╢рд╛ рд▓рд╛рдЧрд▓реА ?,mr
@JVir18 @Manoj93Rane рдЧрд╛рдВрдЬрд╛....рдЖрдореНрд╣рд╛рд▓рд╛ рднрдЧрд╡реА рдирд╢рд╛ рдЖрд╣реЗ. рддреБрдордЪреНрдпрд╛ рд╕рд╛рд░рдЦреА рднтАНрдбрд╡реА рдирд╢рд╛ рдирд╛рд╣реА ЁЯШЬ рдЧреБрдиреНрд╣реЗрдЧрд╛рд░ рд╢реВрдиреНрдп.. рддреНрдпрд╛ рднреЛрдЧреА рдиреЗтАж https://t.co/CasAbCTHIm,mr
@KohaleMangla1 рдЧреЛрдЯреНрдпрд╛ рдЦреЗрд│рдд рд╣реЛрддреЗ рджрд┐рд╡рд╕рд╛рдЪреНрдпрд╛ рдЙрдЬреЗрдбрд╛рдд.....ЁЯдкЁЯдкЁЯдкЁЯдк,mr
"@nawabmalikncp @NCPspeaks @Clyde_Crasto рдЧрд╛рд░реНрдб рдШрд╛рддрд▓рдВрдп рдХрд╛ 
рдирд╛рдпрддрд░ рдЧреЛрдЯреНрдпрд╛ рдХрдкрд╛рд│рд╛рдд рдЬрд╛рддреАрд▓",mr
RT @Maharashtravadi: рд╡реНрд╣реЙрдЯреНрд╕рдЕрдБрдкрд╡рд░реАрд▓ рджрдВрддрдХрдерд╛ рд╡рд╛рдЪреВрди рд╣реА рд╢реЗрдВрдмрдбреА рдкреЛрд░рдВ рдзрд░реНрдорд╛рдЪрд╛ рдЕрднреНрдпрд╛рд╕ рдХрд░рддрд╛рдд. рдпрд╛рдВрдЪреНрдпрд╛ рдмрд╛рдкрд╛рдиреЗ рдпрд╛рдВрдирд╛ рдЗрдВрдЧреНрд▓рд┐рд╢ рд╢рд╛рд│реЗрдд рдкрд╛рджреНрд░реАрдЪреНрдпрд╛ рдЧреЛрдЯреНрдпрд╛тАж,mr
"RT @shahnawazpeaks: рдореБрд▓реА рдЖрдкрд▓реНрдпрд╛ Boyfriend рдЪрд╛ рдирдВрдмрд░ рдпрд╛ 
рдпрд╛ рдирд╛рд╡рд╛рдиреЗ save рдХрд░рддрд╛рдд 

1. My Love

2. Sweetheart

3. Jaanu

4. Sweetu

5. Pilu

рдЖрдгрд┐тАж",mr
RT @Maharashtravadi: рд╡реНрд╣реЙрдЯреНрд╕рдЕрдБрдкрд╡рд░реАрд▓ рджрдВрддрдХрдерд╛ рд╡рд╛рдЪреВрди рд╣реА рд╢реЗрдВрдмрдбреА рдкреЛрд░рдВ рдзрд░реНрдорд╛рдЪрд╛ рдЕрднреНрдпрд╛рд╕ рдХрд░рддрд╛рдд. рдпрд╛рдВрдЪреНрдпрд╛ рдмрд╛рдкрд╛рдиреЗ рдпрд╛рдВрдирд╛ рдЗрдВрдЧреНрд▓рд┐рд╢ рд╢рд╛рд│реЗрдд рдкрд╛рджреНрд░реАрдЪреНрдпрд╛ рдЧреЛрдЯреНрдпрд╛тАж,mr
рд╡реНрд╣реЙрдЯреНрд╕рдЕрдБрдкрд╡рд░реАрд▓ рджрдВрддрдХрдерд╛ рд╡рд╛рдЪреВрди рд╣реА рд╢реЗрдВрдмрдбреА рдкреЛрд░рдВ рдзрд░реНрдорд╛рдЪрд╛ рдЕрднреНрдпрд╛рд╕ рдХрд░рддрд╛рдд. рдпрд╛рдВрдЪреНрдпрд╛ рдмрд╛рдкрд╛рдиреЗ рдпрд╛рдВрдирд╛ рдЗрдВрдЧреНрд▓рд┐рд╢ рд╢рд╛рд│реЗрдд рдкрд╛рджреНрд░реАрдЪреНрдпрд╛ рдЧреЛтАж https://t.co/DG5NYlKGFs,mr
"RT @shahnawazpeaks: рдореБрд▓реА рдЖрдкрд▓реНрдпрд╛ Boyfriend рдЪрд╛ рдирдВрдмрд░ рдпрд╛ 
рдпрд╛ рдирд╛рд╡рд╛рдиреЗ save рдХрд░рддрд╛рдд 

1. My Love

2. Sweetheart

3. Jaanu

4. Sweetu

5. Pilu

рдЖрдгрд┐тАж",mr
@SunainaHoley @Dev_Fadnavis @BJP4Maharashtra рдЧреЛрдЯреНрдпрд╛ рдЦреЗрд│рддрд╛рдд рдХрд╛ ?,mr
"RT @Maharashtravadi: рд░рд╛рд╖реНрдЯреНрд░рд╡рд╛рджреА, рдХрд╛рдБрдЧреНрд░реЗрд╕, рд╢рд┐рд╡рд╕реЗрдирд╛, рднрд╛рдЬрдк, рдордирд╕реЗ... рдЕрдЧрджреА рддреЛ рдУрд╡реЗрд╕реАрдЪрд╛ рдХреБрдард▓рд╛ рдорд┐рдо рдкрдХреНрд╖... рдпрд╛ рд╕рдЧрд│реНрдпрд╛рдВрдЪреНрдпрд╛ рдЧреЛрдЯреНрдпрд╛ рдЪрд╛рдЯреВрди рдЭрд╛рд▓реНрдпрд╛ рдХреАтАж",mr
"рд░рд╛рд╖реНрдЯреНрд░рд╡рд╛рджреА, рдХрд╛рдБрдЧреНрд░реЗрд╕, рд╢рд┐рд╡рд╕реЗрдирд╛, рднрд╛рдЬрдк, рдордирд╕реЗ... рдЕрдЧрджреА рддреЛ рдУрд╡реЗрд╕реАрдЪрд╛ рдХреБрдард▓рд╛ рдорд┐рдо рдкрдХреНрд╖... рдпрд╛ рд╕рдЧрд│реНрдпрд╛рдВрдЪреНрдпрд╛ рдЧреЛрдЯреНрдпрд╛ рдЪрд╛рдЯреВрди рдЭрд╛рд▓реНрдпрд╛тАж https://t.co/NFfNSbun2O",mr
@Maharashtravadi рдЖрд▓рд╛рд╕ рдирд╛ рддреБрдЭреНрдпрд╛ рдУрд░рд┐рдЬрд┐рдирд▓ рдЯреНрд╡рд┐рдЯрд░ рдЕрдХрд╛рдКрдВрдЯрд╡рд░...рдЖрдореНрд╣рд╛рд▓рд╛ рдорд╛рд╣рд┐рддреА рдЖрд╣реЗ рддреВ рд░рд╛рд╖реНрдЯреНрд░рд╡рд╛рджреА рдХрд╛рдБрдЧреНрд░реЗрд╕рдЪрд╛ рд╕рддрд░рдВрдЬреА рдЙрдЪтАж https://t.co/GFd1IitrZd,mr
@stuffedhoneyx рдЧреЛрдЯреНрдпрд╛ рдлреБрдЯрддреАрд▓ рдмрд╛рдИ рддреНрдпрд╛рдЪреНрдпрд╛ ЁЯШВЁЯШВ,mr
"рдореБрд▓реА рдЖрдкрд▓реНрдпрд╛ Boyfriend рдЪрд╛ рдирдВрдмрд░ рдпрд╛ 
рдпрд╛ рдирд╛рд╡рд╛рдиреЗ save рдХрд░рддрд╛рдд 

1. My Love

2. Sweetheart

3. Jaanu

4. Sweetu

5. Pilu

рдЖтАж https://t.co/Zy6YjLIM6z",mr
@abpmajhatv рдЖрдгрд┐ рдмрд╛рдХреАрдЪреНрдпрд╛ рем рд▓реЛрдХрд╛рдВрдиреА рдордЧ рдХрд╛рдп рдЧреЛрдЯреНрдпрд╛ рдЦреЗрд│рд╛рдпрдЪреНрдпрд╛ рдХрд╛?,mr
RT @itsamchimumbai: @Namo781 @NmNSpeaksXOXO @iwincar @santosh232345 @BhatkhalkarA рдмрд╛рд│рд╛ рдЧреЛрдЯреА рдПрд╡рдвреЗ рддреБрдЭреЗ followers рдЬрд╛ рдЧреЛрдЯреНрдпрд╛ рдЦреЗрд│ рддреНрдпрд╛рдВрдЪреНрдпрд╛ рдмрд░реЛтАж,mr
@Namo781 @NmNSpeaksXOXO @iwincar @santosh232345 @BhatkhalkarA рдмрд╛рд│рд╛ рдЧреЛрдЯреА рдПрд╡рдвреЗ рддреБрдЭреЗ followers рдЬрд╛ рдЧреЛрдЯреНрдпрд╛ рдЦреЗрд│ рддреНрдпрд╛рдВрдЪреНрдпрд╛ рдмрд░реЛрдмрд░....,mr
"@VinodWayal12 @sameerwankhedee @KrantiRedkar рддреНрдпрд╛рдВрдиреА рдЦреВрдк рд╡рд┐рдЪрд╛рд░ рдХрд░реВрди рддреНрдпрд╛рдВрдирд╛ рдкрд╛рдард╡рд┐рд▓реЗ рд╣реЛрддреЗ, рддреЗ рдпрд╛рдВрдЪреНрдпрд╛ рд╣реА рдкреЗрдХреНрд╖рд╛ рдЪрд╛рдВрдЧтАж https://t.co/wPJ09GYz3q",mr
@TUSHARKHARE14 70-80% рдкреЛрд░рд╛рдВрдирд╛ рдЧреЛрдЯрдпрд╛ рдмреЛрд▓рддрд╛рдд. рдкрдг рддреЗ рд╕рд╛рдВрдЧрдгрд╛рд░ рдирд╛рд╣реАрдд  рдЪрд┐рдбрд╡рддреАрд▓ рдореНрд╣рдгреВрди  #рдирд┐рд░реАрдХреНрд╖рдг,mr
"@AcharyaBhosale рдР рд╣рд╛рдВрдбрдЧреНрдпрд╛, 
рддреБрдЭреА рд▓рд╛рдпрдХреА рдЖрд╣реЗ рдХрд╛ рд░реЗ рдЧреБрдЯрдЦрд╛ рдЪреЛрдЦрд╛рдпрдЪреА...
рддреВ рдлрдХреНрдд рдЧреЛрдЯреНрдпрд╛ рдЪреЛрдЦ!",mr
@MHD_Press @AcharyaBhosale @BJP4Maharashtra @PawarSpeaks @NCPspeaks @nawabmalikncp @OfficeofNM @AwhadspeaksтАж https://t.co/yrTK1H2uMQ,mr
"рдбреНрд░рдЧ рдШреЗрдгрд╛рд░реА рдкреЛрд░рдВ рдкрдХрдбрд▓реА рдкрдг рджреЗрд╢рд╛рдд рдбреНрд░рдЧреНрдЬ рдЖрд▓реЗ рдХреБрдареВрди ?
рдЪреМрдХреАрджрд╛рд░ рдХрд╛рдп рдЧреЛрдЯреНрдпрд╛ рдЦреЗрд│рддреЛрдп ???ЁЯШбЁЯШб",mr
@namdevwrites рдЖрдордЪреНрдпрд╛рдХрдбрдВ рдХрд╛рд╣реА рдЬрдгрд╛рдВрдирд╛ рдЧреЛрдЯреНрдпрд╛ рдЕрд╕рдВ рд▓рд╛рдбрд╛рдиреЗ рд╣рд╛рдХ рдорд╛рд░рддрд╛рдд. рдореНрд╣рдгреВрди рдХрд╛рдп рддреНрдпрд╛рдиреЗ рдХрд╛рдЧрджрдкрддреНрд░рд╛рдд рдЧреЛрдЯреНрдпрд╛ рд▓рд┐рд╣рд╛рдпрдЪрдВ ЁЯШВЁЯШВ,mr
рд╢рд┐рд░реНрд▓рд╛ рдЬрд┐рд▓реНрд╣рд╛ рдкрд░рд┐рд╖рдж рд╕рджрд╕реНрдп рд▓рд╛ рдирд┐рддреАрди рдмрд╛рдкреНрдкреБ рдЪрд╛ рдЯреЛрд▓рд╛ #рдорд╛рдВрдбреА_рдХрд╛рдп_рдареЛрдХрддреЛ_рд░реЗ_рдЧреЛрдЯреНрдпрд╛ @VBAforIndia @BookVidyarthiтАж https://t.co/5OebUFO0JC,mr
@king_attitude96 @Rajgurunagar рдЕрднреНрдпрд╛рд╕ рдирд╕реЗрд▓ рддрд░ рдХреЗрд╡рд│ #рдореВрд░реНрдЦрдкрдгрд╛рдЪреА рд╡рдХреНрддрд╡реНрдпреЗ рдХрд░рд╛рдпрд▓рд╛ рд╣реЗрдВ рдорд╛рдзреНрдпрдо рдирд╛рд╣реА ! рддреНрдпрд╛рдд 5 рдЬрдгтАж https://t.co/owhlkSPWVg,mr
"рдХреНрд░рд┐рдХреЗрдЯ рд╣реЗ рдХрд╛рдп рджреЗрд╢рднрдХреНрддреАрдЪреЗ рдкреНрд░рддрд┐рдХ рдирд╛рд╣реА. рддреЛ рдзрдВрджрд╛ рдЖрд╣реЗ. рдЦреЗрд│рд╛рдбреВ рдлреБрдХреНрдХрдЯ рдЦреЗрд│рдд рдирд╛рд╣реАрдд. рддрд╕реЗ рдЕрд╕реЗрд▓ рддрд░ рдмреАрд╕реАрд╕реАрдЖрдпрдЪ рджреЗрд╢рджреНрд░реЛрд╣реА рдард░реЗрд▓,тАж https://t.co/LJI9i0GUKG",mr
@ShubhamJatalNcp @jivikau @GopichandP_MLC рдХреНрд░рд┐рдХреЗрдЯ рд╣реЗ рдХрд╛рдп рджреЗрд╢рднрдХреНрддреАрдЪреЗ рдкреНрд░рддрд┐рдХ рдирд╛рд╣реА. рддреЛ рдзрдВрджрд╛ рдЖрд╣реЗ. рдЦреЗрд│рд╛рдбреВ рдлреБрдХреНрдХрдЯ рдЦреЗрд│рдд рдирд╛тАж https://t.co/Zh0nxjlscj,mr
RT @TandaleHarshad: @rajeshtope11 рез рдорд╣рд┐рдирд╛ рдЧреЛрдЯреНрдпрд╛ рдЦреЗрд│рдд рд╣реЛрддрд╛рдд рдХрд╛,mr
@rajeshtope11 рез рдорд╣рд┐рдирд╛ рдЧреЛрдЯреНрдпрд╛ рдЦреЗрд│рдд рд╣реЛрддрд╛рдд рдХрд╛,mr
"RT @SavgaonkarPatil: рдЬрдп рд╢рд╛рд╣ рджреБрдмрдИрдЪреНрдпрд╛ рд╢реЗрдЦрдмрд░реЛрдмрд░ рдЧреЛрдЯреНрдпрд╛ рдЦреЗрд│рдд рд╣реЛрддрд╛ рдХрд╛рдп....рдЖрдЬ рднрдХреНрдд рд╢рдореА рд▓рд╛ рдЯреНрд░реЛрд▓ рдХрд░рдд рдЖрд╣реЗрдд.
#JayShah 
#MohammedShami",mr
"@Dev_Fadnavis рдмрдВрдж рдмрдВрдж рдмрдВрдж.....ЁЯднЁЯднЁЯдн

рдпрд╛ рд╕рд░рдХрд╛рд░ рдиреЗ резреж рдЯрдХреНрдХреЗ рдХрдорд┐рд╢рди рдиреЗ рджрд┐рд▓реЗрд▓реА рд╕рд░реНрд╡ рдХрд╛рдореЗ рдмрдВрдж рдХреЗрд▓реА. рд╕рддреНрддрд╛ рдирд╛рд╣реА рддрд░ рдШрд░рд╛рддреАрд▓ рдбреБтАж https://t.co/1IpQ962Nu2",mr
"RT @SavgaonkarPatil: рдЬрдп рд╢рд╛рд╣ рджреБрдмрдИрдЪреНрдпрд╛ рд╢реЗрдЦрдмрд░реЛрдмрд░ рдЧреЛрдЯреНрдпрд╛ рдЦреЗрд│рдд рд╣реЛрддрд╛ рдХрд╛рдп....рдЖрдЬ рднрдХреНрдд рд╢рдореА рд▓рд╛ рдЯреНрд░реЛрд▓ рдХрд░рдд рдЖрд╣реЗрдд.
#JayShah 
#MohammedShami",mr
"RT @SavgaonkarPatil: рдЬрдп рд╢рд╛рд╣ рджреБрдмрдИрдЪреНрдпрд╛ рд╢реЗрдЦрдмрд░реЛрдмрд░ рдЧреЛрдЯреНрдпрд╛ рдЦреЗрд│рдд рд╣реЛрддрд╛ рдХрд╛рдп....рдЖрдЬ рднрдХреНрдд рд╢рдореА рд▓рд╛ рдЯреНрд░реЛрд▓ рдХрд░рдд рдЖрд╣реЗрдд.
#JayShah 
#MohammedShami",mr
"RT @SavgaonkarPatil: рдЬрдп рд╢рд╛рд╣ рджреБрдмрдИрдЪреНрдпрд╛ рд╢реЗрдЦрдмрд░реЛрдмрд░ рдЧреЛрдЯреНрдпрд╛ рдЦреЗрд│рдд рд╣реЛрддрд╛ рдХрд╛рдп....рдЖрдЬ рднрдХреНрдд рд╢рдореА рд▓рд╛ рдЯреНрд░реЛрд▓ рдХрд░рдд рдЖрд╣реЗрдд.
#JayShah 
#MohammedShami",mr
"RT @SavgaonkarPatil: рдЬрдп рд╢рд╛рд╣ рджреБрдмрдИрдЪреНрдпрд╛ рд╢реЗрдЦрдмрд░реЛрдмрд░ рдЧреЛрдЯреНрдпрд╛ рдЦреЗрд│рдд рд╣реЛрддрд╛ рдХрд╛рдп....рдЖрдЬ рднрдХреНрдд рд╢рдореА рд▓рд╛ рдЯреНрд░реЛрд▓ рдХрд░рдд рдЖрд╣реЗрдд.
#JayShah 
#MohammedShami",mr
"RT @SavgaonkarPatil: рдЬрдп рд╢рд╛рд╣ рджреБрдмрдИрдЪреНрдпрд╛ рд╢реЗрдЦрдмрд░реЛрдмрд░ рдЧреЛрдЯреНрдпрд╛ рдЦреЗрд│рдд рд╣реЛрддрд╛ рдХрд╛рдп....рдЖрдЬ рднрдХреНрдд рд╢рдореА рд▓рд╛ рдЯреНрд░реЛрд▓ рдХрд░рдд рдЖрд╣реЗрдд.
#JayShah 
#MohammedShami",mr
"рдЬрдп рд╢рд╛рд╣ рджреБрдмрдИрдЪреНрдпрд╛ рд╢реЗрдЦрдмрд░реЛрдмрд░ рдЧреЛрдЯреНрдпрд╛ рдЦреЗрд│рдд рд╣реЛрддрд╛ рдХрд╛рдп....рдЖрдЬ рднрдХреНрдд рд╢рдореА рд▓рд╛ рдЯреНрд░реЛрд▓ рдХрд░рдд рдЖрд╣реЗрдд.
#JayShah 
#MohammedShami",mr
"@AmitRaut05 рд╕реЛрдВрдЧрдЯреНрдпрд╛ рдирд╛рд╣реА рд╕рд░ рдЧреЛрдЯреНрдпрд╛ рдЖрд╣реЗрдд рддреНрдпрд╛ SRK рдЪреНрдпрд╛
ЁЯШВЁЯШВЁЯШВ",mr
"@TV9Marathi рдореБрдВрдмрдИ рдкреЛрд▓реАрд╕
 рдХрд╛рдп рдЧреЛрдЯрдпрд╛ рдЦреЗрд│рдгрд╛рд░ рдХрд╛ ? 
рд╡рд╛рдирдЦреЗрдбреЗ рд▓рд╛ рддреНрдпрд╛рдЪрд╛ рд╡рд┐рднреАрдЧ CleanрдЪрд┐рдЯ  рджреЗрдгрд╛рд░ рдордЧ рддреБрдореНрд╣реА рдХрд╛рдп рдХрд░рдгрд╛рд░ рдлрдХреНрдд рдорд┐тАж https://t.co/Dh5h5CmSH3",mr
@VijayMh58845310 рдбреЛрдХреНрдпрд╛рдЪрдВ рдЪреЗрдХ рдЕрдк рдХрд░реВрди рдШреЗ рдХрдкрд╛рд│рд╛рдд рдЧреЛрдЯреНрдпрд╛ рдЖрдбрдХрд▓реНрдпрд╛рдд рдмрд╣реБрддреЗрдХЁЯШВ,mr
"рдЧреЛрдЯреНрдпрд╛ рдЦреЗрд│рд╛ рдЧреЛрдЯреНрдпрд╛ ЁЯШбЁЯШб

#INDvPAK",mr
@shivbhakt_M15 @pandehrushikesh @NikhilBhamre8 Yes. Nikhil ne tyala рдЕрдВрдЧреБрд░рдЪреНрдпрд╛ рдЧреЛрдЯреНрдпрд╛ (рдЯрд╛рдпрдкреЛ- рдЗрдЯреНрд╕ рдкреЗрдЯреНрдпрд╛) gift dilya fitting chya badlyat ЁЯдгЁЯдг,und
"RT @iRavi_Inamdar: рдкрд╛рдХрд┐рд╕реНрддрд╛рдиреА рд╡рд┐рдХреЗрдЯ рдХрд┐рдкрд░ :- out that ЁЯУв

рдлрд┐рд▓реНрдб рдЕрдВрдкрд╛рдпрд░ :- рдЖрдореНрд╣реА рдХрд╛рдп рдЧреЛрдЯреНрдпрд╛ рдЦреЗрд│реВрди рдЗрдердВрд╡рд░ рдЖрд▓реЛ рдирд╛рд╣реА....... 

#INDvPAK
#T20WorldCup",mr
"RT @iRavi_Inamdar: рдкрд╛рдХрд┐рд╕реНрддрд╛рдиреА рд╡рд┐рдХреЗрдЯ рдХрд┐рдкрд░ :- out that ЁЯУв

рдлрд┐рд▓реНрдб рдЕрдВрдкрд╛рдпрд░ :- рдЖрдореНрд╣реА рдХрд╛рдп рдЧреЛрдЯреНрдпрд╛ рдЦреЗрд│реВрди рдЗрдердВрд╡рд░ рдЖрд▓реЛ рдирд╛рд╣реА....... 

#INDvPAK
#T20WorldCup",mr
"рдкрд╛рдХрд┐рд╕реНрддрд╛рдиреА рд╡рд┐рдХреЗрдЯ рдХрд┐рдкрд░ :- out that ЁЯУв

рдлрд┐рд▓реНрдб рдЕрдВрдкрд╛рдпрд░ :- рдЖрдореНрд╣реА рдХрд╛рдп рдЧреЛрдЯреНрдпрд╛ рдЦреЗрд│реВрди рдЗрдердВрд╡рд░ рдЖрд▓реЛ рдирд╛рд╣реА....... 

#INDvPAKтАж https://t.co/Pa0jKtTzw5",mr
"RT @iRavi_Inamdar: рдкрд╛рдХрд┐рд╕реНрддрд╛рдиреА рд╡рд┐рдХреЗрдЯ рдХрд┐рдкрд░ :- out that ЁЯУв

рдлрд┐рд▓реНрдб рдЕрдВрдкрд╛рдпрд░ :- рдЖрдореНрд╣реА рдХрд╛рдп рдЧреЛрдЯреНрдпрд╛ рдЦреЗрд│реВрди рдЗрдердВрд╡рд░ рдЖрд▓реЛ рдирд╛рд╣реА....... 

#INDvPAK
#T20WorldCup",mr
"RT @iRavi_Inamdar: рдкрд╛рдХрд┐рд╕реНрддрд╛рдиреА рд╡рд┐рдХреЗрдЯ рдХрд┐рдкрд░ :- out that ЁЯУв

рдлрд┐рд▓реНрдб рдЕрдВрдкрд╛рдпрд░ :- рдЖрдореНрд╣реА рдХрд╛рдп рдЧреЛрдЯреНрдпрд╛ рдЦреЗрд│реВрди рдЗрдердВрд╡рд░ рдЖрд▓реЛ рдирд╛рд╣реА....... 

#INDvPAK
#T20WorldCup",mr
"RT @iRavi_Inamdar: рдкрд╛рдХрд┐рд╕реНрддрд╛рдиреА рд╡рд┐рдХреЗрдЯ рдХрд┐рдкрд░ :- out that ЁЯУв

рдлрд┐рд▓реНрдб рдЕрдВрдкрд╛рдпрд░ :- рдЖрдореНрд╣реА рдХрд╛рдп рдЧреЛрдЯреНрдпрд╛ рдЦреЗрд│реВрди рдЗрдердВрд╡рд░ рдЖрд▓реЛ рдирд╛рд╣реА....... 

#INDvPAK
#T20WorldCup",mr
"RT @iRavi_Inamdar: рдкрд╛рдХрд┐рд╕реНрддрд╛рдиреА рд╡рд┐рдХреЗрдЯ рдХрд┐рдкрд░ :- out that ЁЯУв

рдлрд┐рд▓реНрдб рдЕрдВрдкрд╛рдпрд░ :- рдЖрдореНрд╣реА рдХрд╛рдп рдЧреЛрдЯреНрдпрд╛ рдЦреЗрд│реВрди рдЗрдердВрд╡рд░ рдЖрд▓реЛ рдирд╛рд╣реА....... 

#INDvPAK
#T20WorldCup",mr
"рдЧреЛрдЯреНрдпрд╛ рдХрдкрд╛рд│рд╛рдд рдЖрд▓реНрдпрд╛ рдЖрд╣реЗ bc ЁЯШ░
#INDvsPAK",mr
"RT @iRavi_Inamdar: рдкрд╛рдХрд┐рд╕реНрддрд╛рдиреА рд╡рд┐рдХреЗрдЯ рдХрд┐рдкрд░ :- out that ЁЯУв

рдлрд┐рд▓реНрдб рдЕрдВрдкрд╛рдпрд░ :- рдЖрдореНрд╣реА рдХрд╛рдп рдЧреЛрдЯреНрдпрд╛ рдЦреЗрд│реВрди рдЗрдердВрд╡рд░ рдЖрд▓реЛ рдирд╛рд╣реА....... 

#INDvPAK
#T20WorldCup",mr
"RT @iRavi_Inamdar: рдкрд╛рдХрд┐рд╕реНрддрд╛рдиреА рд╡рд┐рдХреЗрдЯ рдХрд┐рдкрд░ :- out that ЁЯУв

рдлрд┐рд▓реНрдб рдЕрдВрдкрд╛рдпрд░ :- рдЖрдореНрд╣реА рдХрд╛рдп рдЧреЛрдЯреНрдпрд╛ рдЦреЗрд│реВрди рдЗрдердВрд╡рд░ рдЖрд▓реЛ рдирд╛рд╣реА....... 

#INDvPAK
#T20WorldCup",mr
If we play like this рдорд╛рдЭреНрдпрд╛ рдЧреЛрдЯреНрдпрд╛ рдХрдкрд╛рд│рд╛рд╡рд░ рдпреЗрддреАрд▓,und
"рдкрд╛рдХрд┐рд╕реНрддрд╛рдиреА рд╡рд┐рдХреЗрдЯ рдХрд┐рдкрд░ :- out that ЁЯУв

рдлрд┐рд▓реНрдб рдЕрдВрдкрд╛рдпрд░ :- рдЖрдореНрд╣реА рдХрд╛рдп рдЧреЛрдЯреНрдпрд╛ рдЦреЗрд│реВрди рдЗрдердВрд╡рд░ рдЖрд▓реЛ рдирд╛рд╣реА....... 

#INDvPAK
#T20WorldCup",mr
"@rautsanjay61 @Dwalsepatil @CMOMaharashtra рдЖрддрд╛ рддреЛ рд╡рд╕реБрд▓реАрдЦреЛрд░ рдХреМрди рдЖрд╣реЗ рд╕рдЧрд│реНрдпрд╛рдВрдирд╛ рдорд╛рд╣реАрддреА рдЭрд╛рд▓реЗ...рдЦрд░реЗрдЦрд░ рддреЛ рд╡рд╛рдирдЦреЗрдбреЗ, рддрд┐рдЪрд╛тАж https://t.co/BdiBkeqAFF",mr
"@me_santosh04 @samrohit_rs @AnaghaAcharya рдЕрд░реЗ рддреБрд▓рд╛ рд╡рд╛рдЪрддрд╛ рдпреЗрдд рдирд╛рд╣реА рдХрд╛? 
рддреБ рдЧрдЯрдкреНрд░рдореБрдЦ рдЖрд╣реЗрд╕ рдХреА рдиреБрд╕рддрд╛рдЪ 'рдЧреЛрдЯрд╛' рдЖрд╣реЗрд╕, рдЧреЛрдЯреНрдпрд╛?",mr
@VinodWayal12 рдЙрдХрд│рддреНрдпрд╛ рдкрд╛рдгреНрдпрд╛рдд рдЧреЛрдЯреНрдпрд╛ рднрд┐рдЬрд╡рд╛,mr
"@Mpsc_Andolan @rajeshtope11 @CMOMaharashtra @RRPSpeaks @PrasannJOSHI рдЕрдЬреВрди рдХрд╛рдХрд╛рдВрдЪреНрдпрд╛ рдЧреЛрдЯреНрдпрд╛ рдЦрд╛рдЬрд╡рд╛ рдкрд╛рд░рджрд░реНрд╢рдХ рддрд╛ рд╣рд╡реА рдЕрд╕реЗрд▓ рддрд░.
ЁЯШг",mr
@deepak_dhanaji @rajuparulekar рд╣рд╛ рддреВ рд░рддрд╛рд│реА рдЪреЛрд│рдгрд╛рд▒реНрдпрд╛рддрд▓рд╛ рд╡рд╛рдЯрддреЛ...рджрд╛рджрд╛ рдХреЛрдВрдбрдХреЗ рдореНрд╣рдгрд▓реЗрдЪ рд╣реЛрддреЗ рдЬреЛ рдпрд╛рдВрдЪреНрдпрд╛ рдкрд╛рдпрд╛рд╢реА рдмрд╕рд▓рд╛ рддрд┐тАж https://t.co/HgFcu2BcAi,mr
RT @Kaustubh6480: @BhaiyaPatil рдбрд┐рд▓реАрдЯ рдХрд╛ рдХреЗрд▓рдВ рд░реЗ рдЧреЛрдЯреНрдпрд╛? рдЯрдХреНрдХрд▓ рд╣реЛрдгреНрдпрд╛рдЪреА рднреАрддреА рд╡рд╛рдЯрд▓реА рдХрд╛? https://t.co/mvJdr77m6H,mr
RT @Kaustubh6480: @BhaiyaPatil рдбрд┐рд▓реАрдЯ рдХрд╛ рдХреЗрд▓рдВ рд░реЗ рдЧреЛрдЯреНрдпрд╛? рдЯрдХреНрдХрд▓ рд╣реЛрдгреНрдпрд╛рдЪреА рднреАрддреА рд╡рд╛рдЯрд▓реА рдХрд╛? https://t.co/mvJdr77m6H,mr
@BhaiyaPatil рдбрд┐рд▓реАрдЯ рдХрд╛ рдХреЗрд▓рдВ рд░реЗ рдЧреЛрдЯреНрдпрд╛? рдЯрдХреНрдХрд▓ рд╣реЛрдгреНрдпрд╛рдЪреА рднреАрддреА рд╡рд╛рдЯрд▓реА рдХрд╛? https://t.co/mvJdr77m6H,mr
